--
-- PostgreSQL database dump
--

-- Dumped from database version 9.4.8
-- Dumped by pg_dump version 9.4.0
-- Started on 2017-12-27 18:46:18 PST

SET statement_timeout = 0;
SET lock_timeout = 0;
SET client_encoding = 'UTF8';
SET standard_conforming_strings = on;
SET check_function_bodies = false;
SET client_min_messages = warning;

--
-- TOC entry 232 (class 3079 OID 12123)
-- Name: plpgsql; Type: EXTENSION; Schema: -; Owner: 
--

CREATE EXTENSION IF NOT EXISTS plpgsql WITH SCHEMA pg_catalog;


--
-- TOC entry 2639 (class 0 OID 0)
-- Dependencies: 232
-- Name: EXTENSION plpgsql; Type: COMMENT; Schema: -; Owner: 
--

COMMENT ON EXTENSION plpgsql IS 'PL/pgSQL procedural language';


SET search_path = public, pg_catalog;

SET default_tablespace = '';

SET default_with_oids = false;

--
-- TOC entry 172 (class 1259 OID 116072)
-- Name: fos_user; Type: TABLE; Schema: public; Owner: icweb; Tablespace: 
--

CREATE TABLE fos_user (
    id integer NOT NULL,
    username character varying(180) NOT NULL,
    username_canonical character varying(180) NOT NULL,
    email character varying(180) NOT NULL,
    email_canonical character varying(180) NOT NULL,
    enabled boolean NOT NULL,
    salt character varying(255) DEFAULT NULL::character varying,
    password character varying(255) NOT NULL,
    last_login timestamp(0) without time zone DEFAULT NULL::timestamp without time zone,
    confirmation_token character varying(180) DEFAULT NULL::character varying,
    password_requested_at timestamp(0) without time zone DEFAULT NULL::timestamp without time zone,
    roles text NOT NULL
);


ALTER TABLE fos_user OWNER TO icweb;

--
-- TOC entry 2640 (class 0 OID 0)
-- Dependencies: 172
-- Name: COLUMN fos_user.roles; Type: COMMENT; Schema: public; Owner: icweb
--

COMMENT ON COLUMN fos_user.roles IS '(DC2Type:array)';


--
-- TOC entry 173 (class 1259 OID 116082)
-- Name: usuarios; Type: TABLE; Schema: public; Owner: icweb; Tablespace: 
--

CREATE TABLE usuarios (
    id integer NOT NULL
);


ALTER TABLE usuarios OWNER TO icweb;

--
-- TOC entry 174 (class 1259 OID 116085)
-- Name: fos_user_id_seq; Type: SEQUENCE; Schema: public; Owner: icweb
--

CREATE SEQUENCE fos_user_id_seq
    START WITH 1
    INCREMENT BY 1
    NO MINVALUE
    NO MAXVALUE
    CACHE 1;


ALTER TABLE fos_user_id_seq OWNER TO icweb;

--
-- TOC entry 2641 (class 0 OID 0)
-- Dependencies: 174
-- Name: fos_user_id_seq; Type: SEQUENCE OWNED BY; Schema: public; Owner: icweb
--

ALTER SEQUENCE fos_user_id_seq OWNED BY usuarios.id;


--
-- TOC entry 217 (class 1259 OID 116448)
-- Name: ic_acreditacion; Type: TABLE; Schema: public; Owner: icweb; Tablespace: 
--

CREATE TABLE ic_acreditacion (
    id integer NOT NULL,
    id_fos_perfil integer,
    solicitante character varying(250) NOT NULL,
    nombre_en_acreditacion character varying NOT NULL,
    puesto character varying(250) NOT NULL,
    patrocinador character varying(250) NOT NULL,
    fotografia character varying(250) NOT NULL,
    id_acreditacion_qr integer,
    descripcion text,
    cantidad integer DEFAULT 1 NOT NULL,
    id_acreditacion_tipo integer
);


ALTER TABLE ic_acreditacion OWNER TO icweb;

--
-- TOC entry 216 (class 1259 OID 116446)
-- Name: ic_acreditacion_id_seq; Type: SEQUENCE; Schema: public; Owner: icweb
--

CREATE SEQUENCE ic_acreditacion_id_seq
    START WITH 1
    INCREMENT BY 1
    NO MINVALUE
    NO MAXVALUE
    CACHE 1;


ALTER TABLE ic_acreditacion_id_seq OWNER TO icweb;

--
-- TOC entry 2642 (class 0 OID 0)
-- Dependencies: 216
-- Name: ic_acreditacion_id_seq; Type: SEQUENCE OWNED BY; Schema: public; Owner: icweb
--

ALTER SEQUENCE ic_acreditacion_id_seq OWNED BY ic_acreditacion.id;


--
-- TOC entry 219 (class 1259 OID 116465)
-- Name: ic_acreditacion_qr; Type: TABLE; Schema: public; Owner: icweb; Tablespace: 
--

CREATE TABLE ic_acreditacion_qr (
    id integer NOT NULL,
    codigo character varying(50),
    asignado date,
    bloqueado date,
    estatus boolean DEFAULT false,
    comentario character varying(250),
    id_acreditacion_tipo integer,
    id_acreditacion integer
);


ALTER TABLE ic_acreditacion_qr OWNER TO icweb;

--
-- TOC entry 218 (class 1259 OID 116463)
-- Name: ic_acreditacion_qr_id_seq; Type: SEQUENCE; Schema: public; Owner: icweb
--

CREATE SEQUENCE ic_acreditacion_qr_id_seq
    START WITH 1
    INCREMENT BY 1
    NO MINVALUE
    NO MAXVALUE
    CACHE 1;


ALTER TABLE ic_acreditacion_qr_id_seq OWNER TO icweb;

--
-- TOC entry 2643 (class 0 OID 0)
-- Dependencies: 218
-- Name: ic_acreditacion_qr_id_seq; Type: SEQUENCE OWNED BY; Schema: public; Owner: icweb
--

ALTER SEQUENCE ic_acreditacion_qr_id_seq OWNED BY ic_acreditacion_qr.id;


--
-- TOC entry 221 (class 1259 OID 116487)
-- Name: ic_acreditacion_tipo; Type: TABLE; Schema: public; Owner: icweb; Tablespace: 
--

CREATE TABLE ic_acreditacion_tipo (
    id integer NOT NULL,
    nombre character varying(250)
);


ALTER TABLE ic_acreditacion_tipo OWNER TO icweb;

--
-- TOC entry 220 (class 1259 OID 116485)
-- Name: ic_acreditacion_tipo_id_seq; Type: SEQUENCE; Schema: public; Owner: icweb
--

CREATE SEQUENCE ic_acreditacion_tipo_id_seq
    START WITH 1
    INCREMENT BY 1
    NO MINVALUE
    NO MAXVALUE
    CACHE 1;


ALTER TABLE ic_acreditacion_tipo_id_seq OWNER TO icweb;

--
-- TOC entry 2644 (class 0 OID 0)
-- Dependencies: 220
-- Name: ic_acreditacion_tipo_id_seq; Type: SEQUENCE OWNED BY; Schema: public; Owner: icweb
--

ALTER SEQUENCE ic_acreditacion_tipo_id_seq OWNED BY ic_acreditacion_tipo.id;


--
-- TOC entry 175 (class 1259 OID 116087)
-- Name: ic_area; Type: TABLE; Schema: public; Owner: icweb; Tablespace: 
--

CREATE TABLE ic_area (
    id_area integer NOT NULL,
    nombre character varying(250),
    id_gerencia integer,
    correo character varying(250),
    telefono character varying(15)
);


ALTER TABLE ic_area OWNER TO icweb;

--
-- TOC entry 176 (class 1259 OID 116093)
-- Name: ic_area_id_area_seq; Type: SEQUENCE; Schema: public; Owner: icweb
--

CREATE SEQUENCE ic_area_id_area_seq
    START WITH 1
    INCREMENT BY 1
    NO MINVALUE
    NO MAXVALUE
    CACHE 1;


ALTER TABLE ic_area_id_area_seq OWNER TO icweb;

--
-- TOC entry 2645 (class 0 OID 0)
-- Dependencies: 176
-- Name: ic_area_id_area_seq; Type: SEQUENCE OWNED BY; Schema: public; Owner: icweb
--

ALTER SEQUENCE ic_area_id_area_seq OWNED BY ic_area.id_area;


--
-- TOC entry 177 (class 1259 OID 116095)
-- Name: ic_categoria; Type: TABLE; Schema: public; Owner: icweb; Tablespace: 
--

CREATE TABLE ic_categoria (
    id_categoria integer NOT NULL,
    nombre character varying(250)
);


ALTER TABLE ic_categoria OWNER TO icweb;

--
-- TOC entry 178 (class 1259 OID 116098)
-- Name: ic_categoria_id_categoria_seq; Type: SEQUENCE; Schema: public; Owner: icweb
--

CREATE SEQUENCE ic_categoria_id_categoria_seq
    START WITH 1
    INCREMENT BY 1
    NO MINVALUE
    NO MAXVALUE
    CACHE 1;


ALTER TABLE ic_categoria_id_categoria_seq OWNER TO icweb;

--
-- TOC entry 2646 (class 0 OID 0)
-- Dependencies: 178
-- Name: ic_categoria_id_categoria_seq; Type: SEQUENCE OWNED BY; Schema: public; Owner: icweb
--

ALTER SEQUENCE ic_categoria_id_categoria_seq OWNED BY ic_categoria.id_categoria;


--
-- TOC entry 179 (class 1259 OID 116100)
-- Name: ic_categoria_usuario; Type: TABLE; Schema: public; Owner: icweb; Tablespace: 
--

CREATE TABLE ic_categoria_usuario (
    id_categoria_usuario integer NOT NULL,
    id_categoria integer,
    id_fos_perfil integer
);


ALTER TABLE ic_categoria_usuario OWNER TO icweb;

--
-- TOC entry 180 (class 1259 OID 116103)
-- Name: ic_categoria_usuario_id_categoria_usuario_seq; Type: SEQUENCE; Schema: public; Owner: icweb
--

CREATE SEQUENCE ic_categoria_usuario_id_categoria_usuario_seq
    START WITH 1
    INCREMENT BY 1
    NO MINVALUE
    NO MAXVALUE
    CACHE 1;


ALTER TABLE ic_categoria_usuario_id_categoria_usuario_seq OWNER TO icweb;

--
-- TOC entry 2647 (class 0 OID 0)
-- Dependencies: 180
-- Name: ic_categoria_usuario_id_categoria_usuario_seq; Type: SEQUENCE OWNED BY; Schema: public; Owner: icweb
--

ALTER SEQUENCE ic_categoria_usuario_id_categoria_usuario_seq OWNED BY ic_categoria_usuario.id_categoria_usuario;


--
-- TOC entry 181 (class 1259 OID 116105)
-- Name: ic_centro_trabajo; Type: TABLE; Schema: public; Owner: icweb; Tablespace: 
--

CREATE TABLE ic_centro_trabajo (
    id_centro integer NOT NULL,
    nombre character varying(250),
    direccion character varying(250),
    correo character varying(250),
    telefono character varying(15)
);


ALTER TABLE ic_centro_trabajo OWNER TO icweb;

--
-- TOC entry 182 (class 1259 OID 116111)
-- Name: ic_centro_trabajo_id_centro_seq; Type: SEQUENCE; Schema: public; Owner: icweb
--

CREATE SEQUENCE ic_centro_trabajo_id_centro_seq
    START WITH 1
    INCREMENT BY 1
    NO MINVALUE
    NO MAXVALUE
    CACHE 1;


ALTER TABLE ic_centro_trabajo_id_centro_seq OWNER TO icweb;

--
-- TOC entry 2648 (class 0 OID 0)
-- Dependencies: 182
-- Name: ic_centro_trabajo_id_centro_seq; Type: SEQUENCE OWNED BY; Schema: public; Owner: icweb
--

ALTER SEQUENCE ic_centro_trabajo_id_centro_seq OWNED BY ic_centro_trabajo.id_centro;


--
-- TOC entry 228 (class 1259 OID 116631)
-- Name: ic_comentarios; Type: TABLE; Schema: public; Owner: icweb; Tablespace: 
--

CREATE TABLE ic_comentarios (
    id integer NOT NULL,
    id_usuario integer,
    fecha_creado date,
    mensaje text,
    id_ticket integer,
    imagen character varying(255)
);


ALTER TABLE ic_comentarios OWNER TO icweb;

--
-- TOC entry 229 (class 1259 OID 116649)
-- Name: ic_comentarios_id_seq; Type: SEQUENCE; Schema: public; Owner: icweb
--

CREATE SEQUENCE ic_comentarios_id_seq
    START WITH 1
    INCREMENT BY 1
    NO MINVALUE
    NO MAXVALUE
    CACHE 1;


ALTER TABLE ic_comentarios_id_seq OWNER TO icweb;

--
-- TOC entry 183 (class 1259 OID 116113)
-- Name: ic_compras; Type: TABLE; Schema: public; Owner: icweb; Tablespace: 
--

CREATE TABLE ic_compras (
    id integer NOT NULL,
    id_solicitud_general integer NOT NULL,
    estatus character varying(255) NOT NULL,
    fecha_aprobacion date,
    fecha_modificacion date,
    folio integer
);


ALTER TABLE ic_compras OWNER TO icweb;

--
-- TOC entry 184 (class 1259 OID 116116)
-- Name: ic_compras_id_seq; Type: SEQUENCE; Schema: public; Owner: icweb
--

CREATE SEQUENCE ic_compras_id_seq
    START WITH 1
    INCREMENT BY 1
    NO MINVALUE
    NO MAXVALUE
    CACHE 1;


ALTER TABLE ic_compras_id_seq OWNER TO icweb;

--
-- TOC entry 2649 (class 0 OID 0)
-- Dependencies: 184
-- Name: ic_compras_id_seq; Type: SEQUENCE OWNED BY; Schema: public; Owner: icweb
--

ALTER SEQUENCE ic_compras_id_seq OWNED BY ic_compras.id;


--
-- TOC entry 185 (class 1259 OID 116118)
-- Name: ic_cuentas_de_mayor; Type: TABLE; Schema: public; Owner: icweb; Tablespace: 
--

CREATE TABLE ic_cuentas_de_mayor (
    id integer NOT NULL,
    cuenta_mayor_numero character varying(255),
    cuenta_mayor_nombre character varying(255),
    gestion_posiciones_abiertas character varying(255),
    tipo_moneda_saldo character varying(255),
    periodo_contable character varying(255),
    periodo_contable_1 character varying(255),
    descripcion_sistema_contable character varying(255),
    id_empresa character varying(255),
    tipo_cuenta character varying(255),
    bloqueo_cuenta character varying(255)
);


ALTER TABLE ic_cuentas_de_mayor OWNER TO icweb;

--
-- TOC entry 186 (class 1259 OID 116124)
-- Name: ic_cuentas_de_mayor_id_seq; Type: SEQUENCE; Schema: public; Owner: icweb
--

CREATE SEQUENCE ic_cuentas_de_mayor_id_seq
    START WITH 1
    INCREMENT BY 1
    NO MINVALUE
    NO MAXVALUE
    CACHE 1;


ALTER TABLE ic_cuentas_de_mayor_id_seq OWNER TO icweb;

--
-- TOC entry 2650 (class 0 OID 0)
-- Dependencies: 186
-- Name: ic_cuentas_de_mayor_id_seq; Type: SEQUENCE OWNED BY; Schema: public; Owner: icweb
--

ALTER SEQUENCE ic_cuentas_de_mayor_id_seq OWNED BY ic_cuentas_de_mayor.id;


--
-- TOC entry 187 (class 1259 OID 116126)
-- Name: ic_direccion; Type: TABLE; Schema: public; Owner: icweb; Tablespace: 
--

CREATE TABLE ic_direccion (
    id_direccion integer NOT NULL,
    nombre character varying(250),
    id_centro integer
);


ALTER TABLE ic_direccion OWNER TO icweb;

--
-- TOC entry 188 (class 1259 OID 116129)
-- Name: ic_direccion_id_direccion_seq; Type: SEQUENCE; Schema: public; Owner: icweb
--

CREATE SEQUENCE ic_direccion_id_direccion_seq
    START WITH 1
    INCREMENT BY 1
    NO MINVALUE
    NO MAXVALUE
    CACHE 1;


ALTER TABLE ic_direccion_id_direccion_seq OWNER TO icweb;

--
-- TOC entry 2651 (class 0 OID 0)
-- Dependencies: 188
-- Name: ic_direccion_id_direccion_seq; Type: SEQUENCE OWNED BY; Schema: public; Owner: icweb
--

ALTER SEQUENCE ic_direccion_id_direccion_seq OWNED BY ic_direccion.id_direccion;


--
-- TOC entry 189 (class 1259 OID 116131)
-- Name: ic_documento_compras; Type: TABLE; Schema: public; Owner: icweb; Tablespace: 
--

CREATE TABLE ic_documento_compras (
    id integer NOT NULL,
    id_solicitud_general integer NOT NULL,
    fecha date,
    nombre character varying(255) NOT NULL
);


ALTER TABLE ic_documento_compras OWNER TO icweb;

--
-- TOC entry 190 (class 1259 OID 116134)
-- Name: ic_documento_compras_id_seq; Type: SEQUENCE; Schema: public; Owner: icweb
--

CREATE SEQUENCE ic_documento_compras_id_seq
    START WITH 1
    INCREMENT BY 1
    NO MINVALUE
    NO MAXVALUE
    CACHE 1;


ALTER TABLE ic_documento_compras_id_seq OWNER TO icweb;

--
-- TOC entry 2652 (class 0 OID 0)
-- Dependencies: 190
-- Name: ic_documento_compras_id_seq; Type: SEQUENCE OWNED BY; Schema: public; Owner: icweb
--

ALTER SEQUENCE ic_documento_compras_id_seq OWNED BY ic_documento_compras.id;


--
-- TOC entry 191 (class 1259 OID 116136)
-- Name: ic_estatus_solicitud; Type: TABLE; Schema: public; Owner: icweb; Tablespace: 
--

CREATE TABLE ic_estatus_solicitud (
    id integer NOT NULL,
    id_solicitud_general integer NOT NULL,
    id_usuario integer NOT NULL,
    estatus character varying(255),
    fecha_solicitud date,
    fecha_modificacion date,
    folio character varying(255)
);


ALTER TABLE ic_estatus_solicitud OWNER TO icweb;

--
-- TOC entry 192 (class 1259 OID 116142)
-- Name: ic_estatus_solicitud_id_seq; Type: SEQUENCE; Schema: public; Owner: icweb
--

CREATE SEQUENCE ic_estatus_solicitud_id_seq
    START WITH 1
    INCREMENT BY 1
    NO MINVALUE
    NO MAXVALUE
    CACHE 1;


ALTER TABLE ic_estatus_solicitud_id_seq OWNER TO icweb;

--
-- TOC entry 2653 (class 0 OID 0)
-- Dependencies: 192
-- Name: ic_estatus_solicitud_id_seq; Type: SEQUENCE OWNED BY; Schema: public; Owner: icweb
--

ALTER SEQUENCE ic_estatus_solicitud_id_seq OWNED BY ic_estatus_solicitud.id;


--
-- TOC entry 222 (class 1259 OID 116587)
-- Name: ic_estatus_ticket; Type: TABLE; Schema: public; Owner: icweb; Tablespace: 
--

CREATE TABLE ic_estatus_ticket (
    id integer NOT NULL,
    nombre character varying(255)
);


ALTER TABLE ic_estatus_ticket OWNER TO icweb;

--
-- TOC entry 223 (class 1259 OID 116592)
-- Name: ic_estatus_ticket_id_seq; Type: SEQUENCE; Schema: public; Owner: icweb
--

CREATE SEQUENCE ic_estatus_ticket_id_seq
    START WITH 1
    INCREMENT BY 1
    NO MINVALUE
    NO MAXVALUE
    CACHE 1;


ALTER TABLE ic_estatus_ticket_id_seq OWNER TO icweb;

--
-- TOC entry 193 (class 1259 OID 116144)
-- Name: ic_fos_perfil; Type: TABLE; Schema: public; Owner: icweb; Tablespace: 
--

CREATE TABLE ic_fos_perfil (
    id_perfil integer NOT NULL,
    nombre character varying(250),
    apellido character varying(250),
    telefono character varying(15),
    id_centro integer,
    id_direccion integer,
    id_gerencia integer,
    id_area integer,
    id_puesto integer,
    id_fos integer NOT NULL,
    firma character varying(250)
);


ALTER TABLE ic_fos_perfil OWNER TO icweb;

--
-- TOC entry 194 (class 1259 OID 116150)
-- Name: ic_fos_perfil_id_perfil_seq; Type: SEQUENCE; Schema: public; Owner: icweb
--

CREATE SEQUENCE ic_fos_perfil_id_perfil_seq
    START WITH 1
    INCREMENT BY 1
    NO MINVALUE
    NO MAXVALUE
    CACHE 1;


ALTER TABLE ic_fos_perfil_id_perfil_seq OWNER TO icweb;

--
-- TOC entry 195 (class 1259 OID 116152)
-- Name: ic_gerencia; Type: TABLE; Schema: public; Owner: icweb; Tablespace: 
--

CREATE TABLE ic_gerencia (
    id_gerencia integer NOT NULL,
    nombre character varying(250),
    id_direccion integer
);


ALTER TABLE ic_gerencia OWNER TO icweb;

--
-- TOC entry 196 (class 1259 OID 116155)
-- Name: ic_gerencia_id_gerencia_seq; Type: SEQUENCE; Schema: public; Owner: icweb
--

CREATE SEQUENCE ic_gerencia_id_gerencia_seq
    START WITH 1
    INCREMENT BY 1
    NO MINVALUE
    NO MAXVALUE
    CACHE 1;


ALTER TABLE ic_gerencia_id_gerencia_seq OWNER TO icweb;

--
-- TOC entry 2654 (class 0 OID 0)
-- Dependencies: 196
-- Name: ic_gerencia_id_gerencia_seq; Type: SEQUENCE OWNED BY; Schema: public; Owner: icweb
--

ALTER SEQUENCE ic_gerencia_id_gerencia_seq OWNED BY ic_gerencia.id_gerencia;


--
-- TOC entry 230 (class 1259 OID 116651)
-- Name: ic_historial_ticket; Type: TABLE; Schema: public; Owner: icweb; Tablespace: 
--

CREATE TABLE ic_historial_ticket (
    id integer NOT NULL,
    id_ticket integer,
    fecha_modificacion date,
    nuevo_estatus character varying(255)
);


ALTER TABLE ic_historial_ticket OWNER TO icweb;

--
-- TOC entry 231 (class 1259 OID 116661)
-- Name: ic_historial_ticket_id_seq; Type: SEQUENCE; Schema: public; Owner: icweb
--

CREATE SEQUENCE ic_historial_ticket_id_seq
    START WITH 1
    INCREMENT BY 1
    NO MINVALUE
    NO MAXVALUE
    CACHE 1;


ALTER TABLE ic_historial_ticket_id_seq OWNER TO icweb;

--
-- TOC entry 197 (class 1259 OID 116157)
-- Name: ic_mensajes; Type: TABLE; Schema: public; Owner: icweb; Tablespace: 
--

CREATE TABLE ic_mensajes (
    id integer NOT NULL,
    asunto character varying(255) NOT NULL,
    id_fos_remitente integer,
    id_fos_destinatario integer,
    fecha_envio date
);


ALTER TABLE ic_mensajes OWNER TO icweb;

--
-- TOC entry 198 (class 1259 OID 116160)
-- Name: ic_mensajes_id_seq; Type: SEQUENCE; Schema: public; Owner: icweb
--

CREATE SEQUENCE ic_mensajes_id_seq
    START WITH 1
    INCREMENT BY 1
    NO MINVALUE
    NO MAXVALUE
    CACHE 1;


ALTER TABLE ic_mensajes_id_seq OWNER TO icweb;

--
-- TOC entry 2655 (class 0 OID 0)
-- Dependencies: 198
-- Name: ic_mensajes_id_seq; Type: SEQUENCE OWNED BY; Schema: public; Owner: icweb
--

ALTER SEQUENCE ic_mensajes_id_seq OWNED BY ic_mensajes.id;


--
-- TOC entry 199 (class 1259 OID 116162)
-- Name: ic_puesto; Type: TABLE; Schema: public; Owner: icweb; Tablespace: 
--

CREATE TABLE ic_puesto (
    id_puesto integer NOT NULL,
    nombre character varying(250)
);


ALTER TABLE ic_puesto OWNER TO icweb;

--
-- TOC entry 200 (class 1259 OID 116165)
-- Name: ic_puesto_id_puesto_seq; Type: SEQUENCE; Schema: public; Owner: icweb
--

CREATE SEQUENCE ic_puesto_id_puesto_seq
    START WITH 1
    INCREMENT BY 1
    NO MINVALUE
    NO MAXVALUE
    CACHE 1;


ALTER TABLE ic_puesto_id_puesto_seq OWNER TO icweb;

--
-- TOC entry 2656 (class 0 OID 0)
-- Dependencies: 200
-- Name: ic_puesto_id_puesto_seq; Type: SEQUENCE OWNED BY; Schema: public; Owner: icweb
--

ALTER SEQUENCE ic_puesto_id_puesto_seq OWNED BY ic_puesto.id_puesto;


--
-- TOC entry 201 (class 1259 OID 116167)
-- Name: ic_solicitud_id_seq; Type: SEQUENCE; Schema: public; Owner: icweb
--

CREATE SEQUENCE ic_solicitud_id_seq
    START WITH 1
    INCREMENT BY 1
    NO MINVALUE
    NO MAXVALUE
    CACHE 1;


ALTER TABLE ic_solicitud_id_seq OWNER TO icweb;

--
-- TOC entry 202 (class 1259 OID 116169)
-- Name: ic_solicitud; Type: TABLE; Schema: public; Owner: icweb; Tablespace: 
--

CREATE TABLE ic_solicitud (
    id integer DEFAULT nextval('ic_solicitud_id_seq'::regclass) NOT NULL,
    tipo_solicitud character varying(255)
);


ALTER TABLE ic_solicitud OWNER TO icweb;

--
-- TOC entry 203 (class 1259 OID 116173)
-- Name: ic_solicitud_anticipo_id_seq; Type: SEQUENCE; Schema: public; Owner: icweb
--

CREATE SEQUENCE ic_solicitud_anticipo_id_seq
    START WITH 1
    INCREMENT BY 1
    NO MINVALUE
    NO MAXVALUE
    CACHE 1;


ALTER TABLE ic_solicitud_anticipo_id_seq OWNER TO icweb;

--
-- TOC entry 204 (class 1259 OID 116175)
-- Name: ic_solicitud_anticipo; Type: TABLE; Schema: public; Owner: icweb; Tablespace: 
--

CREATE TABLE ic_solicitud_anticipo (
    id integer DEFAULT nextval('ic_solicitud_anticipo_id_seq'::regclass) NOT NULL,
    id_solicitud_general integer,
    destino_de_viaje character varying(255),
    fecha_desde date,
    fecha_hasta date,
    motivo_de_viaje text,
    importe_anticipo character varying(255),
    folio character varying(255),
    id_usuario integer,
    estatus integer,
    id_solicitud integer
);


ALTER TABLE ic_solicitud_anticipo OWNER TO icweb;

--
-- TOC entry 205 (class 1259 OID 116182)
-- Name: ic_solicitud_general_id_seq; Type: SEQUENCE; Schema: public; Owner: icweb
--

CREATE SEQUENCE ic_solicitud_general_id_seq
    START WITH 1
    INCREMENT BY 1
    NO MINVALUE
    NO MAXVALUE
    CACHE 1;


ALTER TABLE ic_solicitud_general_id_seq OWNER TO icweb;

--
-- TOC entry 206 (class 1259 OID 116184)
-- Name: ic_solicitud_general; Type: TABLE; Schema: public; Owner: icweb; Tablespace: 
--

CREATE TABLE ic_solicitud_general (
    id integer DEFAULT nextval('ic_solicitud_general_id_seq'::regclass) NOT NULL,
    id_solicitud integer,
    fecha_solicitud character varying(255),
    id_centro_trabajo integer,
    id_usuario integer,
    numero_empleado character varying(255),
    firma_usuario character varying(255),
    firma_autorizacion character varying(255),
    metodo_pago character varying(255),
    numero_tarjeta character varying(255),
    cuenta_contable character varying(255),
    tipo_moneda character varying(255),
    estatus_solicitud integer
);


ALTER TABLE ic_solicitud_general OWNER TO icweb;

--
-- TOC entry 207 (class 1259 OID 116191)
-- Name: ic_solicitud_reembolso_comprobacion_id_seq; Type: SEQUENCE; Schema: public; Owner: icweb
--

CREATE SEQUENCE ic_solicitud_reembolso_comprobacion_id_seq
    START WITH 1
    INCREMENT BY 1
    NO MINVALUE
    NO MAXVALUE
    CACHE 1;


ALTER TABLE ic_solicitud_reembolso_comprobacion_id_seq OWNER TO icweb;

--
-- TOC entry 208 (class 1259 OID 116193)
-- Name: ic_solicitud_reembolso_comprobacion; Type: TABLE; Schema: public; Owner: icweb; Tablespace: 
--

CREATE TABLE ic_solicitud_reembolso_comprobacion (
    id integer DEFAULT nextval('ic_solicitud_reembolso_comprobacion_id_seq'::regclass) NOT NULL,
    id_solicitud_general integer,
    observaciones text,
    cuenta character varying(255),
    concepto character varying(255),
    importe character varying(255),
    iva character varying(255),
    total character varying(255),
    folio character varying(255),
    id_usuario integer,
    id_solicitud integer
);


ALTER TABLE ic_solicitud_reembolso_comprobacion OWNER TO icweb;

--
-- TOC entry 209 (class 1259 OID 116200)
-- Name: ic_solicitud_requisicion_id_seq; Type: SEQUENCE; Schema: public; Owner: icweb
--

CREATE SEQUENCE ic_solicitud_requisicion_id_seq
    START WITH 1
    INCREMENT BY 1
    NO MINVALUE
    NO MAXVALUE
    CACHE 1;


ALTER TABLE ic_solicitud_requisicion_id_seq OWNER TO icweb;

--
-- TOC entry 210 (class 1259 OID 116202)
-- Name: ic_solicitud_requisicion; Type: TABLE; Schema: public; Owner: icweb; Tablespace: 
--

CREATE TABLE ic_solicitud_requisicion (
    id integer DEFAULT nextval('ic_solicitud_requisicion_id_seq'::regclass) NOT NULL,
    id_solicitud_general integer,
    fecha_entrega date,
    status boolean,
    observaciones text,
    descripcion character varying(255),
    codigo_sku character varying(255),
    cantidad character varying(255),
    id_usuario integer,
    folio character varying(255),
    id_solicitud integer
);


ALTER TABLE ic_solicitud_requisicion OWNER TO icweb;

--
-- TOC entry 211 (class 1259 OID 116209)
-- Name: ic_subcategoria; Type: TABLE; Schema: public; Owner: icweb; Tablespace: 
--

CREATE TABLE ic_subcategoria (
    id_subcategoria integer NOT NULL,
    nombre character varying(250),
    id_categoria integer
);


ALTER TABLE ic_subcategoria OWNER TO icweb;

--
-- TOC entry 212 (class 1259 OID 116212)
-- Name: ic_subcategoria_id_subcategoria_seq; Type: SEQUENCE; Schema: public; Owner: icweb
--

CREATE SEQUENCE ic_subcategoria_id_subcategoria_seq
    START WITH 1
    INCREMENT BY 1
    NO MINVALUE
    NO MAXVALUE
    CACHE 1;


ALTER TABLE ic_subcategoria_id_subcategoria_seq OWNER TO icweb;

--
-- TOC entry 2657 (class 0 OID 0)
-- Dependencies: 212
-- Name: ic_subcategoria_id_subcategoria_seq; Type: SEQUENCE OWNED BY; Schema: public; Owner: icweb
--

ALTER SEQUENCE ic_subcategoria_id_subcategoria_seq OWNED BY ic_subcategoria.id_subcategoria;


--
-- TOC entry 213 (class 1259 OID 116214)
-- Name: ic_subcategoria_usuario; Type: TABLE; Schema: public; Owner: icweb; Tablespace: 
--

CREATE TABLE ic_subcategoria_usuario (
    id_subcategoria_usuario integer NOT NULL,
    id_fos_perfil integer,
    id_subcategoria integer
);


ALTER TABLE ic_subcategoria_usuario OWNER TO icweb;

--
-- TOC entry 214 (class 1259 OID 116217)
-- Name: ic_subcategoria_usuario_id_subcategoria_usuario_seq; Type: SEQUENCE; Schema: public; Owner: icweb
--

CREATE SEQUENCE ic_subcategoria_usuario_id_subcategoria_usuario_seq
    START WITH 1
    INCREMENT BY 1
    NO MINVALUE
    NO MAXVALUE
    CACHE 1;


ALTER TABLE ic_subcategoria_usuario_id_subcategoria_usuario_seq OWNER TO icweb;

--
-- TOC entry 2658 (class 0 OID 0)
-- Dependencies: 214
-- Name: ic_subcategoria_usuario_id_subcategoria_usuario_seq; Type: SEQUENCE OWNED BY; Schema: public; Owner: icweb
--

ALTER SEQUENCE ic_subcategoria_usuario_id_subcategoria_usuario_seq OWNED BY ic_subcategoria_usuario.id_subcategoria_usuario;


--
-- TOC entry 224 (class 1259 OID 116594)
-- Name: ic_ticket; Type: TABLE; Schema: public; Owner: icweb; Tablespace: 
--

CREATE TABLE ic_ticket (
    id integer NOT NULL,
    fecha_creado date,
    descripcion_problema text,
    imagen character varying(255),
    fecha_finalizado date,
    id_estatus integer,
    id_usuario_solicitante integer,
    titulo character varying(250)
);


ALTER TABLE ic_ticket OWNER TO icweb;

--
-- TOC entry 226 (class 1259 OID 116614)
-- Name: ic_ticket_asignado; Type: TABLE; Schema: public; Owner: icweb; Tablespace: 
--

CREATE TABLE ic_ticket_asignado (
    id integer NOT NULL,
    id_ticket integer,
    id_usuario_asignado integer,
    fecha_asignado date
);


ALTER TABLE ic_ticket_asignado OWNER TO icweb;

--
-- TOC entry 227 (class 1259 OID 116629)
-- Name: ic_ticket_asignado_id_seq; Type: SEQUENCE; Schema: public; Owner: icweb
--

CREATE SEQUENCE ic_ticket_asignado_id_seq
    START WITH 1
    INCREMENT BY 1
    NO MINVALUE
    NO MAXVALUE
    CACHE 1;


ALTER TABLE ic_ticket_asignado_id_seq OWNER TO icweb;

--
-- TOC entry 225 (class 1259 OID 116612)
-- Name: ic_ticket_id_seq; Type: SEQUENCE; Schema: public; Owner: icweb
--

CREATE SEQUENCE ic_ticket_id_seq
    START WITH 1
    INCREMENT BY 1
    NO MINVALUE
    NO MAXVALUE
    CACHE 1;


ALTER TABLE ic_ticket_id_seq OWNER TO icweb;

--
-- TOC entry 215 (class 1259 OID 116219)
-- Name: ic_usuario_id_usuario_seq; Type: SEQUENCE; Schema: public; Owner: icweb
--

CREATE SEQUENCE ic_usuario_id_usuario_seq
    START WITH 1
    INCREMENT BY 1
    NO MINVALUE
    NO MAXVALUE
    CACHE 1;


ALTER TABLE ic_usuario_id_usuario_seq OWNER TO icweb;

--
-- TOC entry 2659 (class 0 OID 0)
-- Dependencies: 215
-- Name: ic_usuario_id_usuario_seq; Type: SEQUENCE OWNED BY; Schema: public; Owner: icweb
--

ALTER SEQUENCE ic_usuario_id_usuario_seq OWNED BY ic_fos_perfil.id_perfil;


--
-- TOC entry 2349 (class 2604 OID 116451)
-- Name: id; Type: DEFAULT; Schema: public; Owner: icweb
--

ALTER TABLE ONLY ic_acreditacion ALTER COLUMN id SET DEFAULT nextval('ic_acreditacion_id_seq'::regclass);


--
-- TOC entry 2351 (class 2604 OID 116468)
-- Name: id; Type: DEFAULT; Schema: public; Owner: icweb
--

ALTER TABLE ONLY ic_acreditacion_qr ALTER COLUMN id SET DEFAULT nextval('ic_acreditacion_qr_id_seq'::regclass);


--
-- TOC entry 2353 (class 2604 OID 116490)
-- Name: id; Type: DEFAULT; Schema: public; Owner: icweb
--

ALTER TABLE ONLY ic_acreditacion_tipo ALTER COLUMN id SET DEFAULT nextval('ic_acreditacion_tipo_id_seq'::regclass);


--
-- TOC entry 2339 (class 2604 OID 116221)
-- Name: id; Type: DEFAULT; Schema: public; Owner: icweb
--

ALTER TABLE ONLY ic_compras ALTER COLUMN id SET DEFAULT nextval('ic_compras_id_seq'::regclass);


--
-- TOC entry 2340 (class 2604 OID 116222)
-- Name: id; Type: DEFAULT; Schema: public; Owner: icweb
--

ALTER TABLE ONLY ic_cuentas_de_mayor ALTER COLUMN id SET DEFAULT nextval('ic_cuentas_de_mayor_id_seq'::regclass);


--
-- TOC entry 2341 (class 2604 OID 116223)
-- Name: id; Type: DEFAULT; Schema: public; Owner: icweb
--

ALTER TABLE ONLY ic_documento_compras ALTER COLUMN id SET DEFAULT nextval('ic_documento_compras_id_seq'::regclass);


--
-- TOC entry 2342 (class 2604 OID 116224)
-- Name: id; Type: DEFAULT; Schema: public; Owner: icweb
--

ALTER TABLE ONLY ic_estatus_solicitud ALTER COLUMN id SET DEFAULT nextval('ic_estatus_solicitud_id_seq'::regclass);


--
-- TOC entry 2343 (class 2604 OID 116225)
-- Name: id; Type: DEFAULT; Schema: public; Owner: icweb
--

ALTER TABLE ONLY ic_mensajes ALTER COLUMN id SET DEFAULT nextval('ic_mensajes_id_seq'::regclass);


--
-- TOC entry 2338 (class 2604 OID 116226)
-- Name: id; Type: DEFAULT; Schema: public; Owner: icweb
--

ALTER TABLE ONLY usuarios ALTER COLUMN id SET DEFAULT nextval('fos_user_id_seq'::regclass);


--
-- TOC entry 2572 (class 0 OID 116072)
-- Dependencies: 172
-- Data for Name: fos_user; Type: TABLE DATA; Schema: public; Owner: icweb
--

COPY fos_user (id, username, username_canonical, email, email_canonical, enabled, salt, password, last_login, confirmation_token, password_requested_at, roles) FROM stdin;
8	osmar	osmar	osmar@xolos.com	osmar@xolos.com	t	\N	$2y$13$yOoFa0RDXAuRoa.Aq7v3F.2.1W.aIAYkiWcobpIe706swLfFg9XUO	\N	\N	\N	a:1:{i:0;s:14:"ROLE_FOTOGRAFO";}
5	admin3	admin3	admin@xolos.mx	admin@xolos.mx	t	\N	$2y$13$.825BKabtgby3j3QF1CaC.zY5m/WlMhQToUX3Ad62SwT6YNMenKra	2017-10-11 13:56:03	\N	\N	a:0:{}
6	admin5	admin5	ad@xolos.com	ad@xolos.com	t	\N	$2y$13$4HItLUEwOmSG5yX0/ExF8.gBa0srrEWqE22Z.0UiiwLoA0z5NudU6	2017-10-11 16:58:35	\N	\N	a:0:{}
2	zuly	zuly	zuly@xolos.com.mx	zuly@xolos.com.mx	t	\N	$2y$13$n4fZlYUtTTYlTrbTm.uQ0.LLTRg9MxXCarXLSQz.p5ve5d1qshi2.	2017-10-03 16:52:57	\N	\N	a:0:{}
1	ashly	ashly	ashly.bouchain@xolos.com	ashly.bouchain@xolos.com	t	\N	$2y$13$sIKshLxessj3QsatJolWeusPf22s/yR9TMb8ND4XaYNMy9pFe0EGG	2017-10-05 11:33:37	\N	\N	a:1:{i:0;s:10:"ROLE_ADMIN";}
7	master	master	master@medios.com	master@medios.com	t	\N	$2y$13$2oRNcsqr2R0iWLjpprC28.nu9N7ln4A4GJIoNtFNsa9EfPIIyA2me	2017-10-24 10:58:16	\N	\N	a:0:{}
3	admin	admin	admin@xolos.com	admin@xolos.com	t	\N	$2y$13$Z4pD/eUATj6yD9jhbA5YguFyGC6IMmYDNehI/EHFMOm7BAhlwgOfq	2017-11-16 11:51:54	\N	\N	a:1:{i:0;s:10:"ADMIN_ROLE";}
11	martin	martin	martin.ibarra@xolos.com.mx	martin.ibarra@xolos.com.mx	t	\N	$2y$13$JKzTRaLXtkzaISNXMF7rze92dwoNXQ89k18yOzuLpHsZX091.oNP6	2017-12-19 15:38:37	\N	\N	a:1:{i:0;s:15:"ROLE_CORDINADOR";}
10	zulley	zulley	zuleyma.estrada@xolos.com.mx	zuleyma.estrada2@xolos.com.mx	t	\N	$2y$13$0lOSd2JPBaXT.x3g2lH.bOHSsmxwheU8eRu36iStQbMDQUmwUfA5W	2017-11-17 16:18:04	\N	\N	a:1:{i:0;s:14:"ROLE_DIRECTIVO";}
12	jeronimo	vera	mic@xolos.com.mx	mic@xolos.com.mx	t	\N	$2y$13$3fhdEJT7LY7CqBeQpCkLb.1louk.4rROuqtlPk.3S4AwmBG1nAqFW	2017-11-15 16:30:27	\N	\N	a:1:{i:0;s:12:"ROLE_USUARIO";}
9	paulina2	2	paulina.garcia2@xolos.com.mx	paulina.garcia2@xolos.com.mx	t	\N	$2y$13$h0uZ.MgX923wGCCj8XCwEexBIW.4cHJ41OBjiv/yJ9.BR1wk5RGCO	2017-11-17 13:52:13	\N	\N	a:1:{i:0;s:12:"ROLE_GERENTE";}
13	paulina	garcia	paulina.garcia@xolos.com.mx	paulina.garcia@xolos.com.mx	t	\N	$2y$13$Q/RTPkaTwgV.AN0NPrX6sehzGCRY854riNi9NA.jK.TWl6DOB9jW2	2017-11-28 15:19:10	\N	\N	a:1:{i:0;s:12:"ROLE_USUARIO";}
\.


--
-- TOC entry 2660 (class 0 OID 0)
-- Dependencies: 174
-- Name: fos_user_id_seq; Type: SEQUENCE SET; Schema: public; Owner: icweb
--

SELECT pg_catalog.setval('fos_user_id_seq', 13, true);


--
-- TOC entry 2617 (class 0 OID 116448)
-- Dependencies: 217
-- Data for Name: ic_acreditacion; Type: TABLE DATA; Schema: public; Owner: icweb
--

COPY ic_acreditacion (id, id_fos_perfil, solicitante, nombre_en_acreditacion, puesto, patrocinador, fotografia, id_acreditacion_qr, descripcion, cantidad, id_acreditacion_tipo) FROM stdin;
25	3	ad	d	d	d	d	\N	2	1	1
26	10	Martin	Ibarra	d	d	dad	\N	adsfsdf	1	1
33	11	1	1	1	1	1	\N	1	1	1
35	11	3	3	3	3	3	\N	3	100	1
36	11	2	2	2	2	2	\N	2	100	2
37	11	3	3	3	3	3	\N	3	100	3
38	11	3	3	3	3	3	\N	3	100	4
39	11	3	3	3	3	3	\N	3	310	5
40	11	d	e	d	d	d	\N	d	100	6
41	11	d	dd	d	d	d	\N	ad	100	7
42	11	d	dk	d	d	d	\N	d	100	8
44	3	Martin	Ibarra	Coordinador de TI	Club Tijuana	15660836365a25b9e582f28.png	\N	Se subio la imagen Dutch , autorizado por Martin , tipo Acreditacion	1	1
43	11	Martin	Martin Ibarra C.	Coordinador de TI	Club Tijuana	fotografia-base.png	\N	Se subio la imagen Dutch , autorizado por Martin , tipo Acreditacion	1	1
\.


--
-- TOC entry 2661 (class 0 OID 0)
-- Dependencies: 216
-- Name: ic_acreditacion_id_seq; Type: SEQUENCE SET; Schema: public; Owner: icweb
--

SELECT pg_catalog.setval('ic_acreditacion_id_seq', 44, true);


--
-- TOC entry 2619 (class 0 OID 116465)
-- Dependencies: 219
-- Data for Name: ic_acreditacion_qr; Type: TABLE DATA; Schema: public; Owner: icweb
--

COPY ic_acreditacion_qr (id, codigo, asignado, bloqueado, estatus, comentario, id_acreditacion_tipo, id_acreditacion) FROM stdin;
16438	EXCNZ2pAAlZV4OgF	2017-12-04	\N	t	Se asigno el codigo 	1	43
16439	EXCNZ2pAAlZV4KQD	2017-12-04	\N	t	Se asigno el codigo 	1	44
18540	EXCNZ2pAAlZZdrz4	\N	\N	f	 	6	\N
16440	EXCNZ2pAAlZV4Hg9	\N	\N	f	 	1	\N
16441	EXCNZ2pAAlZV4CgC	\N	\N	f	 	1	\N
16442	EXCNZ2pAAlZV3-wD	\N	\N	f	 	1	\N
16443	EXCNZ2pAAlZV36wC	\N	\N	f	 	1	\N
16444	EXCNZ2pAAlZV32gE	\N	\N	f	 	1	\N
16445	EXCNZ2pAAlZV3ygF	\N	\N	f	 	1	\N
16446	EXCNZ2pAAlZV3vgC	\N	\N	f	 	1	\N
16447	EXCNZ2pAAlZV3qg9	\N	\N	f	 	1	\N
16448	EXCNZ2pAAlZV3mQ9	\N	\N	f	 	1	\N
17522	EXCNZ2pAAlZV5OgE	\N	\N	f	 	1	\N
17523	EXCNZ2pAAlZV5KQC	\N	\N	f	 	1	\N
17524	EXCNZ2pAAlZV5HAA	\N	\N	f	 	1	\N
17525	EXCNZ2pAAlZV5CgD	\N	\N	f	 	1	\N
18552	EXCNZ2pAAlZZc7z1	\N	\N	f	 	6	\N
21294	EXCNZ2pAAlZZ6PQ9	\N	\N	f	 	3	\N
21295	EXCNZ2pAAlZZ6KwE	\N	\N	f	 	3	\N
21296	EXCNZ2pAAlZZ6Hg8	\N	\N	f	 	3	\N
21297	EXCNZ2pAAlZZ6DQA	\N	\N	f	 	3	\N
21298	EXCNZ2pAAlZZ5-g1	\N	\N	f	 	3	\N
21299	EXCNZ2pAAlZZ57g4	\N	\N	f	 	3	\N
21300	EXCNZ2pAAlZZ52g3	\N	\N	f	 	3	\N
21301	EXCNZ2pAAlZZ5zw7	\N	\N	f	 	3	\N
21302	EXCNZ2pAAlZZ5vA3	\N	\N	f	 	3	\N
21303	EXCNZ2pAAlZZ5rQ3	\N	\N	f	 	3	\N
21304	EXCNZ2pAAlZZ5nw2	\N	\N	f	 	3	\N
21305	EXCNZ2pAAlZZ5jQ1	\N	\N	f	 	3	\N
21306	EXCNZ2pAAlZZ5fgD	\N	\N	f	 	3	\N
21307	EXCNZ2pAAlZZ5bAE	\N	\N	f	 	3	\N
21308	EXCNZ2pAAlZZ5XAD	\N	\N	f	 	3	\N
21309	EXCNZ2pAAlZZ5TwF	\N	\N	f	 	3	\N
21310	EXCNZ2pAAlZZ5Pg9	\N	\N	f	 	3	\N
21311	EXCNZ2pAAlZZ5KwD	\N	\N	f	 	3	\N
21312	EXCNZ2pAAlZZ5GQC	\N	\N	f	 	3	\N
21313	EXCNZ2pAAlZZ5CQD	\N	\N	f	 	3	\N
21314	EXCNZ2pAAlZZ4_w5	\N	\N	f	 	3	\N
21315	EXCNZ2pAAlZZ46w0	\N	\N	f	 	3	\N
21316	EXCNZ2pAAlZZ43A4	\N	\N	f	 	3	\N
21317	EXCNZ2pAAlZZ4zw6	\N	\N	f	 	3	\N
21318	EXCNZ2pAAlZZ4vQ3	\N	\N	f	 	3	\N
21319	EXCNZ2pAAlZZ4qQ6	\N	\N	f	 	3	\N
21320	EXCNZ2pAAlZZ4mg6	\N	\N	f	 	3	\N
21321	EXCNZ2pAAlZZ4iw6	\N	\N	f	 	3	\N
21322	EXCNZ2pAAlZZ4fgC	\N	\N	f	 	3	\N
21323	EXCNZ2pAAlZZ4aQA	\N	\N	f	 	3	\N
21324	EXCNZ2pAAlZZ4XwF	\N	\N	f	 	3	\N
21325	EXCNZ2pAAlZZ4TgF	\N	\N	f	 	3	\N
21326	EXCNZ2pAAlZZ4PAA	\N	\N	f	 	3	\N
21327	EXCNZ2pAAlZZ4KwC	\N	\N	f	 	3	\N
21328	EXCNZ2pAAlZZ4HQ9	\N	\N	f	 	3	\N
21329	EXCNZ2pAAlZZ4CgF	\N	\N	f	 	3	\N
21330	EXCNZ2pAAlZZ3_gB	\N	\N	f	 	3	\N
21331	EXCNZ2pAAlZZ37A8	\N	\N	f	 	3	\N
21332	EXCNZ2pAAlZZ32QE	\N	\N	f	 	3	\N
21333	EXCNZ2pAAlZZ3zQB	\N	\N	f	 	3	\N
21334	EXCNZ2pAAlZZ3vAD	\N	\N	f	 	3	\N
21335	EXCNZ2pAAlZZ3rgE	\N	\N	f	 	3	\N
21336	EXCNZ2pAAlZZ3mw8	\N	\N	f	 	3	\N
21337	EXCNZ2pAAlZZ3jAE	\N	\N	f	 	3	\N
21338	EXCNZ2pAAlZZ3eQ4	\N	\N	f	 	3	\N
21339	EXCNZ2pAAlZZ3bg2	\N	\N	f	 	3	\N
21340	EXCNZ2pAAlZZ3XA3	\N	\N	f	 	3	\N
21341	EXCNZ2pAAlZZ3Tg0	\N	\N	f	 	3	\N
21342	EXCNZ2pAAlZZ3OQ0	\N	\N	f	 	3	\N
21343	EXCNZ2pAAlZZ3Lg6	\N	\N	f	 	3	\N
21344	EXCNZ2pAAlZZ3HA7	\N	\N	f	 	3	\N
21345	EXCNZ2pAAlZZ3Cg0	\N	\N	f	 	3	\N
21346	EXCNZ2pAAlZZ2_wB	\N	\N	f	 	3	\N
21347	EXCNZ2pAAlZZ27gB	\N	\N	f	 	3	\N
21348	EXCNZ2pAAlZZ23AA	\N	\N	f	 	3	\N
21349	EXCNZ2pAAlZZ2zw8	\N	\N	f	 	3	\N
21350	EXCNZ2pAAlZZ2ugA	\N	\N	f	 	3	\N
21351	EXCNZ2pAAlZZ2qwA	\N	\N	f	 	3	\N
21352	EXCNZ2pAAlZZ2ngC	\N	\N	f	 	3	\N
21353	EXCNZ2pAAlZZ2iQA	\N	\N	f	 	3	\N
21354	EXCNZ2pAAlZZ2fQ1	\N	\N	f	 	3	\N
21355	EXCNZ2pAAlZZ2bw2	\N	\N	f	 	3	\N
21356	EXCNZ2pAAlZZ2Xw1	\N	\N	f	 	3	\N
21357	EXCNZ2pAAlZZ2Sg5	\N	\N	f	 	3	\N
21358	EXCNZ2pAAlZZ2Og2	\N	\N	f	 	3	\N
21359	EXCNZ2pAAlZZ2LA5	\N	\N	f	 	3	\N
21360	EXCNZ2pAAlZZ2Gw1	\N	\N	f	 	3	\N
21361	EXCNZ2pAAlZZ2Cg1	\N	\N	f	 	3	\N
21362	EXCNZ2pAAlZZ1-QE	\N	\N	f	 	3	\N
21363	EXCNZ2pAAlZZ16wD	\N	\N	f	 	3	\N
21364	EXCNZ2pAAlZZ12gF	\N	\N	f	 	3	\N
21365	EXCNZ2pAAlZZ1zgA	\N	\N	f	 	3	\N
21366	EXCNZ2pAAlZZ1vAF	\N	\N	f	 	3	\N
21367	EXCNZ2pAAlZZ1qQB	\N	\N	f	 	3	\N
21368	EXCNZ2pAAlZZ1mwA	\N	\N	f	 	3	\N
21369	EXCNZ2pAAlZZ1iQ9	\N	\N	f	 	3	\N
21370	EXCNZ2pAAlZZ1fg1	\N	\N	f	 	3	\N
21371	EXCNZ2pAAlZZ1bg0	\N	\N	f	 	3	\N
21372	EXCNZ2pAAlZZ1XA1	\N	\N	f	 	3	\N
21373	EXCNZ2pAAlZZ1Sg6	\N	\N	f	 	3	\N
21374	EXCNZ2pAAlZZ1OQ2	\N	\N	f	 	3	\N
21375	EXCNZ2pAAlZZ1LA6	\N	\N	f	 	3	\N
21376	EXCNZ2pAAlZZ1Gg3	\N	\N	f	 	3	\N
21377	EXCNZ2pAAlZZ1Dg6	\N	\N	f	 	3	\N
21378	EXCNZ2pAAlZZ0_QB	\N	\N	f	 	3	\N
21379	EXCNZ2pAAlZZ06QE	\N	\N	f	 	3	\N
21380	EXCNZ2pAAlZZ02QD	\N	\N	f	 	3	\N
21381	EXCNZ2pAAlZZ0zgB	\N	\N	f	 	3	\N
21382	EXCNZ2pAAlZZ0vAE	\N	\N	f	 	3	\N
21383	EXCNZ2pAAlZZ0rQE	\N	\N	f	 	3	\N
21384	EXCNZ2pAAlZZ0nwF	\N	\N	f	 	3	\N
21385	EXCNZ2pAAlZZ0jgF	\N	\N	f	 	3	\N
21386	EXCNZ2pAAlZZ0eQ7	\N	\N	f	 	3	\N
21387	EXCNZ2pAAlZZ0bQ2	\N	\N	f	 	3	\N
21388	EXCNZ2pAAlZZ0XA0	\N	\N	f	 	3	\N
21389	EXCNZ2pAAlZZ0Tw2	\N	\N	f	 	3	\N
21390	EXCNZ2pAAlZZ0OQ3	\N	\N	f	 	3	\N
21391	EXCNZ2pAAlZZ0LA7	\N	\N	f	 	3	\N
21392	EXCNZ2pAAlZZ0GQ1	\N	\N	f	 	3	\N
21393	EXCNZ2pAAlZZ0Cg3	\N	\N	f	 	3	\N
21394	EXCNZ2pAAlZZz_wE	\N	\N	f	 	3	\N
21395	EXCNZ2pAAlZZz7AC	\N	\N	f	 	3	\N
21396	EXCNZ2pAAlZZz3AF	\N	\N	f	 	3	\N
21397	EXCNZ2pAAlZZzzQF	\N	\N	f	 	3	\N
21398	EXCNZ2pAAlZZzvwA	\N	\N	f	 	3	\N
21399	EXCNZ2pAAlZZzrgA	\N	\N	f	 	3	\N
21400	EXCNZ2pAAlZZznAB	\N	\N	f	 	3	\N
21401	EXCNZ2pAAlZZzjQB	\N	\N	f	 	3	\N
21402	EXCNZ2pAAlZZzfQ4	\N	\N	f	 	3	\N
16428	EXCNZ2pAAlZV42g1	\N	\N	f	 	1	\N
16429	EXCNZ2pAAlZV4zw5	\N	\N	f	 	1	\N
16430	EXCNZ2pAAlZV4vA1	\N	\N	f	 	1	\N
16431	EXCNZ2pAAlZV4qw7	\N	\N	f	 	1	\N
16432	EXCNZ2pAAlZV4nw0	\N	\N	f	 	1	\N
16433	EXCNZ2pAAlZV4jw1	\N	\N	f	 	1	\N
16434	EXCNZ2pAAlZV4fAD	\N	\N	f	 	1	\N
16435	EXCNZ2pAAlZV4bgE	\N	\N	f	 	1	\N
16436	EXCNZ2pAAlZV4XwC	\N	\N	f	 	1	\N
16437	EXCNZ2pAAlZV4Sg8	\N	\N	f	 	1	\N
18553	EXCNZ2pAAlZZc3j3	\N	\N	f	 	6	\N
18554	EXCNZ2pAAlZZcyT5	\N	\N	f	 	6	\N
18555	EXCNZ2pAAlZZcuz0	\N	\N	f	 	6	\N
18556	EXCNZ2pAAlZZcqj0	\N	\N	f	 	6	\N
18557	EXCNZ2pAAlZZcnj7	\N	\N	f	 	6	\N
18558	EXCNZ2pAAlZZcjD4	\N	\N	f	 	6	\N
18559	EXCNZ2pAAlZZcfz8	\N	\N	f	 	6	\N
18560	EXCNZ2pAAlZZcazD	\N	\N	f	 	6	\N
18561	EXCNZ2pAAlZZcWzE	\N	\N	f	 	6	\N
18562	EXCNZ2pAAlZZcSjE	\N	\N	f	 	6	\N
18563	EXCNZ2pAAlZZcOTA	\N	\N	f	 	6	\N
18564	EXCNZ2pAAlZZcLzD	\N	\N	f	 	6	\N
18565	EXCNZ2pAAlZZcHTC	\N	\N	f	 	6	\N
18566	EXCNZ2pAAlZZcDzF	\N	\N	f	 	6	\N
18567	EXCNZ2pAAlZZb-j2	\N	\N	f	 	6	\N
18568	EXCNZ2pAAlZZb6j3	\N	\N	f	 	6	\N
18569	EXCNZ2pAAlZZb3D6	\N	\N	f	 	6	\N
18570	EXCNZ2pAAlZZbzT6	\N	\N	f	 	6	\N
18571	EXCNZ2pAAlZZbuj6	\N	\N	f	 	6	\N
18572	EXCNZ2pAAlZZbqj7	\N	\N	f	 	6	\N
18573	EXCNZ2pAAlZZbnj0	\N	\N	f	 	6	\N
18574	EXCNZ2pAAlZZbjz0	\N	\N	f	 	6	\N
18575	EXCNZ2pAAlZZbfjE	\N	\N	f	 	6	\N
18576	EXCNZ2pAAlZZbbzE	\N	\N	f	 	6	\N
16449	EXCNZ2pAAlZV3igB	\N	\N	f	 	1	\N
16450	EXCNZ2pAAlZV3eQ7	\N	\N	f	 	1	\N
16451	EXCNZ2pAAlZV3bQ2	\N	\N	f	 	1	\N
16452	EXCNZ2pAAlZV3Xg2	\N	\N	f	 	1	\N
16453	EXCNZ2pAAlZV3TQ0	\N	\N	f	 	1	\N
16454	EXCNZ2pAAlZV3Ow1	\N	\N	f	 	1	\N
16455	EXCNZ2pAAlZV3Lw4	\N	\N	f	 	1	\N
16456	EXCNZ2pAAlZV3Hg6	\N	\N	f	 	1	\N
16457	EXCNZ2pAAlZV3Cg3	\N	\N	f	 	1	\N
16458	EXCNZ2pAAlZV2_g9	\N	\N	f	 	1	\N
16459	EXCNZ2pAAlZV26QF	\N	\N	f	 	1	\N
16460	EXCNZ2pAAlZV23A9	\N	\N	f	 	1	\N
16461	EXCNZ2pAAlZV2zA8	\N	\N	f	 	1	\N
16462	EXCNZ2pAAlZV2ug9	\N	\N	f	 	1	\N
16463	EXCNZ2pAAlZV2qw9	\N	\N	f	 	1	\N
16464	EXCNZ2pAAlZV2nQC	\N	\N	f	 	1	\N
16465	EXCNZ2pAAlZV2iQ9	\N	\N	f	 	1	\N
16466	EXCNZ2pAAlZV2eQ6	\N	\N	f	 	1	\N
16467	EXCNZ2pAAlZV2ag4	\N	\N	f	 	1	\N
16468	EXCNZ2pAAlZV2XQ0	\N	\N	f	 	1	\N
16469	EXCNZ2pAAlZV2Sg6	\N	\N	f	 	1	\N
16470	EXCNZ2pAAlZV2Ow0	\N	\N	f	 	1	\N
16471	EXCNZ2pAAlZV2LA6	\N	\N	f	 	1	\N
16472	EXCNZ2pAAlZV2HQ4	\N	\N	f	 	1	\N
16473	EXCNZ2pAAlZV2Dw7	\N	\N	f	 	1	\N
16474	EXCNZ2pAAlZV1_Q9	\N	\N	f	 	1	\N
16475	EXCNZ2pAAlZV16QC	\N	\N	f	 	1	\N
16476	EXCNZ2pAAlZV12wD	\N	\N	f	 	1	\N
16477	EXCNZ2pAAlZV1yQE	\N	\N	f	 	1	\N
16478	EXCNZ2pAAlZV1vwF	\N	\N	f	 	1	\N
16479	EXCNZ2pAAlZV1qgB	\N	\N	f	 	1	\N
16480	EXCNZ2pAAlZV1mw9	\N	\N	f	 	1	\N
16481	EXCNZ2pAAlZV1ig9	\N	\N	f	 	1	\N
16482	EXCNZ2pAAlZV1eQ5	\N	\N	f	 	1	\N
16483	EXCNZ2pAAlZV1bg3	\N	\N	f	 	1	\N
16484	EXCNZ2pAAlZV1Wg4	\N	\N	f	 	1	\N
16485	EXCNZ2pAAlZV1Tg1	\N	\N	f	 	1	\N
16486	EXCNZ2pAAlZV1PQ5	\N	\N	f	 	1	\N
16487	EXCNZ2pAAlZV1Kw2	\N	\N	f	 	1	\N
16488	EXCNZ2pAAlZV1HQ7	\N	\N	f	 	1	\N
16489	EXCNZ2pAAlZV1CQ2	\N	\N	f	 	1	\N
16490	EXCNZ2pAAlZV0-wE	\N	\N	f	 	1	\N
16491	EXCNZ2pAAlZV06QD	\N	\N	f	 	1	\N
16492	EXCNZ2pAAlZV03AB	\N	\N	f	 	1	\N
16493	EXCNZ2pAAlZV0zAA	\N	\N	f	 	1	\N
16494	EXCNZ2pAAlZV0vgF	\N	\N	f	 	1	\N
16495	EXCNZ2pAAlZV0rAC	\N	\N	f	 	1	\N
16496	EXCNZ2pAAlZV0mw8	\N	\N	f	 	1	\N
16497	EXCNZ2pAAlZV0jgC	\N	\N	f	 	1	\N
16498	EXCNZ2pAAlZV0fQ0	\N	\N	f	 	1	\N
16499	EXCNZ2pAAlZV0bQ1	\N	\N	f	 	1	\N
16500	EXCNZ2pAAlZV0Wg5	\N	\N	f	 	1	\N
16501	EXCNZ2pAAlZV0TQ3	\N	\N	f	 	1	\N
16502	EXCNZ2pAAlZV0PQ4	\N	\N	f	 	1	\N
16503	EXCNZ2pAAlZV0Kg2	\N	\N	f	 	1	\N
16504	EXCNZ2pAAlZV0Hw4	\N	\N	f	 	1	\N
16505	EXCNZ2pAAlZV0Dg4	\N	\N	f	 	1	\N
16506	EXCNZ2pAAlZVz_gC	\N	\N	f	 	1	\N
16507	EXCNZ2pAAlZVz7AF	\N	\N	f	 	1	\N
16508	EXCNZ2pAAlZVz3QD	\N	\N	f	 	1	\N
16509	EXCNZ2pAAlZVzywA	\N	\N	f	 	1	\N
16510	EXCNZ2pAAlZVzugC	\N	\N	f	 	1	\N
16511	EXCNZ2pAAlZVzrQA	\N	\N	f	 	1	\N
16512	EXCNZ2pAAlZVzmQD	\N	\N	f	 	1	\N
16513	EXCNZ2pAAlZVzjA9	\N	\N	f	 	1	\N
16514	EXCNZ2pAAlZVzeg0	\N	\N	f	 	1	\N
18541	EXCNZ2pAAlZZdnT5	\N	\N	f	 	6	\N
16515	EXCNZ2pAAlZVzag1	\N	\N	f	 	1	\N
16516	EXCNZ2pAAlZVzWw3	\N	\N	f	 	1	\N
16517	EXCNZ2pAAlZVzTQ4	\N	\N	f	 	1	\N
16518	EXCNZ2pAAlZVzOw5	\N	\N	f	 	1	\N
16519	EXCNZ2pAAlZVzLQ2	\N	\N	f	 	1	\N
16520	EXCNZ2pAAlZVzHQ1	\N	\N	f	 	1	\N
16521	EXCNZ2pAAlZVzCw6	\N	\N	f	 	1	\N
16522	EXCNZ2pAAlZVy-QA	\N	\N	f	 	1	\N
16523	EXCNZ2pAAlZVy7QF	\N	\N	f	 	1	\N
16524	EXCNZ2pAAlZVy2Q8	\N	\N	f	 	1	\N
16525	EXCNZ2pAAlZVwHA3	\N	\N	f	 	1	\N
16526	EXCNZ2pAAlZV0Gk5	\N	\N	f	 	1	\N
16527	EXCNZ2pAAlZV0Ck4	\N	\N	f	 	1	\N
16528	EXCNZ2pAAlZVz_k8	\N	\N	f	 	1	\N
16529	EXCNZ2pAAlZVz708	\N	\N	f	 	1	\N
16530	EXCNZ2pAAlZVz2UD	\N	\N	f	 	1	\N
16531	EXCNZ2pAAlZVzykF	\N	\N	f	 	1	\N
16532	EXCNZ2pAAlZVzuUB	\N	\N	f	 	1	\N
16533	EXCNZ2pAAlZVzqk9	\N	\N	f	 	1	\N
16534	EXCNZ2pAAlZVznUD	\N	\N	f	 	1	\N
16535	EXCNZ2pAAlZVzjED	\N	\N	f	 	1	\N
16536	EXCNZ2pAAlZVzfE2	\N	\N	f	 	1	\N
16537	EXCNZ2pAAlZVzak5	\N	\N	f	 	1	\N
16538	EXCNZ2pAAlZVzW07	\N	\N	f	 	1	\N
16539	EXCNZ2pAAlZVzTE1	\N	\N	f	 	1	\N
16540	EXCNZ2pAAlZVzPk4	\N	\N	f	 	1	\N
16541	EXCNZ2pAAlZVzKk1	\N	\N	f	 	1	\N
16542	EXCNZ2pAAlZVzGk2	\N	\N	f	 	1	\N
16543	EXCNZ2pAAlZVzDE5	\N	\N	f	 	1	\N
16544	EXCNZ2pAAlZVy_EB	\N	\N	f	 	1	\N
16545	EXCNZ2pAAlZVy7EA	\N	\N	f	 	1	\N
16546	EXCNZ2pAAlZVy30A	\N	\N	f	 	1	\N
16547	EXCNZ2pAAlZVyyUD	\N	\N	f	 	1	\N
16548	EXCNZ2pAAlZVyuk9	\N	\N	f	 	1	\N
16549	EXCNZ2pAAlZVyrUF	\N	\N	f	 	1	\N
16550	EXCNZ2pAAlZVynUC	\N	\N	f	 	1	\N
16551	EXCNZ2pAAlZVyj0F	\N	\N	f	 	1	\N
16552	EXCNZ2pAAlZVyf00	\N	\N	f	 	1	\N
16553	EXCNZ2pAAlZVyak4	\N	\N	f	 	1	\N
16554	EXCNZ2pAAlZVyXE1	\N	\N	f	 	1	\N
16555	EXCNZ2pAAlZVySk6	\N	\N	f	 	1	\N
16556	EXCNZ2pAAlZVyPU6	\N	\N	f	 	1	\N
16557	EXCNZ2pAAlZVyL05	\N	\N	f	 	1	\N
16558	EXCNZ2pAAlZVyHk7	\N	\N	f	 	1	\N
16559	EXCNZ2pAAlZVyDE4	\N	\N	f	 	1	\N
16560	EXCNZ2pAAlZVx_U9	\N	\N	f	 	1	\N
16561	EXCNZ2pAAlZVx7U8	\N	\N	f	 	1	\N
16562	EXCNZ2pAAlZVx3UB	\N	\N	f	 	1	\N
16563	EXCNZ2pAAlZVxyUE	\N	\N	f	 	1	\N
16564	EXCNZ2pAAlZVxv0F	\N	\N	f	 	1	\N
16565	EXCNZ2pAAlZVxrUC	\N	\N	f	 	1	\N
16566	EXCNZ2pAAlZVxnUF	\N	\N	f	 	1	\N
16567	EXCNZ2pAAlZVxi08	\N	\N	f	 	1	\N
16568	EXCNZ2pAAlZVxfU1	\N	\N	f	 	1	\N
16569	EXCNZ2pAAlZVxbU0	\N	\N	f	 	1	\N
16570	EXCNZ2pAAlZVxX01	\N	\N	f	 	1	\N
16571	EXCNZ2pAAlZVxS04	\N	\N	f	 	1	\N
16572	EXCNZ2pAAlZVxPU5	\N	\N	f	 	1	\N
16573	EXCNZ2pAAlZVxKU0	\N	\N	f	 	1	\N
16574	EXCNZ2pAAlZVxGU3	\N	\N	f	 	1	\N
16575	EXCNZ2pAAlZVxD04	\N	\N	f	 	1	\N
16576	EXCNZ2pAAlZVw_0A	\N	\N	f	 	1	\N
16577	EXCNZ2pAAlZVw70B	\N	\N	f	 	1	\N
16578	EXCNZ2pAAlZVw3EB	\N	\N	f	 	1	\N
16579	EXCNZ2pAAlZVwzEA	\N	\N	f	 	1	\N
16580	EXCNZ2pAAlZVwu0A	\N	\N	f	 	1	\N
16581	EXCNZ2pAAlZVwr0F	\N	\N	f	 	1	\N
16582	EXCNZ2pAAlZVwmk9	\N	\N	f	 	1	\N
16583	EXCNZ2pAAlZVwjkC	\N	\N	f	 	1	\N
16584	EXCNZ2pAAlZVwfE1	\N	\N	f	 	1	\N
16585	EXCNZ2pAAlZVwb03	\N	\N	f	 	1	\N
16586	EXCNZ2pAAlZVwXk1	\N	\N	f	 	1	\N
16587	EXCNZ2pAAlZVwSU7	\N	\N	f	 	1	\N
16588	EXCNZ2pAAlZVwPk7	\N	\N	f	 	1	\N
16589	EXCNZ2pAAlZVwKk2	\N	\N	f	 	1	\N
16590	EXCNZ2pAAlZVwHU6	\N	\N	f	 	1	\N
16591	EXCNZ2pAAlZVwDE6	\N	\N	f	 	1	\N
16592	EXCNZ2pAAlZV_-T4	\N	\N	f	 	1	\N
16593	EXCNZ2pAAlZV_7D0	\N	\N	f	 	1	\N
16594	EXCNZ2pAAlZV_2j5	\N	\N	f	 	1	\N
16595	EXCNZ2pAAlZV_zD2	\N	\N	f	 	1	\N
16596	EXCNZ2pAAlZV_uz2	\N	\N	f	 	1	\N
16597	EXCNZ2pAAlZV_rj6	\N	\N	f	 	1	\N
16598	EXCNZ2pAAlZV_nT6	\N	\N	f	 	1	\N
16599	EXCNZ2pAAlZV_iT3	\N	\N	f	 	1	\N
16600	EXCNZ2pAAlZV_ejF	\N	\N	f	 	1	\N
16601	EXCNZ2pAAlZV_bT9	\N	\N	f	 	1	\N
16602	EXCNZ2pAAlZV_WjD	\N	\N	f	 	1	\N
16603	EXCNZ2pAAlZV_Tj8	\N	\N	f	 	1	\N
16604	EXCNZ2pAAlZV_PTC	\N	\N	f	 	1	\N
16605	EXCNZ2pAAlZV_LTD	\N	\N	f	 	1	\N
16606	EXCNZ2pAAlZV_HjD	\N	\N	f	 	1	\N
16607	EXCNZ2pAAlZV_CTB	\N	\N	f	 	1	\N
16608	EXCNZ2pAAlZV--j6	\N	\N	f	 	1	\N
16609	EXCNZ2pAAlZV-6T4	\N	\N	f	 	1	\N
16610	EXCNZ2pAAlZV-2z5	\N	\N	f	 	1	\N
18542	EXCNZ2pAAlZZdjT4	\N	\N	f	 	6	\N
16611	EXCNZ2pAAlZV-zD3	\N	\N	f	 	1	\N
16612	EXCNZ2pAAlZV-uT1	\N	\N	f	 	1	\N
16613	EXCNZ2pAAlZV-rj7	\N	\N	f	 	1	\N
16614	EXCNZ2pAAlZV-nj4	\N	\N	f	 	1	\N
16615	EXCNZ2pAAlZV-iz0	\N	\N	f	 	1	\N
16616	EXCNZ2pAAlZV-fzB	\N	\N	f	 	1	\N
16617	EXCNZ2pAAlZV-bT8	\N	\N	f	 	1	\N
16618	EXCNZ2pAAlZV-XTB	\N	\N	f	 	1	\N
16619	EXCNZ2pAAlZV-SzC	\N	\N	f	 	1	\N
16620	EXCNZ2pAAlZV-OjA	\N	\N	f	 	1	\N
16621	EXCNZ2pAAlZV-LTC	\N	\N	f	 	1	\N
16622	EXCNZ2pAAlZV-HTF	\N	\N	f	 	1	\N
16623	EXCNZ2pAAlZV-DjD	\N	\N	f	 	1	\N
16624	EXCNZ2pAAlZV9_z0	\N	\N	f	 	1	\N
16625	EXCNZ2pAAlZV97z1	\N	\N	f	 	1	\N
16626	EXCNZ2pAAlZV93j3	\N	\N	f	 	1	\N
16627	EXCNZ2pAAlZV9zj2	\N	\N	f	 	1	\N
16628	EXCNZ2pAAlZV9uz0	\N	\N	f	 	1	\N
16629	EXCNZ2pAAlZV9rT7	\N	\N	f	 	1	\N
16630	EXCNZ2pAAlZV9mj3	\N	\N	f	 	1	\N
16631	EXCNZ2pAAlZV9ij2	\N	\N	f	 	1	\N
16632	EXCNZ2pAAlZV9ejD	\N	\N	f	 	1	\N
16633	EXCNZ2pAAlZV9bj8	\N	\N	f	 	1	\N
16634	EXCNZ2pAAlZV9XD9	\N	\N	f	 	1	\N
16635	EXCNZ2pAAlZV9TT9	\N	\N	f	 	1	\N
16636	EXCNZ2pAAlZV9PTE	\N	\N	f	 	1	\N
16637	EXCNZ2pAAlZV9KTB	\N	\N	f	 	1	\N
16638	EXCNZ2pAAlZV9GzA	\N	\N	f	 	1	\N
16639	EXCNZ2pAAlZV9CzB	\N	\N	f	 	1	\N
16640	EXCNZ2pAAlZV8-j4	\N	\N	f	 	1	\N
16641	EXCNZ2pAAlZV87z0	\N	\N	f	 	1	\N
16642	EXCNZ2pAAlZV82z7	\N	\N	f	 	1	\N
16643	EXCNZ2pAAlZV8zD1	\N	\N	f	 	1	\N
16644	EXCNZ2pAAlZV8uz1	\N	\N	f	 	1	\N
16645	EXCNZ2pAAlZV8rD7	\N	\N	f	 	1	\N
16646	EXCNZ2pAAlZV8nT5	\N	\N	f	 	1	\N
16647	EXCNZ2pAAlZV8jj7	\N	\N	f	 	1	\N
16648	EXCNZ2pAAlZV8ejC	\N	\N	f	 	1	\N
16649	EXCNZ2pAAlZV8bTA	\N	\N	f	 	1	\N
16650	EXCNZ2pAAlZV8WTD	\N	\N	f	 	1	\N
16651	EXCNZ2pAAlZV8TD9	\N	\N	f	 	1	\N
16652	EXCNZ2pAAlZV8PzD	\N	\N	f	 	1	\N
16653	EXCNZ2pAAlZV8LjD	\N	\N	f	 	1	\N
16654	EXCNZ2pAAlZV8HDC	\N	\N	f	 	1	\N
16655	EXCNZ2pAAlZV8DDD	\N	\N	f	 	1	\N
16656	EXCNZ2pAAlZV7-T0	\N	\N	f	 	1	\N
16657	EXCNZ2pAAlZV77j6	\N	\N	f	 	1	\N
16658	EXCNZ2pAAlZV73j5	\N	\N	f	 	1	\N
16659	EXCNZ2pAAlZV7yj0	\N	\N	f	 	1	\N
16660	EXCNZ2pAAlZV7uj7	\N	\N	f	 	1	\N
16661	EXCNZ2pAAlZV7qT5	\N	\N	f	 	1	\N
16662	EXCNZ2pAAlZV7nT2	\N	\N	f	 	1	\N
16663	EXCNZ2pAAlZV7iz5	\N	\N	f	 	1	\N
16664	EXCNZ2pAAlZV7ejB	\N	\N	f	 	1	\N
16665	EXCNZ2pAAlZV7aT9	\N	\N	f	 	1	\N
16666	EXCNZ2pAAlZV4CzE	\N	\N	f	 	1	\N
16667	EXCNZ2pAAlZV3-jF	\N	\N	f	 	1	\N
16668	EXCNZ2pAAlZV36TD	\N	\N	f	 	1	\N
16669	EXCNZ2pAAlZV32TE	\N	\N	f	 	1	\N
16670	EXCNZ2pAAlZV3yjC	\N	\N	f	 	1	\N
16671	EXCNZ2pAAlZV3vjF	\N	\N	f	 	1	\N
16672	EXCNZ2pAAlZV3qzB	\N	\N	f	 	1	\N
16673	EXCNZ2pAAlZV3mTA	\N	\N	f	 	1	\N
16674	EXCNZ2pAAlZV3iTB	\N	\N	f	 	1	\N
16675	EXCNZ2pAAlZV3fT0	\N	\N	f	 	1	\N
16676	EXCNZ2pAAlZV3bz3	\N	\N	f	 	1	\N
16677	EXCNZ2pAAlZV3XD3	\N	\N	f	 	1	\N
16678	EXCNZ2pAAlZV3ST7	\N	\N	f	 	1	\N
16679	EXCNZ2pAAlZV3Pz6	\N	\N	f	 	1	\N
16680	EXCNZ2pAAlZV3Lz7	\N	\N	f	 	1	\N
16681	EXCNZ2pAAlZV3HT6	\N	\N	f	 	1	\N
16682	EXCNZ2pAAlZV3Cz1	\N	\N	f	 	1	\N
16683	EXCNZ2pAAlZV2-TD	\N	\N	f	 	1	\N
16684	EXCNZ2pAAlZV27zA	\N	\N	f	 	1	\N
16685	EXCNZ2pAAlZV23j8	\N	\N	f	 	1	\N
16686	EXCNZ2pAAlZV2zTA	\N	\N	f	 	1	\N
16687	EXCNZ2pAAlZV2uzB	\N	\N	f	 	1	\N
16688	EXCNZ2pAAlZV2qjB	\N	\N	f	 	1	\N
16689	EXCNZ2pAAlZV2mj8	\N	\N	f	 	1	\N
16690	EXCNZ2pAAlZV2jzC	\N	\N	f	 	1	\N
16691	EXCNZ2pAAlZV2fz3	\N	\N	f	 	1	\N
16693	EXCNZ2pAAlZV2Xz1	\N	\N	f	 	1	\N
16694	EXCNZ2pAAlZV2TD3	\N	\N	f	 	1	\N
16695	EXCNZ2pAAlZV2Pz7	\N	\N	f	 	1	\N
16696	EXCNZ2pAAlZV2LD5	\N	\N	f	 	1	\N
16697	EXCNZ2pAAlZV2Gj0	\N	\N	f	 	1	\N
16698	EXCNZ2pAAlZV2Cj1	\N	\N	f	 	1	\N
16699	EXCNZ2pAAlZV1-jD	\N	\N	f	 	1	\N
16700	EXCNZ2pAAlZV17DA	\N	\N	f	 	1	\N
16701	EXCNZ2pAAlZV12zE	\N	\N	f	 	1	\N
16702	EXCNZ2pAAlZV1yzF	\N	\N	f	 	1	\N
16703	EXCNZ2pAAlZV1uj9	\N	\N	f	 	1	\N
16704	EXCNZ2pAAlZV1rTF	\N	\N	f	 	1	\N
16705	EXCNZ2pAAlZV1mT8	\N	\N	f	 	1	\N
16706	EXCNZ2pAAlZV1jzF	\N	\N	f	 	1	\N
16707	EXCNZ2pAAlZV1fD3	\N	\N	f	 	1	\N
18543	EXCNZ2pAAlZZdezD	\N	\N	f	 	6	\N
16708	EXCNZ2pAAlZV1bz1	\N	\N	f	 	1	\N
16709	EXCNZ2pAAlZV1Wz6	\N	\N	f	 	1	\N
16710	EXCNZ2pAAlZV1Sj6	\N	\N	f	 	1	\N
16711	EXCNZ2pAAlZV1Pz4	\N	\N	f	 	1	\N
16712	EXCNZ2pAAlZV1Lj4	\N	\N	f	 	1	\N
16713	EXCNZ2pAAlZV1HD5	\N	\N	f	 	1	\N
16714	EXCNZ2pAAlZV1DT5	\N	\N	f	 	1	\N
16715	EXCNZ2pAAlZV0-zD	\N	\N	f	 	1	\N
16716	EXCNZ2pAAlZV07TA	\N	\N	f	 	1	\N
16717	EXCNZ2pAAlZV03D8	\N	\N	f	 	1	\N
16718	EXCNZ2pAAlZV0yTC	\N	\N	f	 	1	\N
16719	EXCNZ2pAAlZV0vjC	\N	\N	f	 	1	\N
16720	EXCNZ2pAAlZV0qz8	\N	\N	f	 	1	\N
16721	EXCNZ2pAAlZV0nTD	\N	\N	f	 	1	\N
16722	EXCNZ2pAAlZV0jzE	\N	\N	f	 	1	\N
16723	EXCNZ2pAAlZV0ej4	\N	\N	f	 	1	\N
16724	EXCNZ2pAAlZV0aT6	\N	\N	f	 	1	\N
16725	EXCNZ2pAAlZV0Xj2	\N	\N	f	 	1	\N
16726	EXCNZ2pAAlZV0ST4	\N	\N	f	 	1	\N
16727	EXCNZ2pAAlZV0Oj0	\N	\N	f	 	1	\N
16728	EXCNZ2pAAlZV0Lz4	\N	\N	f	 	1	\N
16729	EXCNZ2pAAlZV0Hz7	\N	\N	f	 	1	\N
16730	EXCNZ2pAAlZV0Cz2	\N	\N	f	 	1	\N
16731	EXCNZ2pAAlZVz_TC	\N	\N	f	 	1	\N
16732	EXCNZ2pAAlZVz7zF	\N	\N	f	 	1	\N
16733	EXCNZ2pAAlZVz2TA	\N	\N	f	 	1	\N
16734	EXCNZ2pAAlZVzzjC	\N	\N	f	 	1	\N
16735	EXCNZ2pAAlZVzvD9	\N	\N	f	 	1	\N
16736	EXCNZ2pAAlZVzqzF	\N	\N	f	 	1	\N
16737	EXCNZ2pAAlZVznz8	\N	\N	f	 	1	\N
16738	EXCNZ2pAAlZVzjz9	\N	\N	f	 	1	\N
16739	EXCNZ2pAAlZVzfT4	\N	\N	f	 	1	\N
16740	EXCNZ2pAAlZVzaj2	\N	\N	f	 	1	\N
16741	EXCNZ2pAAlZVzXT6	\N	\N	f	 	1	\N
16742	EXCNZ2pAAlZVzST3	\N	\N	f	 	1	\N
16743	EXCNZ2pAAlZVzOT4	\N	\N	f	 	1	\N
16744	EXCNZ2pAAlZVzLD0	\N	\N	f	 	1	\N
16745	EXCNZ2pAAlZVzHj1	\N	\N	f	 	1	\N
16746	EXCNZ2pAAlZVzCj4	\N	\N	f	 	1	\N
16747	EXCNZ2pAAlZVy_zF	\N	\N	f	 	1	\N
16748	EXCNZ2pAAlZVy6jB	\N	\N	f	 	1	\N
16749	EXCNZ2pAAlZVy2j8	\N	\N	f	 	1	\N
16750	EXCNZ2pAAlZVyzjD	\N	\N	f	 	1	\N
16751	EXCNZ2pAAlZVyvT9	\N	\N	f	 	1	\N
16752	EXCNZ2pAAlZVyrT8	\N	\N	f	 	1	\N
16753	EXCNZ2pAAlZVynTB	\N	\N	f	 	1	\N
16754	EXCNZ2pAAlZVyjTA	\N	\N	f	 	1	\N
16755	EXCNZ2pAAlZVyfT5	\N	\N	f	 	1	\N
16756	EXCNZ2pAAlZVybT4	\N	\N	f	 	1	\N
16757	EXCNZ2pAAlZVyWT3	\N	\N	f	 	1	\N
16758	EXCNZ2pAAlZVySj1	\N	\N	f	 	1	\N
16759	EXCNZ2pAAlZVyPz3	\N	\N	f	 	1	\N
16760	EXCNZ2pAAlZVyLD1	\N	\N	f	 	1	\N
16761	EXCNZ2pAAlZVyHT3	\N	\N	f	 	1	\N
16762	EXCNZ2pAAlZVyDD3	\N	\N	f	 	1	\N
16763	EXCNZ2pAAlZVx_zC	\N	\N	f	 	1	\N
16764	EXCNZ2pAAlZVx7jC	\N	\N	f	 	1	\N
16766	EXCNZ2pAAlZVxzDC	\N	\N	f	 	1	\N
16767	EXCNZ2pAAlZVxvTA	\N	\N	f	 	1	\N
16768	EXCNZ2pAAlZVxrDA	\N	\N	f	 	1	\N
16769	EXCNZ2pAAlZVxnD9	\N	\N	f	 	1	\N
16770	EXCNZ2pAAlZVxijE	\N	\N	f	 	1	\N
16771	EXCNZ2pAAlZVxfj5	\N	\N	f	 	1	\N
16772	EXCNZ2pAAlZVxbD6	\N	\N	f	 	1	\N
16773	EXCNZ2pAAlZVxWj3	\N	\N	f	 	1	\N
16774	EXCNZ2pAAlZVxTD4	\N	\N	f	 	1	\N
16775	EXCNZ2pAAlZVxOT6	\N	\N	f	 	1	\N
16776	EXCNZ2pAAlZVxKT7	\N	\N	f	 	1	\N
16777	EXCNZ2pAAlZVxGz6	\N	\N	f	 	1	\N
16778	EXCNZ2pAAlZVxDz3	\N	\N	f	 	1	\N
16779	EXCNZ2pAAlZVw_jC	\N	\N	f	 	1	\N
16780	EXCNZ2pAAlZVw6j9	\N	\N	f	 	1	\N
16781	EXCNZ2pAAlZVw2zB	\N	\N	f	 	1	\N
16782	EXCNZ2pAAlZVwzDD	\N	\N	f	 	1	\N
16783	EXCNZ2pAAlZVwuzD	\N	\N	f	 	1	\N
16784	EXCNZ2pAAlZVwqzC	\N	\N	f	 	1	\N
16785	EXCNZ2pAAlZVwnT9	\N	\N	f	 	1	\N
16786	EXCNZ2pAAlZVwjT8	\N	\N	f	 	1	\N
16787	EXCNZ2pAAlZVwfj4	\N	\N	f	 	1	\N
16788	EXCNZ2pAAlZVwbD7	\N	\N	f	 	1	\N
16789	EXCNZ2pAAlZVwWT1	\N	\N	f	 	1	\N
16790	EXCNZ2pAAlZVwTD5	\N	\N	f	 	1	\N
16791	EXCNZ2pAAlZVwPT3	\N	\N	f	 	1	\N
16792	EXCNZ2pAAlZVwKT6	\N	\N	f	 	1	\N
16793	EXCNZ2pAAlZVwHT1	\N	\N	f	 	1	\N
16794	EXCNZ2pAAlZVwCT4	\N	\N	f	 	1	\N
16795	EXCNZ2pAAlZV_-S5	\N	\N	f	 	1	\N
16796	EXCNZ2pAAlZV_7C1	\N	\N	f	 	1	\N
16797	EXCNZ2pAAlZV_3S3	\N	\N	f	 	1	\N
16798	EXCNZ2pAAlZV_yy4	\N	\N	f	 	1	\N
16799	EXCNZ2pAAlZV_vS5	\N	\N	f	 	1	\N
16800	EXCNZ2pAAlZV_qi3	\N	\N	f	 	1	\N
16801	EXCNZ2pAAlZV_nS7	\N	\N	f	 	1	\N
16802	EXCNZ2pAAlZV_iS2	\N	\N	f	 	1	\N
16803	EXCNZ2pAAlZV_eiE	\N	\N	f	 	1	\N
16804	EXCNZ2pAAlZV_aSC	\N	\N	f	 	1	\N
18544	EXCNZ2pAAlZZdbz8	\N	\N	f	 	6	\N
16805	EXCNZ2pAAlZV_WiC	\N	\N	f	 	1	\N
16806	EXCNZ2pAAlZV_SiD	\N	\N	f	 	1	\N
16807	EXCNZ2pAAlZV_PiE	\N	\N	f	 	1	\N
16808	EXCNZ2pAAlZV_KiB	\N	\N	f	 	1	\N
16809	EXCNZ2pAAlZV_HyD	\N	\N	f	 	1	\N
16810	EXCNZ2pAAlZV_DSE	\N	\N	f	 	1	\N
16811	EXCNZ2pAAlZV-_S0	\N	\N	f	 	1	\N
16812	EXCNZ2pAAlZV-7S1	\N	\N	f	 	1	\N
16813	EXCNZ2pAAlZV-3S2	\N	\N	f	 	1	\N
16814	EXCNZ2pAAlZV-yS7	\N	\N	f	 	1	\N
16815	EXCNZ2pAAlZV-uS0	\N	\N	f	 	1	\N
16816	EXCNZ2pAAlZV-ri6	\N	\N	f	 	1	\N
16817	EXCNZ2pAAlZV-nS6	\N	\N	f	 	1	\N
16818	EXCNZ2pAAlZV-iS3	\N	\N	f	 	1	\N
16819	EXCNZ2pAAlZV-fS8	\N	\N	f	 	1	\N
16820	EXCNZ2pAAlZV-bS9	\N	\N	f	 	1	\N
16821	EXCNZ2pAAlZV-WiD	\N	\N	f	 	1	\N
16822	EXCNZ2pAAlZV-Ty9	\N	\N	f	 	1	\N
16823	EXCNZ2pAAlZV-PiF	\N	\N	f	 	1	\N
16824	EXCNZ2pAAlZV-LCC	\N	\N	f	 	1	\N
16825	EXCNZ2pAAlZV-GSA	\N	\N	f	 	1	\N
16826	EXCNZ2pAAlZV-DCE	\N	\N	f	 	1	\N
16827	EXCNZ2pAAlZV9_i0	\N	\N	f	 	1	\N
16828	EXCNZ2pAAlZV96i5	\N	\N	f	 	1	\N
16829	EXCNZ2pAAlZV93y3	\N	\N	f	 	1	\N
16830	EXCNZ2pAAlZV9yS4	\N	\N	f	 	1	\N
16831	EXCNZ2pAAlZV9vC6	\N	\N	f	 	1	\N
16832	EXCNZ2pAAlZV9rC7	\N	\N	f	 	1	\N
16833	EXCNZ2pAAlZV9nS5	\N	\N	f	 	1	\N
16834	EXCNZ2pAAlZV9jS4	\N	\N	f	 	1	\N
16835	EXCNZ2pAAlZV9fy9	\N	\N	f	 	1	\N
16836	EXCNZ2pAAlZV9by8	\N	\N	f	 	1	\N
16837	EXCNZ2pAAlZV9XyB	\N	\N	f	 	1	\N
16838	EXCNZ2pAAlZV9SiF	\N	\N	f	 	1	\N
16839	EXCNZ2pAAlZV9PiC	\N	\N	f	 	1	\N
16840	EXCNZ2pAAlZV9LCF	\N	\N	f	 	1	\N
16841	EXCNZ2pAAlZV9HCC	\N	\N	f	 	1	\N
16842	EXCNZ2pAAlZV9CS8	\N	\N	f	 	1	\N
16843	EXCNZ2pAAlZV8_y0	\N	\N	f	 	1	\N
16844	EXCNZ2pAAlZV87C2	\N	\N	f	 	1	\N
16845	EXCNZ2pAAlZV83y2	\N	\N	f	 	1	\N
16846	EXCNZ2pAAlZV8zy3	\N	\N	f	 	1	\N
16847	EXCNZ2pAAlZV8vy4	\N	\N	f	 	1	\N
16848	EXCNZ2pAAlZV8rC6	\N	\N	f	 	1	\N
16849	EXCNZ2pAAlZV8mS0	\N	\N	f	 	1	\N
16850	EXCNZ2pAAlZV8jS5	\N	\N	f	 	1	\N
16851	EXCNZ2pAAlZV8fy8	\N	\N	f	 	1	\N
16852	EXCNZ2pAAlZV8bSB	\N	\N	f	 	1	\N
16853	EXCNZ2pAAlZV8XC9	\N	\N	f	 	1	\N
16854	EXCNZ2pAAlZV8SyF	\N	\N	f	 	1	\N
16855	EXCNZ2pAAlZV8Oy8	\N	\N	f	 	1	\N
16856	EXCNZ2pAAlZV8LSF	\N	\N	f	 	1	\N
16857	EXCNZ2pAAlZV8GyA	\N	\N	f	 	1	\N
16858	EXCNZ2pAAlZV8DSD	\N	\N	f	 	1	\N
16859	EXCNZ2pAAlZV7_y7	\N	\N	f	 	1	\N
16860	EXCNZ2pAAlZV76S0	\N	\N	f	 	1	\N
16861	EXCNZ2pAAlZV73S7	\N	\N	f	 	1	\N
16862	EXCNZ2pAAlZV7zy4	\N	\N	f	 	1	\N
16863	EXCNZ2pAAlZV7ui6	\N	\N	f	 	1	\N
16864	EXCNZ2pAAlZV7rS0	\N	\N	f	 	1	\N
16865	EXCNZ2pAAlZV7ny1	\N	\N	f	 	1	\N
16866	EXCNZ2pAAlZV7iy4	\N	\N	f	 	1	\N
16867	EXCNZ2pAAlZV7fyF	\N	\N	f	 	1	\N
16868	EXCNZ2pAAlZV7ayA	\N	\N	f	 	1	\N
16869	EXCNZ2pAAlZV7Wy9	\N	\N	f	 	1	\N
16870	EXCNZ2pAAlZV7TCF	\N	\N	f	 	1	\N
16871	EXCNZ2pAAlZV7OSD	\N	\N	f	 	1	\N
16872	EXCNZ2pAAlZV7LiB	\N	\N	f	 	1	\N
16873	EXCNZ2pAAlZV7HCA	\N	\N	f	 	1	\N
16874	EXCNZ2pAAlZV7CyC	\N	\N	f	 	1	\N
16875	EXCNZ2pAAlZV6-i3	\N	\N	f	 	1	\N
16876	EXCNZ2pAAlZV66y3	\N	\N	f	 	1	\N
16877	EXCNZ2pAAlZV63S6	\N	\N	f	 	1	\N
16878	EXCNZ2pAAlZV6yS3	\N	\N	f	 	1	\N
16879	EXCNZ2pAAlZV6uy6	\N	\N	f	 	1	\N
16880	EXCNZ2pAAlZV6qy7	\N	\N	f	 	1	\N
16881	EXCNZ2pAAlZV6ni1	\N	\N	f	 	1	\N
16882	EXCNZ2pAAlZV33i8	\N	\N	f	 	1	\N
16883	EXCNZ2pAAlZV3ySE	\N	\N	f	 	1	\N
16884	EXCNZ2pAAlZV3vSD	\N	\N	f	 	1	\N
16885	EXCNZ2pAAlZV3qiB	\N	\N	f	 	1	\N
16886	EXCNZ2pAAlZV3nSF	\N	\N	f	 	1	\N
16887	EXCNZ2pAAlZV3jCF	\N	\N	f	 	1	\N
16888	EXCNZ2pAAlZV3fC0	\N	\N	f	 	1	\N
16889	EXCNZ2pAAlZV3bS0	\N	\N	f	 	1	\N
16890	EXCNZ2pAAlZV3WS7	\N	\N	f	 	1	\N
16891	EXCNZ2pAAlZV3SS6	\N	\N	f	 	1	\N
16892	EXCNZ2pAAlZV3Pi6	\N	\N	f	 	1	\N
16893	EXCNZ2pAAlZV3LS4	\N	\N	f	 	1	\N
16894	EXCNZ2pAAlZV3HS7	\N	\N	f	 	1	\N
16895	EXCNZ2pAAlZV3Cy0	\N	\N	f	 	1	\N
16896	EXCNZ2pAAlZV2_S8	\N	\N	f	 	1	\N
16897	EXCNZ2pAAlZV27S9	\N	\N	f	 	1	\N
16898	EXCNZ2pAAlZV22SE	\N	\N	f	 	1	\N
16899	EXCNZ2pAAlZV2zCA	\N	\N	f	 	1	\N
16900	EXCNZ2pAAlZV2vyE	\N	\N	f	 	1	\N
18545	EXCNZ2pAAlZZdWjE	\N	\N	f	 	6	\N
16901	EXCNZ2pAAlZV2qyB	\N	\N	f	 	1	\N
16902	EXCNZ2pAAlZV2mSA	\N	\N	f	 	1	\N
16903	EXCNZ2pAAlZV2jyD	\N	\N	f	 	1	\N
16904	EXCNZ2pAAlZV2fC1	\N	\N	f	 	1	\N
16905	EXCNZ2pAAlZV2bS1	\N	\N	f	 	1	\N
16906	EXCNZ2pAAlZV2WS6	\N	\N	f	 	1	\N
16907	EXCNZ2pAAlZV2TC2	\N	\N	f	 	1	\N
16908	EXCNZ2pAAlZV2Oi3	\N	\N	f	 	1	\N
16909	EXCNZ2pAAlZV2Li6	\N	\N	f	 	1	\N
16910	EXCNZ2pAAlZV2HS6	\N	\N	f	 	1	\N
16911	EXCNZ2pAAlZV2CS3	\N	\N	f	 	1	\N
16912	EXCNZ2pAAlZV1_SB	\N	\N	f	 	1	\N
16913	EXCNZ2pAAlZV17SA	\N	\N	f	 	1	\N
16914	EXCNZ2pAAlZV12SD	\N	\N	f	 	1	\N
16915	EXCNZ2pAAlZV1zC9	\N	\N	f	 	1	\N
16916	EXCNZ2pAAlZV1uSB	\N	\N	f	 	1	\N
16917	EXCNZ2pAAlZV1rCF	\N	\N	f	 	1	\N
16918	EXCNZ2pAAlZV1niE	\N	\N	f	 	1	\N
16919	EXCNZ2pAAlZV1iS8	\N	\N	f	 	1	\N
16920	EXCNZ2pAAlZV1ey5	\N	\N	f	 	1	\N
16921	EXCNZ2pAAlZV1bi1	\N	\N	f	 	1	\N
16922	EXCNZ2pAAlZV1Wy7	\N	\N	f	 	1	\N
16923	EXCNZ2pAAlZV1Ty2	\N	\N	f	 	1	\N
16924	EXCNZ2pAAlZV1OS3	\N	\N	f	 	1	\N
16925	EXCNZ2pAAlZV1Ky0	\N	\N	f	 	1	\N
16926	EXCNZ2pAAlZV1Gi2	\N	\N	f	 	1	\N
16927	EXCNZ2pAAlZV1DC5	\N	\N	f	 	1	\N
16928	EXCNZ2pAAlZV0_y8	\N	\N	f	 	1	\N
16929	EXCNZ2pAAlZV06iC	\N	\N	f	 	1	\N
16930	EXCNZ2pAAlZV03iB	\N	\N	f	 	1	\N
16931	EXCNZ2pAAlZV0ziA	\N	\N	f	 	1	\N
16932	EXCNZ2pAAlZV0vCF	\N	\N	f	 	1	\N
16933	EXCNZ2pAAlZV0riC	\N	\N	f	 	1	\N
16934	EXCNZ2pAAlZV0nSC	\N	\N	f	 	1	\N
16935	EXCNZ2pAAlZV0iiA	\N	\N	f	 	1	\N
16936	EXCNZ2pAAlZV0eS6	\N	\N	f	 	1	\N
16937	EXCNZ2pAAlZV0bC2	\N	\N	f	 	1	\N
16938	EXCNZ2pAAlZV0Wy6	\N	\N	f	 	1	\N
16939	EXCNZ2pAAlZV0Ty3	\N	\N	f	 	1	\N
16940	EXCNZ2pAAlZV0OS2	\N	\N	f	 	1	\N
16941	EXCNZ2pAAlZV0LS7	\N	\N	f	 	1	\N
16942	EXCNZ2pAAlZV0HS4	\N	\N	f	 	1	\N
16943	EXCNZ2pAAlZV0DC4	\N	\N	f	 	1	\N
16944	EXCNZ2pAAlZVz_SD	\N	\N	f	 	1	\N
16945	EXCNZ2pAAlZVz7yE	\N	\N	f	 	1	\N
16946	EXCNZ2pAAlZVz3yD	\N	\N	f	 	1	\N
16947	EXCNZ2pAAlZVzzyC	\N	\N	f	 	1	\N
16948	EXCNZ2pAAlZVzviA	\N	\N	f	 	1	\N
16949	EXCNZ2pAAlZVzryA	\N	\N	f	 	1	\N
16950	EXCNZ2pAAlZVzmSF	\N	\N	f	 	1	\N
16951	EXCNZ2pAAlZVziSE	\N	\N	f	 	1	\N
16952	EXCNZ2pAAlZVzfy7	\N	\N	f	 	1	\N
16953	EXCNZ2pAAlZVzaS0	\N	\N	f	 	1	\N
16954	EXCNZ2pAAlZVzWi0	\N	\N	f	 	1	\N
16955	EXCNZ2pAAlZVzTi5	\N	\N	f	 	1	\N
16956	EXCNZ2pAAlZVzPy3	\N	\N	f	 	1	\N
16957	EXCNZ2pAAlZVzLS0	\N	\N	f	 	1	\N
16958	EXCNZ2pAAlZVzHy1	\N	\N	f	 	1	\N
16959	EXCNZ2pAAlZVzDC3	\N	\N	f	 	1	\N
16960	EXCNZ2pAAlZVy_CD	\N	\N	f	 	1	\N
16961	EXCNZ2pAAlZVy7CC	\N	\N	f	 	1	\N
16962	EXCNZ2pAAlZVy3yC	\N	\N	f	 	1	\N
16963	EXCNZ2pAAlZVyzSF	\N	\N	f	 	1	\N
16964	EXCNZ2pAAlZVyuyE	\N	\N	f	 	1	\N
16965	EXCNZ2pAAlZVyrC8	\N	\N	f	 	1	\N
16966	EXCNZ2pAAlZVymyC	\N	\N	f	 	1	\N
16967	EXCNZ2pAAlZVyjCA	\N	\N	f	 	1	\N
16968	EXCNZ2pAAlZVyei3	\N	\N	f	 	1	\N
16969	EXCNZ2pAAlZVybS5	\N	\N	f	 	1	\N
16970	EXCNZ2pAAlZVyWy0	\N	\N	f	 	1	\N
16971	EXCNZ2pAAlZVyTi4	\N	\N	f	 	1	\N
16972	EXCNZ2pAAlZVyOi7	\N	\N	f	 	1	\N
16973	EXCNZ2pAAlZVyKS5	\N	\N	f	 	1	\N
16974	EXCNZ2pAAlZVyGi5	\N	\N	f	 	1	\N
16975	EXCNZ2pAAlZVyDS3	\N	\N	f	 	1	\N
16976	EXCNZ2pAAlZVx-i8	\N	\N	f	 	1	\N
16977	EXCNZ2pAAlZVx6i9	\N	\N	f	 	1	\N
16978	EXCNZ2pAAlZV7XTE	\N	\N	f	 	1	\N
16979	EXCNZ2pAAlZV7STB	\N	\N	f	 	1	\N
16980	EXCNZ2pAAlZV7PT8	\N	\N	f	 	1	\N
16981	EXCNZ2pAAlZV7LD8	\N	\N	f	 	1	\N
16982	EXCNZ2pAAlZV7HTA	\N	\N	f	 	1	\N
16983	EXCNZ2pAAlZV7CzD	\N	\N	f	 	1	\N
16984	EXCNZ2pAAlZV6-j2	\N	\N	f	 	1	\N
16985	EXCNZ2pAAlZV66T0	\N	\N	f	 	1	\N
16986	EXCNZ2pAAlZV63T7	\N	\N	f	 	1	\N
16987	EXCNZ2pAAlZV6zj5	\N	\N	f	 	1	\N
16988	EXCNZ2pAAlZV6vT1	\N	\N	f	 	1	\N
16989	EXCNZ2pAAlZV6rT0	\N	\N	f	 	1	\N
16990	EXCNZ2pAAlZV6nT3	\N	\N	f	 	1	\N
16991	EXCNZ2pAAlZV6jz0	\N	\N	f	 	1	\N
16992	EXCNZ2pAAlZV6fzF	\N	\N	f	 	1	\N
16993	EXCNZ2pAAlZV6ajB	\N	\N	f	 	1	\N
16994	EXCNZ2pAAlZV6WTB	\N	\N	f	 	1	\N
16995	EXCNZ2pAAlZV6TjD	\N	\N	f	 	1	\N
16996	EXCNZ2pAAlZV6OzF	\N	\N	f	 	1	\N
18546	EXCNZ2pAAlZZdTT8	\N	\N	f	 	6	\N
16997	EXCNZ2pAAlZV6LD9	\N	\N	f	 	1	\N
16998	EXCNZ2pAAlZV6GTF	\N	\N	f	 	1	\N
16999	EXCNZ2pAAlZV6DDB	\N	\N	f	 	1	\N
17000	EXCNZ2pAAlZV5_T6	\N	\N	f	 	1	\N
17001	EXCNZ2pAAlZV56z1	\N	\N	f	 	1	\N
17002	EXCNZ2pAAlZV52z2	\N	\N	f	 	1	\N
17003	EXCNZ2pAAlZV5yT1	\N	\N	f	 	1	\N
17004	EXCNZ2pAAlZV5uT6	\N	\N	f	 	1	\N
17005	EXCNZ2pAAlZV5qT7	\N	\N	f	 	1	\N
17006	EXCNZ2pAAlZV5nD1	\N	\N	f	 	1	\N
17007	EXCNZ2pAAlZV5iz7	\N	\N	f	 	1	\N
17008	EXCNZ2pAAlZV5fDF	\N	\N	f	 	1	\N
17009	EXCNZ2pAAlZV5aj8	\N	\N	f	 	1	\N
17010	EXCNZ2pAAlZV5XzE	\N	\N	f	 	1	\N
17011	EXCNZ2pAAlZV5SjA	\N	\N	f	 	1	\N
17012	EXCNZ2pAAlZV5OTE	\N	\N	f	 	1	\N
17013	EXCNZ2pAAlZV5KjC	\N	\N	f	 	1	\N
17014	EXCNZ2pAAlZV5GjF	\N	\N	f	 	1	\N
17015	EXCNZ2pAAlZV5DT9	\N	\N	f	 	1	\N
17016	EXCNZ2pAAlZV4-z1	\N	\N	f	 	1	\N
17017	EXCNZ2pAAlZV46T2	\N	\N	f	 	1	\N
17018	EXCNZ2pAAlZV43T5	\N	\N	f	 	1	\N
17019	EXCNZ2pAAlZV4zD5	\N	\N	f	 	1	\N
17020	EXCNZ2pAAlZV4vD2	\N	\N	f	 	1	\N
17021	EXCNZ2pAAlZV4qj5	\N	\N	f	 	1	\N
17022	EXCNZ2pAAlZV4mj6	\N	\N	f	 	1	\N
17023	EXCNZ2pAAlZV4jj3	\N	\N	f	 	1	\N
17024	EXCNZ2pAAlZV4fjC	\N	\N	f	 	1	\N
17025	EXCNZ2pAAlZV4bjD	\N	\N	f	 	1	\N
17026	EXCNZ2pAAlZV4XDC	\N	\N	f	 	1	\N
17027	EXCNZ2pAAlZV4ST8	\N	\N	f	 	1	\N
17028	EXCNZ2pAAlZV4Pj8	\N	\N	f	 	1	\N
17029	EXCNZ2pAAlZV4LDB	\N	\N	f	 	1	\N
17030	EXCNZ2pAAlZV4HzB	\N	\N	f	 	1	\N
17031	EXCNZ2pAAlZVx3SD	\N	\N	f	 	1	\N
17032	EXCNZ2pAAlZVxyiB	\N	\N	f	 	1	\N
17033	EXCNZ2pAAlZVxuSF	\N	\N	f	 	1	\N
17034	EXCNZ2pAAlZVxqyC	\N	\N	f	 	1	\N
17035	EXCNZ2pAAlZVxmSD	\N	\N	f	 	1	\N
17036	EXCNZ2pAAlZVxjS8	\N	\N	f	 	1	\N
17037	EXCNZ2pAAlZVxey1	\N	\N	f	 	1	\N
17038	EXCNZ2pAAlZVxai1	\N	\N	f	 	1	\N
17039	EXCNZ2pAAlZVxXC4	\N	\N	f	 	1	\N
17040	EXCNZ2pAAlZVxTC5	\N	\N	f	 	1	\N
17041	EXCNZ2pAAlZVxPi0	\N	\N	f	 	1	\N
17042	EXCNZ2pAAlZVxLC3	\N	\N	f	 	1	\N
17043	EXCNZ2pAAlZVxHS1	\N	\N	f	 	1	\N
17044	EXCNZ2pAAlZVxDi3	\N	\N	f	 	1	\N
17045	EXCNZ2pAAlZVw_iD	\N	\N	f	 	1	\N
17046	EXCNZ2pAAlZVw7iC	\N	\N	f	 	1	\N
17047	EXCNZ2pAAlZVw2S8	\N	\N	f	 	1	\N
17048	EXCNZ2pAAlZVwzCC	\N	\N	f	 	1	\N
17049	EXCNZ2pAAlZVwvy8	\N	\N	f	 	1	\N
17050	EXCNZ2pAAlZVwri8	\N	\N	f	 	1	\N
17051	EXCNZ2pAAlZVwnS8	\N	\N	f	 	1	\N
17052	EXCNZ2pAAlZVwiiE	\N	\N	f	 	1	\N
17053	EXCNZ2pAAlZVwey0	\N	\N	f	 	1	\N
17054	EXCNZ2pAAlZVwby5	\N	\N	f	 	1	\N
17055	EXCNZ2pAAlZVwWS0	\N	\N	f	 	1	\N
17056	EXCNZ2pAAlZVwSy3	\N	\N	f	 	1	\N
17057	EXCNZ2pAAlZVwPC3	\N	\N	f	 	1	\N
17058	EXCNZ2pAAlZVwKy5	\N	\N	f	 	1	\N
17059	EXCNZ2pAAlZVwHy2	\N	\N	f	 	1	\N
17060	EXCNZ2pAAlZVwCy7	\N	\N	f	 	1	\N
17061	EXCNZ2pAAlZV__h1	\N	\N	f	 	1	\N
17062	EXCNZ2pAAlZV_7R3	\N	\N	f	 	1	\N
17063	EXCNZ2pAAlZV_3B1	\N	\N	f	 	1	\N
17064	EXCNZ2pAAlZV_zB0	\N	\N	f	 	1	\N
17065	EXCNZ2pAAlZV_ux0	\N	\N	f	 	1	\N
17066	EXCNZ2pAAlZV_rB6	\N	\N	f	 	1	\N
17067	EXCNZ2pAAlZV_nR4	\N	\N	f	 	1	\N
17068	EXCNZ2pAAlZV_jR5	\N	\N	f	 	1	\N
17069	EXCNZ2pAAlZV_fh9	\N	\N	f	 	1	\N
17070	EXCNZ2pAAlZV_ahC	\N	\N	f	 	1	\N
17071	EXCNZ2pAAlZV_XhB	\N	\N	f	 	1	\N
17072	EXCNZ2pAAlZV_ShE	\N	\N	f	 	1	\N
17073	EXCNZ2pAAlZV_PxC	\N	\N	f	 	1	\N
17074	EXCNZ2pAAlZV_KRB	\N	\N	f	 	1	\N
17075	EXCNZ2pAAlZV_HhF	\N	\N	f	 	1	\N
17076	EXCNZ2pAAlZV_DRD	\N	\N	f	 	1	\N
17077	EXCNZ2pAAlZV-_R3	\N	\N	f	 	1	\N
17078	EXCNZ2pAAlZV-6h5	\N	\N	f	 	1	\N
17079	EXCNZ2pAAlZV-3x3	\N	\N	f	 	1	\N
17080	EXCNZ2pAAlZV-yR4	\N	\N	f	 	1	\N
17081	EXCNZ2pAAlZV-uh0	\N	\N	f	 	1	\N
17082	EXCNZ2pAAlZV-rx4	\N	\N	f	 	1	\N
17083	EXCNZ2pAAlZV-nR5	\N	\N	f	 	1	\N
17084	EXCNZ2pAAlZV-jx6	\N	\N	f	 	1	\N
17085	EXCNZ2pAAlZV-ehC	\N	\N	f	 	1	\N
17086	EXCNZ2pAAlZV-aRE	\N	\N	f	 	1	\N
17087	EXCNZ2pAAlZV-WRD	\N	\N	f	 	1	\N
17088	EXCNZ2pAAlZV-ThB	\N	\N	f	 	1	\N
17089	EXCNZ2pAAlZV-PhC	\N	\N	f	 	1	\N
17090	EXCNZ2pAAlZV-Kh9	\N	\N	f	 	1	\N
17091	EXCNZ2pAAlZV-HhE	\N	\N	f	 	1	\N
17092	EXCNZ2pAAlZV-DxE	\N	\N	f	 	1	\N
18547	EXCNZ2pAAlZZdPDE	\N	\N	f	 	6	\N
17093	EXCNZ2pAAlZV9_h3	\N	\N	f	 	1	\N
17094	EXCNZ2pAAlZV97x3	\N	\N	f	 	1	\N
17095	EXCNZ2pAAlZV92x4	\N	\N	f	 	1	\N
17096	EXCNZ2pAAlZV9zR3	\N	\N	f	 	1	\N
17097	EXCNZ2pAAlZV9uh3	\N	\N	f	 	1	\N
17098	EXCNZ2pAAlZV9qh2	\N	\N	f	 	1	\N
17099	EXCNZ2pAAlZV9nx4	\N	\N	f	 	1	\N
17100	EXCNZ2pAAlZV9ih0	\N	\N	f	 	1	\N
17101	EXCNZ2pAAlZV9fxA	\N	\N	f	 	1	\N
17102	EXCNZ2pAAlZV9aRD	\N	\N	f	 	1	\N
17103	EXCNZ2pAAlZV9Xx8	\N	\N	f	 	1	\N
17104	EXCNZ2pAAlZV9SRF	\N	\N	f	 	1	\N
17105	EXCNZ2pAAlZV9PRC	\N	\N	f	 	1	\N
17106	EXCNZ2pAAlZV9KhA	\N	\N	f	 	1	\N
17107	EXCNZ2pAAlZV9HRE	\N	\N	f	 	1	\N
17108	EXCNZ2pAAlZV9Ch8	\N	\N	f	 	1	\N
17109	EXCNZ2pAAlZV8_h2	\N	\N	f	 	1	\N
17110	EXCNZ2pAAlZV87R0	\N	\N	f	 	1	\N
17111	EXCNZ2pAAlZV82R7	\N	\N	f	 	1	\N
17112	EXCNZ2pAAlZV8zB3	\N	\N	f	 	1	\N
17113	EXCNZ2pAAlZV8uR1	\N	\N	f	 	1	\N
17114	EXCNZ2pAAlZV8qR0	\N	\N	f	 	1	\N
17115	EXCNZ2pAAlZV8nR7	\N	\N	f	 	1	\N
17116	EXCNZ2pAAlZV8jx4	\N	\N	f	 	1	\N
17117	EXCNZ2pAAlZV8ehE	\N	\N	f	 	1	\N
17118	EXCNZ2pAAlZV8axE	\N	\N	f	 	1	\N
17119	EXCNZ2pAAlZV8Xx9	\N	\N	f	 	1	\N
17120	EXCNZ2pAAlZV8SxC	\N	\N	f	 	1	\N
17121	EXCNZ2pAAlZV8PhE	\N	\N	f	 	1	\N
17122	EXCNZ2pAAlZV8KxA	\N	\N	f	 	1	\N
17123	EXCNZ2pAAlZV8Gx9	\N	\N	f	 	1	\N
17124	EXCNZ2pAAlZV8Ch9	\N	\N	f	 	1	\N
17125	EXCNZ2pAAlZV7-R2	\N	\N	f	 	1	\N
17126	EXCNZ2pAAlZV77x5	\N	\N	f	 	1	\N
17127	EXCNZ2pAAlZV73B5	\N	\N	f	 	1	\N
17128	EXCNZ2pAAlZV7zR5	\N	\N	f	 	1	\N
17129	EXCNZ2pAAlZV7uR6	\N	\N	f	 	1	\N
17130	EXCNZ2pAAlZV7qx5	\N	\N	f	 	1	\N
17131	EXCNZ2pAAlZV7mx6	\N	\N	f	 	1	\N
17132	EXCNZ2pAAlZV7ih6	\N	\N	f	 	1	\N
17133	EXCNZ2pAAlZV7eh9	\N	\N	f	 	1	\N
17134	EXCNZ2pAAlZV7bBE	\N	\N	f	 	1	\N
17135	EXCNZ2pAAlZV7XRC	\N	\N	f	 	1	\N
17136	EXCNZ2pAAlZV7ThE	\N	\N	f	 	1	\N
17137	EXCNZ2pAAlZV7OxC	\N	\N	f	 	1	\N
17138	EXCNZ2pAAlZV7Lh8	\N	\N	f	 	1	\N
17139	EXCNZ2pAAlZV7GxE	\N	\N	f	 	1	\N
17140	EXCNZ2pAAlZV7DhA	\N	\N	f	 	1	\N
17141	EXCNZ2pAAlZV6_h4	\N	\N	f	 	1	\N
17142	EXCNZ2pAAlZV66x0	\N	\N	f	 	1	\N
17143	EXCNZ2pAAlZV62h2	\N	\N	f	 	1	\N
17144	EXCNZ2pAAlZV6zx6	\N	\N	f	 	1	\N
17145	EXCNZ2pAAlZV6uh4	\N	\N	f	 	1	\N
17146	EXCNZ2pAAlZV6qx4	\N	\N	f	 	1	\N
17147	EXCNZ2pAAlZV6mx7	\N	\N	f	 	1	\N
17148	EXCNZ2pAAlZV6jR0	\N	\N	f	 	1	\N
17149	EXCNZ2pAAlZV6fxD	\N	\N	f	 	1	\N
17150	EXCNZ2pAAlZV6aRA	\N	\N	f	 	1	\N
17151	EXCNZ2pAAlZV4nh0	\N	\N	f	 	1	\N
17152	EXCNZ2pAAlZV4jh1	\N	\N	f	 	1	\N
17153	EXCNZ2pAAlZV4fxF	\N	\N	f	 	1	\N
17154	EXCNZ2pAAlZV4bhF	\N	\N	f	 	1	\N
17155	EXCNZ2pAAlZV4XBE	\N	\N	f	 	1	\N
17156	EXCNZ2pAAlZV4TBF	\N	\N	f	 	1	\N
17157	EXCNZ2pAAlZV4PxB	\N	\N	f	 	1	\N
17158	EXCNZ2pAAlZV4KRC	\N	\N	f	 	1	\N
17159	EXCNZ2pAAlZV4HBA	\N	\N	f	 	1	\N
17160	EXCNZ2pAAlZV4Dx8	\N	\N	f	 	1	\N
17161	EXCNZ2pAAlZV3_x8	\N	\N	f	 	1	\N
17162	EXCNZ2pAAlZV37RB	\N	\N	f	 	1	\N
17163	EXCNZ2pAAlZV33hB	\N	\N	f	 	1	\N
17164	EXCNZ2pAAlZV3yhE	\N	\N	f	 	1	\N
17165	EXCNZ2pAAlZV3uh9	\N	\N	f	 	1	\N
17166	EXCNZ2pAAlZV3rBE	\N	\N	f	 	1	\N
17167	EXCNZ2pAAlZV3mR8	\N	\N	f	 	1	\N
17168	EXCNZ2pAAlZV3jxF	\N	\N	f	 	1	\N
17169	EXCNZ2pAAlZV3fR2	\N	\N	f	 	1	\N
17170	EXCNZ2pAAlZV3bR3	\N	\N	f	 	1	\N
17171	EXCNZ2pAAlZV3Xx2	\N	\N	f	 	1	\N
17172	EXCNZ2pAAlZV3TB0	\N	\N	f	 	1	\N
17173	EXCNZ2pAAlZV3Px4	\N	\N	f	 	1	\N
17174	EXCNZ2pAAlZV3LR7	\N	\N	f	 	1	\N
17175	EXCNZ2pAAlZV3Hx6	\N	\N	f	 	1	\N
17176	EXCNZ2pAAlZV3Ch2	\N	\N	f	 	1	\N
17177	EXCNZ2pAAlZV2_RB	\N	\N	f	 	1	\N
17178	EXCNZ2pAAlZV27BB	\N	\N	f	 	1	\N
17179	EXCNZ2pAAlZV23hA	\N	\N	f	 	1	\N
17180	EXCNZ2pAAlZV2zR8	\N	\N	f	 	1	\N
17181	EXCNZ2pAAlZV2uRB	\N	\N	f	 	1	\N
17182	EXCNZ2pAAlZV2rxC	\N	\N	f	 	1	\N
17183	EXCNZ2pAAlZV2mxB	\N	\N	f	 	1	\N
17184	EXCNZ2pAAlZV2jxE	\N	\N	f	 	1	\N
17185	EXCNZ2pAAlZV2fR3	\N	\N	f	 	1	\N
17186	EXCNZ2pAAlZV2ax4	\N	\N	f	 	1	\N
17187	EXCNZ2pAAlZV2Xh2	\N	\N	f	 	1	\N
17188	EXCNZ2pAAlZV2TB1	\N	\N	f	 	1	\N
18548	EXCNZ2pAAlZZdKz8	\N	\N	f	 	6	\N
17189	EXCNZ2pAAlZV2Ph4	\N	\N	f	 	1	\N
17190	EXCNZ2pAAlZV2LB7	\N	\N	f	 	1	\N
17191	EXCNZ2pAAlZV2GR1	\N	\N	f	 	1	\N
17192	EXCNZ2pAAlZV2Ch3	\N	\N	f	 	1	\N
17193	EXCNZ2pAAlZV1-hF	\N	\N	f	 	1	\N
17194	EXCNZ2pAAlZV17xB	\N	\N	f	 	1	\N
17195	EXCNZ2pAAlZV13h9	\N	\N	f	 	1	\N
17196	EXCNZ2pAAlZV1zBA	\N	\N	f	 	1	\N
17197	EXCNZ2pAAlZV1uR8	\N	\N	f	 	1	\N
17198	EXCNZ2pAAlZV1qR9	\N	\N	f	 	1	\N
17199	EXCNZ2pAAlZV1nxC	\N	\N	f	 	1	\N
17200	EXCNZ2pAAlZV1ix9	\N	\N	f	 	1	\N
17201	EXCNZ2pAAlZV1eh7	\N	\N	f	 	1	\N
17202	EXCNZ2pAAlZV1bx3	\N	\N	f	 	1	\N
17203	EXCNZ2pAAlZV1WR6	\N	\N	f	 	1	\N
17204	EXCNZ2pAAlZV1TB2	\N	\N	f	 	1	\N
17205	EXCNZ2pAAlZV1Ox2	\N	\N	f	 	1	\N
17206	EXCNZ2pAAlZV1Lh6	\N	\N	f	 	1	\N
17207	EXCNZ2pAAlZV1Gh1	\N	\N	f	 	1	\N
17208	EXCNZ2pAAlZV1Dx5	\N	\N	f	 	1	\N
17209	EXCNZ2pAAlZV0_xB	\N	\N	f	 	1	\N
17210	EXCNZ2pAAlZV06hF	\N	\N	f	 	1	\N
17211	EXCNZ2pAAlZV03x9	\N	\N	f	 	1	\N
17212	EXCNZ2pAAlZV0yxC	\N	\N	f	 	1	\N
17213	EXCNZ2pAAlZV0uR9	\N	\N	f	 	1	\N
17214	EXCNZ2pAAlZV0rhF	\N	\N	f	 	1	\N
17215	EXCNZ2pAAlZV0nxD	\N	\N	f	 	1	\N
17216	EXCNZ2pAAlZV0ix8	\N	\N	f	 	1	\N
17217	EXCNZ2pAAlZV0eh6	\N	\N	f	 	1	\N
17218	EXCNZ2pAAlZV0bx2	\N	\N	f	 	1	\N
17219	EXCNZ2pAAlZV0XR3	\N	\N	f	 	1	\N
17220	EXCNZ2pAAlZV0TR2	\N	\N	f	 	1	\N
17221	EXCNZ2pAAlZV0Ph6	\N	\N	f	 	1	\N
17222	EXCNZ2pAAlZV0Lh7	\N	\N	f	 	1	\N
17223	EXCNZ2pAAlZV0Gh0	\N	\N	f	 	1	\N
17224	EXCNZ2pAAlZV0Ch1	\N	\N	f	 	1	\N
17225	EXCNZ2pAAlZVz_RE	\N	\N	f	 	1	\N
17226	EXCNZ2pAAlZVz7RF	\N	\N	f	 	1	\N
17227	EXCNZ2pAAlZVz3hF	\N	\N	f	 	1	\N
17228	EXCNZ2pAAlZVzzhE	\N	\N	f	 	1	\N
17229	EXCNZ2pAAlZVzvh9	\N	\N	f	 	1	\N
17230	EXCNZ2pAAlZVzqxD	\N	\N	f	 	1	\N
17231	EXCNZ2pAAlZVznhB	\N	\N	f	 	1	\N
17232	EXCNZ2pAAlZVzjhA	\N	\N	f	 	1	\N
17233	EXCNZ2pAAlZVzfB7	\N	\N	f	 	1	\N
17234	EXCNZ2pAAlZVzbB6	\N	\N	f	 	1	\N
17235	EXCNZ2pAAlZVzXR4	\N	\N	f	 	1	\N
17236	EXCNZ2pAAlZVzTx7	\N	\N	f	 	1	\N
17237	EXCNZ2pAAlZVzPB3	\N	\N	f	 	1	\N
17238	EXCNZ2pAAlZVzLh0	\N	\N	f	 	1	\N
17239	EXCNZ2pAAlZVzGR4	\N	\N	f	 	1	\N
17240	EXCNZ2pAAlZVzCR5	\N	\N	f	 	1	\N
17241	EXCNZ2pAAlZVy_BE	\N	\N	f	 	1	\N
17242	EXCNZ2pAAlZVy7hD	\N	\N	f	 	1	\N
17243	EXCNZ2pAAlZVy3BC	\N	\N	f	 	1	\N
17244	EXCNZ2pAAlZVyzBD	\N	\N	f	 	1	\N
17245	EXCNZ2pAAlZVyuRF	\N	\N	f	 	1	\N
17246	EXCNZ2pAAlZVyrh9	\N	\N	f	 	1	\N
17247	EXCNZ2pAAlZV6iS7	\N	\N	f	 	1	\N
17248	EXCNZ2pAAlZV6eiB	\N	\N	f	 	1	\N
17249	EXCNZ2pAAlZV6byF	\N	\N	f	 	1	\N
17250	EXCNZ2pAAlZV6XyC	\N	\N	f	 	1	\N
17251	EXCNZ2pAAlZV6TCE	\N	\N	f	 	1	\N
17252	EXCNZ2pAAlZV6OyE	\N	\N	f	 	1	\N
17253	EXCNZ2pAAlZV6LS9	\N	\N	f	 	1	\N
17254	EXCNZ2pAAlZV6GiD	\N	\N	f	 	1	\N
17255	EXCNZ2pAAlZV6DSB	\N	\N	f	 	1	\N
17256	EXCNZ2pAAlZV5-i0	\N	\N	f	 	1	\N
17257	EXCNZ2pAAlZV57i5	\N	\N	f	 	1	\N
17258	EXCNZ2pAAlZV52i2	\N	\N	f	 	1	\N
17259	EXCNZ2pAAlZV5zi7	\N	\N	f	 	1	\N
17260	EXCNZ2pAAlZV5vi0	\N	\N	f	 	1	\N
17261	EXCNZ2pAAlZV5rS2	\N	\N	f	 	1	\N
17262	EXCNZ2pAAlZV5my7	\N	\N	f	 	1	\N
17263	EXCNZ2pAAlZV5iy6	\N	\N	f	 	1	\N
17264	EXCNZ2pAAlZV5fSF	\N	\N	f	 	1	\N
17265	EXCNZ2pAAlZV5biD	\N	\N	f	 	1	\N
17266	EXCNZ2pAAlZV5WiA	\N	\N	f	 	1	\N
17267	EXCNZ2pAAlZV5TSC	\N	\N	f	 	1	\N
17268	EXCNZ2pAAlZV5OyD	\N	\N	f	 	1	\N
17269	EXCNZ2pAAlZV5LCB	\N	\N	f	 	1	\N
17270	EXCNZ2pAAlZV5HS9	\N	\N	f	 	1	\N
17271	EXCNZ2pAAlZV5CyE	\N	\N	f	 	1	\N
17272	EXCNZ2pAAlZV4-y0	\N	\N	f	 	1	\N
17273	EXCNZ2pAAlZV46y1	\N	\N	f	 	1	\N
17274	EXCNZ2pAAlZV43C5	\N	\N	f	 	1	\N
17275	EXCNZ2pAAlZV4yy3	\N	\N	f	 	1	\N
17276	EXCNZ2pAAlZV4ui5	\N	\N	f	 	1	\N
17277	EXCNZ2pAAlZV4ry1	\N	\N	f	 	1	\N
17278	EXCNZ2pAAlZV4nS0	\N	\N	f	 	1	\N
17279	EXCNZ2pAAlZV4jS1	\N	\N	f	 	1	\N
17280	EXCNZ2pAAlZV4fCF	\N	\N	f	 	1	\N
17281	EXCNZ2pAAlZV4aSB	\N	\N	f	 	1	\N
17282	EXCNZ2pAAlZV4XiF	\N	\N	f	 	1	\N
17283	EXCNZ2pAAlZV4SiA	\N	\N	f	 	1	\N
17284	EXCNZ2pAAlZV4OyC	\N	\N	f	 	1	\N
18549	EXCNZ2pAAlZZdGjA	\N	\N	f	 	6	\N
17285	EXCNZ2pAAlZV4KSF	\N	\N	f	 	1	\N
17286	EXCNZ2pAAlZV4GSC	\N	\N	f	 	1	\N
17287	EXCNZ2pAAlZV4CSD	\N	\N	f	 	1	\N
17288	EXCNZ2pAAlZV3_C8	\N	\N	f	 	1	\N
17289	EXCNZ2pAAlZV37S8	\N	\N	f	 	1	\N
17290	EXCNZ2pAAlZVynxB	\N	\N	f	 	1	\N
17291	EXCNZ2pAAlZVyjB9	\N	\N	f	 	1	\N
17292	EXCNZ2pAAlZVyfh4	\N	\N	f	 	1	\N
17293	EXCNZ2pAAlZVybx4	\N	\N	f	 	1	\N
17294	EXCNZ2pAAlZVyXB4	\N	\N	f	 	1	\N
17295	EXCNZ2pAAlZVyTR4	\N	\N	f	 	1	\N
17296	EXCNZ2pAAlZVyPR3	\N	\N	f	 	1	\N
17297	EXCNZ2pAAlZVyKx4	\N	\N	f	 	1	\N
17298	EXCNZ2pAAlZVyHR1	\N	\N	f	 	1	\N
17299	EXCNZ2pAAlZVyCx6	\N	\N	f	 	1	\N
17300	EXCNZ2pAAlZVx-R8	\N	\N	f	 	1	\N
17301	EXCNZ2pAAlZVx6xB	\N	\N	f	 	1	\N
17302	EXCNZ2pAAlZVx3BF	\N	\N	f	 	1	\N
17303	EXCNZ2pAAlZVxzBE	\N	\N	f	 	1	\N
17304	EXCNZ2pAAlZVxvxA	\N	\N	f	 	1	\N
17305	EXCNZ2pAAlZVxrhA	\N	\N	f	 	1	\N
17306	EXCNZ2pAAlZVxnRA	\N	\N	f	 	1	\N
17307	EXCNZ2pAAlZVxiRF	\N	\N	f	 	1	\N
17308	EXCNZ2pAAlZVxeR0	\N	\N	f	 	1	\N
17309	EXCNZ2pAAlZVxax3	\N	\N	f	 	1	\N
17310	EXCNZ2pAAlZVxXh5	\N	\N	f	 	1	\N
17311	EXCNZ2pAAlZVxSh0	\N	\N	f	 	1	\N
17312	EXCNZ2pAAlZVxOR4	\N	\N	f	 	1	\N
17313	EXCNZ2pAAlZVxKh6	\N	\N	f	 	1	\N
17314	EXCNZ2pAAlZVxHh1	\N	\N	f	 	1	\N
17315	EXCNZ2pAAlZVxDB2	\N	\N	f	 	1	\N
17316	EXCNZ2pAAlZVw-xB	\N	\N	f	 	1	\N
17317	EXCNZ2pAAlZVw7RC	\N	\N	f	 	1	\N
17318	EXCNZ2pAAlZVw3hC	\N	\N	f	 	1	\N
17319	EXCNZ2pAAlZVwzxC	\N	\N	f	 	1	\N
17320	EXCNZ2pAAlZVwvR9	\N	\N	f	 	1	\N
17321	EXCNZ2pAAlZVwrR8	\N	\N	f	 	1	\N
17322	EXCNZ2pAAlZVwnx9	\N	\N	f	 	1	\N
17323	EXCNZ2pAAlZVwiRE	\N	\N	f	 	1	\N
17324	EXCNZ2pAAlZVwfR5	\N	\N	f	 	1	\N
17325	EXCNZ2pAAlZVwbB5	\N	\N	f	 	1	\N
17326	EXCNZ2pAAlZVwWR3	\N	\N	f	 	1	\N
17327	EXCNZ2pAAlZVwSh1	\N	\N	f	 	1	\N
17328	EXCNZ2pAAlZVwPR1	\N	\N	f	 	1	\N
17329	EXCNZ2pAAlZVwKh7	\N	\N	f	 	1	\N
17330	EXCNZ2pAAlZVwGh4	\N	\N	f	 	1	\N
17331	EXCNZ2pAAlZVwDR2	\N	\N	f	 	1	\N
17332	EXCNZ2pAAlZV_-g4	\N	\N	f	 	1	\N
17333	EXCNZ2pAAlZV_7g1	\N	\N	f	 	1	\N
17334	EXCNZ2pAAlZV_2g6	\N	\N	f	 	1	\N
17335	EXCNZ2pAAlZV_yg7	\N	\N	f	 	1	\N
17336	EXCNZ2pAAlZV_uQ3	\N	\N	f	 	1	\N
17337	EXCNZ2pAAlZV_qg1	\N	\N	f	 	1	\N
17338	EXCNZ2pAAlZV_mQ1	\N	\N	f	 	1	\N
17339	EXCNZ2pAAlZV_jA5	\N	\N	f	 	1	\N
17340	EXCNZ2pAAlZV_egC	\N	\N	f	 	1	\N
17341	EXCNZ2pAAlZV_bg9	\N	\N	f	 	1	\N
17342	EXCNZ2pAAlZV_XwB	\N	\N	f	 	1	\N
17343	EXCNZ2pAAlZV_TgB	\N	\N	f	 	1	\N
17344	EXCNZ2pAAlZV_Ow9	\N	\N	f	 	1	\N
17345	EXCNZ2pAAlZV_LAF	\N	\N	f	 	1	\N
17346	EXCNZ2pAAlZV_HgE	\N	\N	f	 	1	\N
17347	EXCNZ2pAAlZV_DQC	\N	\N	f	 	1	\N
17348	EXCNZ2pAAlZV-_g1	\N	\N	f	 	1	\N
17349	EXCNZ2pAAlZV-6w5	\N	\N	f	 	1	\N
17350	EXCNZ2pAAlZV-3Q0	\N	\N	f	 	1	\N
17351	EXCNZ2pAAlZV-zw3	\N	\N	f	 	1	\N
17352	EXCNZ2pAAlZV-uw0	\N	\N	f	 	1	\N
17353	EXCNZ2pAAlZV-rQ7	\N	\N	f	 	1	\N
17354	EXCNZ2pAAlZV-nA5	\N	\N	f	 	1	\N
17355	EXCNZ2pAAlZV-jg6	\N	\N	f	 	1	\N
17356	EXCNZ2pAAlZV-fw8	\N	\N	f	 	1	\N
17357	EXCNZ2pAAlZV-awD	\N	\N	f	 	1	\N
17358	EXCNZ2pAAlZV-XA9	\N	\N	f	 	1	\N
17359	EXCNZ2pAAlZV-TA8	\N	\N	f	 	1	\N
17360	EXCNZ2pAAlZV-PQE	\N	\N	f	 	1	\N
17361	EXCNZ2pAAlZV-LQF	\N	\N	f	 	1	\N
17362	EXCNZ2pAAlZV-HAD	\N	\N	f	 	1	\N
17363	EXCNZ2pAAlZV-CQ9	\N	\N	f	 	1	\N
17364	EXCNZ2pAAlZV9_Q1	\N	\N	f	 	1	\N
17365	EXCNZ2pAAlZV97g3	\N	\N	f	 	1	\N
17366	EXCNZ2pAAlZV93w1	\N	\N	f	 	1	\N
17367	EXCNZ2pAAlZV9zQ2	\N	\N	f	 	1	\N
17368	EXCNZ2pAAlZV9vQ5	\N	\N	f	 	1	\N
17369	EXCNZ2pAAlZV9qQ0	\N	\N	f	 	1	\N
17370	EXCNZ2pAAlZV9ng4	\N	\N	f	 	1	\N
17371	EXCNZ2pAAlZV9ig1	\N	\N	f	 	1	\N
17372	EXCNZ2pAAlZV9fA8	\N	\N	f	 	1	\N
17373	EXCNZ2pAAlZV9aQC	\N	\N	f	 	1	\N
17374	EXCNZ2pAAlZV9WwD	\N	\N	f	 	1	\N
17375	EXCNZ2pAAlZV9SgD	\N	\N	f	 	1	\N
17376	EXCNZ2pAAlZV9OgA	\N	\N	f	 	1	\N
17377	EXCNZ2pAAlZV9LwE	\N	\N	f	 	1	\N
17378	EXCNZ2pAAlZV9Gg8	\N	\N	f	 	1	\N
17379	EXCNZ2pAAlZV9Cw8	\N	\N	f	 	1	\N
17380	EXCNZ2pAAlZV8-g7	\N	\N	f	 	1	\N
18550	EXCNZ2pAAlZZdDTC	\N	\N	f	 	6	\N
17381	EXCNZ2pAAlZV86g6	\N	\N	f	 	1	\N
17382	EXCNZ2pAAlZV82g5	\N	\N	f	 	1	\N
17383	EXCNZ2pAAlZV8zQ3	\N	\N	f	 	1	\N
17384	EXCNZ2pAAlZV8vA5	\N	\N	f	 	1	\N
17385	EXCNZ2pAAlZV8qw3	\N	\N	f	 	1	\N
17386	EXCNZ2pAAlZV8nA7	\N	\N	f	 	1	\N
17387	EXCNZ2pAAlZV8jg4	\N	\N	f	 	1	\N
17388	EXCNZ2pAAlZV8fQ8	\N	\N	f	 	1	\N
17389	EXCNZ2pAAlZV8agE	\N	\N	f	 	1	\N
17390	EXCNZ2pAAlZV8XQA	\N	\N	f	 	1	\N
17391	EXCNZ2pAAlZV8SQF	\N	\N	f	 	1	\N
17392	EXCNZ2pAAlZV8PAD	\N	\N	f	 	1	\N
17393	EXCNZ2pAAlZV8LQD	\N	\N	f	 	1	\N
17394	EXCNZ2pAAlZV8HwC	\N	\N	f	 	1	\N
17395	EXCNZ2pAAlZV8DwD	\N	\N	f	 	1	\N
17396	EXCNZ2pAAlZV7_g4	\N	\N	f	 	1	\N
17397	EXCNZ2pAAlZV77g5	\N	\N	f	 	1	\N
17398	EXCNZ2pAAlZV72Q1	\N	\N	f	 	1	\N
17399	EXCNZ2pAAlZV7zA5	\N	\N	f	 	1	\N
17400	EXCNZ2pAAlZV7vA2	\N	\N	f	 	1	\N
17401	EXCNZ2pAAlZV7qw4	\N	\N	f	 	1	\N
17402	EXCNZ2pAAlZV7nQ1	\N	\N	f	 	1	\N
17403	EXCNZ2pAAlZV7jA1	\N	\N	f	 	1	\N
17404	EXCNZ2pAAlZV7fwD	\N	\N	f	 	1	\N
17405	EXCNZ2pAAlZV7bwC	\N	\N	f	 	1	\N
17406	EXCNZ2pAAlZV7XAC	\N	\N	f	 	1	\N
17407	EXCNZ2pAAlZV7SwA	\N	\N	f	 	1	\N
17408	EXCNZ2pAAlZV7OQF	\N	\N	f	 	1	\N
17409	EXCNZ2pAAlZV7Lg9	\N	\N	f	 	1	\N
17410	EXCNZ2pAAlZVyyQ9	\N	\N	f	 	1	\N
17411	EXCNZ2pAAlZVyugD	\N	\N	f	 	1	\N
17412	EXCNZ2pAAlZVyrw9	\N	\N	f	 	1	\N
17413	EXCNZ2pAAlZVyngB	\N	\N	f	 	1	\N
17414	EXCNZ2pAAlZVyigE	\N	\N	f	 	1	\N
17415	EXCNZ2pAAlZVyfw4	\N	\N	f	 	1	\N
17416	EXCNZ2pAAlZVyaw1	\N	\N	f	 	1	\N
17417	EXCNZ2pAAlZVyWw2	\N	\N	f	 	1	\N
17418	EXCNZ2pAAlZVySw3	\N	\N	f	 	1	\N
17419	EXCNZ2pAAlZVyPQ2	\N	\N	f	 	1	\N
17420	EXCNZ2pAAlZVyLw1	\N	\N	f	 	1	\N
17421	EXCNZ2pAAlZVyHA1	\N	\N	f	 	1	\N
17422	EXCNZ2pAAlZVyDA0	\N	\N	f	 	1	\N
17423	EXCNZ2pAAlZVx-gA	\N	\N	f	 	1	\N
17424	EXCNZ2pAAlZVx6Q8	\N	\N	f	 	1	\N
17425	EXCNZ2pAAlZVx2g8	\N	\N	f	 	1	\N
17426	EXCNZ2pAAlZVxyQA	\N	\N	f	 	1	\N
17427	EXCNZ2pAAlZVxvQ9	\N	\N	f	 	1	\N
17428	EXCNZ2pAAlZVxqwE	\N	\N	f	 	1	\N
17429	EXCNZ2pAAlZVxmgC	\N	\N	f	 	1	\N
17430	EXCNZ2pAAlZVxigD	\N	\N	f	 	1	\N
17431	EXCNZ2pAAlZVxfQ5	\N	\N	f	 	1	\N
17432	EXCNZ2pAAlZVxbQ4	\N	\N	f	 	1	\N
17433	EXCNZ2pAAlZVxXA6	\N	\N	f	 	1	\N
17434	EXCNZ2pAAlZVxSQ2	\N	\N	f	 	1	\N
17435	EXCNZ2pAAlZVxPw3	\N	\N	f	 	1	\N
17436	EXCNZ2pAAlZVxKQ4	\N	\N	f	 	1	\N
17437	EXCNZ2pAAlZVxGw5	\N	\N	f	 	1	\N
17438	EXCNZ2pAAlZVxDQ2	\N	\N	f	 	1	\N
17439	EXCNZ2pAAlZVw_gF	\N	\N	f	 	1	\N
17440	EXCNZ2pAAlZVw7gE	\N	\N	f	 	1	\N
17441	EXCNZ2pAAlZVw3gD	\N	\N	f	 	1	\N
17442	EXCNZ2pAAlZVwyQB	\N	\N	f	 	1	\N
17443	EXCNZ2pAAlZVwugF	\N	\N	f	 	1	\N
17444	EXCNZ2pAAlZVwrgA	\N	\N	f	 	1	\N
17445	EXCNZ2pAAlZVwnQA	\N	\N	f	 	1	\N
17446	EXCNZ2pAAlZVwjQB	\N	\N	f	 	1	\N
17447	EXCNZ2pAAlZVwfg7	\N	\N	f	 	1	\N
17448	EXCNZ2pAAlZVwbw7	\N	\N	f	 	1	\N
17449	EXCNZ2pAAlZVwWQ2	\N	\N	f	 	1	\N
17450	EXCNZ2pAAlZVwSg0	\N	\N	f	 	1	\N
17451	EXCNZ2pAAlZVwOg7	\N	\N	f	 	1	\N
17452	EXCNZ2pAAlZVwKg6	\N	\N	f	 	1	\N
17453	EXCNZ2pAAlZV0y09	\N	\N	f	 	1	\N
17454	EXCNZ2pAAlZV0v0A	\N	\N	f	 	1	\N
17455	EXCNZ2pAAlZV0qkE	\N	\N	f	 	1	\N
17456	EXCNZ2pAAlZV0nEB	\N	\N	f	 	1	\N
17457	EXCNZ2pAAlZV0i0D	\N	\N	f	 	1	\N
17458	EXCNZ2pAAlZV0f06	\N	\N	f	 	1	\N
17459	EXCNZ2pAAlZV0b07	\N	\N	f	 	1	\N
17460	EXCNZ2pAAlZV0Wk1	\N	\N	f	 	1	\N
17461	EXCNZ2pAAlZV0TE6	\N	\N	f	 	1	\N
17462	EXCNZ2pAAlZV0P02	\N	\N	f	 	1	\N
17463	EXCNZ2pAAlZV0L03	\N	\N	f	 	1	\N
17464	EXCNZ2pAAlZV6WxB	\N	\N	f	 	1	\N
17465	EXCNZ2pAAlZV6TBD	\N	\N	f	 	1	\N
17466	EXCNZ2pAAlZV6Ph8	\N	\N	f	 	1	\N
17467	EXCNZ2pAAlZV6Lx8	\N	\N	f	 	1	\N
17503	EXCNZ2pAAlZV6bgC	\N	\N	f	 	1	\N
17504	EXCNZ2pAAlZV6WgB	\N	\N	f	 	1	\N
17505	EXCNZ2pAAlZV6TQD	\N	\N	f	 	1	\N
17506	EXCNZ2pAAlZV6OQE	\N	\N	f	 	1	\N
17507	EXCNZ2pAAlZV6Lg8	\N	\N	f	 	1	\N
17508	EXCNZ2pAAlZV6HwA	\N	\N	f	 	1	\N
17509	EXCNZ2pAAlZV6CgE	\N	\N	f	 	1	\N
17510	EXCNZ2pAAlZV5_A4	\N	\N	f	 	1	\N
17511	EXCNZ2pAAlZV56g3	\N	\N	f	 	1	\N
18551	EXCNZ2pAAlZZc_z0	\N	\N	f	 	6	\N
17514	EXCNZ2pAAlZV5vg2	\N	\N	f	 	1	\N
17515	EXCNZ2pAAlZV5qg7	\N	\N	f	 	1	\N
17516	EXCNZ2pAAlZV5nQ3	\N	\N	f	 	1	\N
17517	EXCNZ2pAAlZV5ig5	\N	\N	f	 	1	\N
17518	EXCNZ2pAAlZV5fAC	\N	\N	f	 	1	\N
17519	EXCNZ2pAAlZV5aQ8	\N	\N	f	 	1	\N
17520	EXCNZ2pAAlZV5WQB	\N	\N	f	 	1	\N
17521	EXCNZ2pAAlZV5TQE	\N	\N	f	 	1	\N
18577	EXCNZ2pAAlZZbXDE	\N	\N	f	 	6	\N
18578	EXCNZ2pAAlZZbTTE	\N	\N	f	 	6	\N
18579	EXCNZ2pAAlZZbPD8	\N	\N	f	 	6	\N
18580	EXCNZ2pAAlZZbLD9	\N	\N	f	 	6	\N
18581	EXCNZ2pAAlZZbHDA	\N	\N	f	 	6	\N
18582	EXCNZ2pAAlZZbDz8	\N	\N	f	 	6	\N
18583	EXCNZ2pAAlZZa_z6	\N	\N	f	 	6	\N
18584	EXCNZ2pAAlZZa7D4	\N	\N	f	 	6	\N
18585	EXCNZ2pAAlZZa2z0	\N	\N	f	 	6	\N
18586	EXCNZ2pAAlZZayT3	\N	\N	f	 	6	\N
18587	EXCNZ2pAAlZZauj7	\N	\N	f	 	6	\N
18588	EXCNZ2pAAlZZaqj6	\N	\N	f	 	6	\N
18589	EXCNZ2pAAlZZanT2	\N	\N	f	 	6	\N
18590	EXCNZ2pAAlZZaiT7	\N	\N	f	 	6	\N
18591	EXCNZ2pAAlZZaejB	\N	\N	f	 	6	\N
18592	EXCNZ2pAAlZZabDC	\N	\N	f	 	6	\N
18593	EXCNZ2pAAlZZaWTA	\N	\N	f	 	6	\N
18594	EXCNZ2pAAlZZaTjC	\N	\N	f	 	6	\N
18595	EXCNZ2pAAlZZaPjB	\N	\N	f	 	6	\N
18596	EXCNZ2pAAlZZaLzB	\N	\N	f	 	6	\N
18597	EXCNZ2pAAlZZaHz8	\N	\N	f	 	6	\N
18598	EXCNZ2pAAlZZaDj8	\N	\N	f	 	6	\N
18599	EXCNZ2pAAlZZZ_D6	\N	\N	f	 	6	\N
18600	EXCNZ2pAAlZZZ7T6	\N	\N	f	 	6	\N
18601	EXCNZ2pAAlZZZ3T5	\N	\N	f	 	6	\N
18602	EXCNZ2pAAlZZZyj3	\N	\N	f	 	6	\N
18603	EXCNZ2pAAlZZZuT7	\N	\N	f	 	6	\N
18604	EXCNZ2pAAlZZZrT2	\N	\N	f	 	6	\N
18605	EXCNZ2pAAlZZZnz3	\N	\N	f	 	6	\N
18606	EXCNZ2pAAlZZZij7	\N	\N	f	 	6	\N
18607	EXCNZ2pAAlZZZfzD	\N	\N	f	 	6	\N
18608	EXCNZ2pAAlZZZaz8	\N	\N	f	 	6	\N
18609	EXCNZ2pAAlZZZWT9	\N	\N	f	 	6	\N
18610	EXCNZ2pAAlZZZTzE	\N	\N	f	 	6	\N
18611	EXCNZ2pAAlZZZOTF	\N	\N	f	 	6	\N
18612	EXCNZ2pAAlZZZKTE	\N	\N	f	 	6	\N
18613	EXCNZ2pAAlZZZHzB	\N	\N	f	 	6	\N
18614	EXCNZ2pAAlZZZDD9	\N	\N	f	 	6	\N
18615	EXCNZ2pAAlZZY-T2	\N	\N	f	 	6	\N
18616	EXCNZ2pAAlZZY7z5	\N	\N	f	 	6	\N
18617	EXCNZ2pAAlZZY2j3	\N	\N	f	 	6	\N
18618	EXCNZ2pAAlZZYzz7	\N	\N	f	 	6	\N
18619	EXCNZ2pAAlZZYuj5	\N	\N	f	 	6	\N
18620	EXCNZ2pAAlZZYqj4	\N	\N	f	 	6	\N
18621	EXCNZ2pAAlZZYmT4	\N	\N	f	 	6	\N
18622	EXCNZ2pAAlZZYjz3	\N	\N	f	 	6	\N
18623	EXCNZ2pAAlZZYfzC	\N	\N	f	 	6	\N
18624	EXCNZ2pAAlZZYbTF	\N	\N	f	 	6	\N
18625	EXCNZ2pAAlZZYXjF	\N	\N	f	 	6	\N
18626	EXCNZ2pAAlZZYTTD	\N	\N	f	 	6	\N
18627	EXCNZ2pAAlZZYOzC	\N	\N	f	 	6	\N
18628	EXCNZ2pAAlZZYKTF	\N	\N	f	 	6	\N
18629	EXCNZ2pAAlZZYHT8	\N	\N	f	 	6	\N
18630	EXCNZ2pAAlZZYDT9	\N	\N	f	 	6	\N
18631	EXCNZ2pAAlZZX_jA	\N	\N	f	 	6	\N
18632	EXCNZ2pAAlZZX7T8	\N	\N	f	 	6	\N
18633	EXCNZ2pAAlZZcXiA	\N	\N	f	 	6	\N
18634	EXCNZ2pAAlZZcSiF	\N	\N	f	 	6	\N
18635	EXCNZ2pAAlZZcPSF	\N	\N	f	 	6	\N
18636	EXCNZ2pAAlZZcLyC	\N	\N	f	 	6	\N
18637	EXCNZ2pAAlZZcGiA	\N	\N	f	 	6	\N
18638	EXCNZ2pAAlZZcCiB	\N	\N	f	 	6	\N
18639	EXCNZ2pAAlZZb_S4	\N	\N	f	 	6	\N
18640	EXCNZ2pAAlZZb6i2	\N	\N	f	 	6	\N
18641	EXCNZ2pAAlZZb3i5	\N	\N	f	 	6	\N
18642	EXCNZ2pAAlZZbyi0	\N	\N	f	 	6	\N
18643	EXCNZ2pAAlZZbvi3	\N	\N	f	 	6	\N
18644	EXCNZ2pAAlZZbry3	\N	\N	f	 	6	\N
18645	EXCNZ2pAAlZZbnC3	\N	\N	f	 	6	\N
18646	EXCNZ2pAAlZZbjC2	\N	\N	f	 	6	\N
18647	EXCNZ2pAAlZZbfiF	\N	\N	f	 	6	\N
18648	EXCNZ2pAAlZZbaiA	\N	\N	f	 	6	\N
18649	EXCNZ2pAAlZZbWSA	\N	\N	f	 	6	\N
18650	EXCNZ2pAAlZZbSy9	\N	\N	f	 	6	\N
18651	EXCNZ2pAAlZZbPC9	\N	\N	f	 	6	\N
18652	EXCNZ2pAAlZZbKiE	\N	\N	f	 	6	\N
18653	EXCNZ2pAAlZZbGiD	\N	\N	f	 	6	\N
18654	EXCNZ2pAAlZZbCyD	\N	\N	f	 	6	\N
18655	EXCNZ2pAAlZZa-S1	\N	\N	f	 	6	\N
18656	EXCNZ2pAAlZZa7i7	\N	\N	f	 	6	\N
18657	EXCNZ2pAAlZZa3i4	\N	\N	f	 	6	\N
18658	EXCNZ2pAAlZZayi1	\N	\N	f	 	6	\N
18659	EXCNZ2pAAlZZaui6	\N	\N	f	 	6	\N
18660	EXCNZ2pAAlZZarS0	\N	\N	f	 	6	\N
18661	EXCNZ2pAAlZZany1	\N	\N	f	 	6	\N
18662	EXCNZ2pAAlZZajS2	\N	\N	f	 	6	\N
18663	EXCNZ2pAAlZZaeyB	\N	\N	f	 	6	\N
18664	EXCNZ2pAAlZZabCD	\N	\N	f	 	6	\N
18665	EXCNZ2pAAlZZaWy9	\N	\N	f	 	6	\N
18666	EXCNZ2pAAlZZaSi9	\N	\N	f	 	6	\N
18667	EXCNZ2pAAlZZaOiE	\N	\N	f	 	6	\N
18668	EXCNZ2pAAlZZaKiF	\N	\N	f	 	6	\N
18669	EXCNZ2pAAlZZaHi8	\N	\N	f	 	6	\N
18670	EXCNZ2pAAlZZaCiD	\N	\N	f	 	6	\N
18671	EXCNZ2pAAlZZZ-i1	\N	\N	f	 	6	\N
18672	EXCNZ2pAAlZZZ7S7	\N	\N	f	 	6	\N
18673	EXCNZ2pAAlZZZ2y2	\N	\N	f	 	6	\N
18674	EXCNZ2pAAlZZZyS1	\N	\N	f	 	6	\N
18675	EXCNZ2pAAlZZZvi1	\N	\N	f	 	6	\N
18676	EXCNZ2pAAlZZZry1	\N	\N	f	 	6	\N
18677	EXCNZ2pAAlZZZnS0	\N	\N	f	 	6	\N
18678	EXCNZ2pAAlZZZjC0	\N	\N	f	 	6	\N
18679	EXCNZ2pAAlZZZeSA	\N	\N	f	 	6	\N
18680	EXCNZ2pAAlZZZaSB	\N	\N	f	 	6	\N
18681	EXCNZ2pAAlZZZXSC	\N	\N	f	 	6	\N
18682	EXCNZ2pAAlZZZTyF	\N	\N	f	 	6	\N
18683	EXCNZ2pAAlZZZPy8	\N	\N	f	 	6	\N
18684	EXCNZ2pAAlZZZLCA	\N	\N	f	 	6	\N
18685	EXCNZ2pAAlZZZHS8	\N	\N	f	 	6	\N
18686	EXCNZ2pAAlZZZCyF	\N	\N	f	 	6	\N
18687	EXCNZ2pAAlZZY-y1	\N	\N	f	 	6	\N
18688	EXCNZ2pAAlZZY6y0	\N	\N	f	 	6	\N
18689	EXCNZ2pAAlZZY3C4	\N	\N	f	 	6	\N
18690	EXCNZ2pAAlZZYzS4	\N	\N	f	 	6	\N
18691	EXCNZ2pAAlZZYuS7	\N	\N	f	 	6	\N
18692	EXCNZ2pAAlZZYrC3	\N	\N	f	 	6	\N
18693	EXCNZ2pAAlZZYmS5	\N	\N	f	 	6	\N
18694	EXCNZ2pAAlZZYjC1	\N	\N	f	 	6	\N
18695	EXCNZ2pAAlZZYfCE	\N	\N	f	 	6	\N
18696	EXCNZ2pAAlZZYay8	\N	\N	f	 	6	\N
18697	EXCNZ2pAAlZZYXyF	\N	\N	f	 	6	\N
18698	EXCNZ2pAAlZZYSiB	\N	\N	f	 	6	\N
18699	EXCNZ2pAAlZZYPSB	\N	\N	f	 	6	\N
18700	EXCNZ2pAAlZZYLy8	\N	\N	f	 	6	\N
18701	EXCNZ2pAAlZZYHyB	\N	\N	f	 	6	\N
18702	EXCNZ2pAAlZZYDC9	\N	\N	f	 	6	\N
18703	EXCNZ2pAAlZZX_S8	\N	\N	f	 	6	\N
18704	EXCNZ2pAAlZZX7C8	\N	\N	f	 	6	\N
18705	EXCNZ2pAAlZZX3SA	\N	\N	f	 	6	\N
18706	EXCNZ2pAAlZZXyiC	\N	\N	f	 	6	\N
18707	EXCNZ2pAAlZZXuiB	\N	\N	f	 	6	\N
18708	EXCNZ2pAAlZZXriE	\N	\N	f	 	6	\N
18709	EXCNZ2pAAlZZXmy8	\N	\N	f	 	6	\N
18710	EXCNZ2pAAlZZXiy9	\N	\N	f	 	6	\N
18711	EXCNZ2pAAlZZXfi3	\N	\N	f	 	6	\N
18712	EXCNZ2pAAlZZXby3	\N	\N	f	 	6	\N
18713	EXCNZ2pAAlZZXXS2	\N	\N	f	 	6	\N
18714	EXCNZ2pAAlZZXTy1	\N	\N	f	 	6	\N
18715	EXCNZ2pAAlZZXPC5	\N	\N	f	 	6	\N
18716	EXCNZ2pAAlZZXKi2	\N	\N	f	 	6	\N
18717	EXCNZ2pAAlZZXGi1	\N	\N	f	 	6	\N
18718	EXCNZ2pAAlZZXCi0	\N	\N	f	 	6	\N
18719	EXCNZ2pAAlZZW_yB	\N	\N	f	 	6	\N
18720	EXCNZ2pAAlZZW6SC	\N	\N	f	 	6	\N
18721	EXCNZ2pAAlZZW2SF	\N	\N	f	 	6	\N
18722	EXCNZ2pAAlZZWzi9	\N	\N	f	 	6	\N
18723	EXCNZ2pAAlZZWvyF	\N	\N	f	 	6	\N
18724	EXCNZ2pAAlZZWqS8	\N	\N	f	 	6	\N
18725	EXCNZ2pAAlZZWniC	\N	\N	f	 	6	\N
18726	EXCNZ2pAAlZZWjCF	\N	\N	f	 	6	\N
18727	EXCNZ2pAAlZZWei6	\N	\N	f	 	6	\N
18728	EXCNZ2pAAlZZWbS0	\N	\N	f	 	6	\N
18729	EXCNZ2pAAlZZWWi4	\N	\N	f	 	6	\N
18730	EXCNZ2pAAlZZWSy4	\N	\N	f	 	6	\N
18731	EXCNZ2pAAlZZWOi2	\N	\N	f	 	6	\N
18732	EXCNZ2pAAlZZWKy2	\N	\N	f	 	6	\N
18733	EXCNZ2pAAlZZWGy1	\N	\N	f	 	6	\N
18734	EXCNZ2pAAlZZWDC7	\N	\N	f	 	6	\N
18735	EXCNZ2pAAlZZV-SE	\N	\N	f	 	6	\N
18736	EXCNZ2pAAlZZV6yD	\N	\N	f	 	6	\N
18737	EXCNZ2pAAlZZV2yE	\N	\N	f	 	6	\N
18738	EXCNZ2pAAlZZVyiE	\N	\N	f	 	6	\N
18739	EXCNZ2pAAlZZVuy8	\N	\N	f	 	6	\N
18740	EXCNZ2pAAlZZVqy9	\N	\N	f	 	6	\N
18741	EXCNZ2pAAlZZVnyE	\N	\N	f	 	6	\N
18742	EXCNZ2pAAlZZVjSD	\N	\N	f	 	6	\N
18743	EXCNZ2pAAlZZVey4	\N	\N	f	 	6	\N
18744	EXCNZ2pAAlZZVbC2	\N	\N	f	 	6	\N
18745	EXCNZ2pAAlZZVXC1	\N	\N	f	 	6	\N
18746	EXCNZ2pAAlZZVTi2	\N	\N	f	 	6	\N
18747	EXCNZ2pAAlZZVPC7	\N	\N	f	 	6	\N
18748	EXCNZ2pAAlZZVLi4	\N	\N	f	 	6	\N
18749	EXCNZ2pAAlZZVGi3	\N	\N	f	 	6	\N
18750	EXCNZ2pAAlZZVDS5	\N	\N	f	 	6	\N
18751	EXCNZ2pAAlZZU_SB	\N	\N	f	 	6	\N
18752	EXCNZ2pAAlZZU6SE	\N	\N	f	 	6	\N
18753	EXCNZ2pAAlZZU3C8	\N	\N	f	 	6	\N
18754	EXCNZ2pAAlZZUzC9	\N	\N	f	 	6	\N
18755	EXCNZ2pAAlZZUvSF	\N	\N	f	 	6	\N
18756	EXCNZ2pAAlZZUqi9	\N	\N	f	 	6	\N
18757	EXCNZ2pAAlZZUniE	\N	\N	f	 	6	\N
18758	EXCNZ2pAAlZZUjSC	\N	\N	f	 	6	\N
19510	EXCNZ2pAAlZZXLh5	\N	\N	f	 	6	\N
19511	EXCNZ2pAAlZZXHB4	\N	\N	f	 	6	\N
18759	EXCNZ2pAAlZZUfS3	\N	\N	f	 	6	\N
18760	EXCNZ2pAAlZZUay4	\N	\N	f	 	6	\N
18761	EXCNZ2pAAlZZUXS1	\N	\N	f	 	6	\N
18762	EXCNZ2pAAlZZUSS4	\N	\N	f	 	6	\N
18763	EXCNZ2pAAlZZUPS7	\N	\N	f	 	6	\N
18764	EXCNZ2pAAlZZUKy0	\N	\N	f	 	6	\N
18765	EXCNZ2pAAlZZUGS1	\N	\N	f	 	6	\N
18766	EXCNZ2pAAlZZUCS0	\N	\N	f	 	6	\N
18767	EXCNZ2pAAlZZT-iB	\N	\N	f	 	6	\N
18768	EXCNZ2pAAlZZT7yF	\N	\N	f	 	6	\N
18769	EXCNZ2pAAlZZT3SE	\N	\N	f	 	6	\N
18770	EXCNZ2pAAlZZTyi8	\N	\N	f	 	6	\N
18771	EXCNZ2pAAlZZTvS8	\N	\N	f	 	6	\N
18772	EXCNZ2pAAlZZTqyF	\N	\N	f	 	6	\N
18773	EXCNZ2pAAlZZTny8	\N	\N	f	 	6	\N
18774	EXCNZ2pAAlZZTjSB	\N	\N	f	 	6	\N
18775	EXCNZ2pAAlZZTei3	\N	\N	f	 	6	\N
18776	EXCNZ2pAAlZZTbC4	\N	\N	f	 	6	\N
18777	EXCNZ2pAAlZZTXi5	\N	\N	f	 	6	\N
18778	EXCNZ2pAAlZZTSS3	\N	\N	f	 	6	\N
18779	EXCNZ2pAAlZZTPS0	\N	\N	f	 	6	\N
18780	EXCNZ2pAAlZZTLC0	\N	\N	f	 	6	\N
18781	EXCNZ2pAAlZZTHi1	\N	\N	f	 	6	\N
18782	EXCNZ2pAAlZZTCy5	\N	\N	f	 	6	\N
18783	EXCNZ2pAAlZZS-yB	\N	\N	f	 	6	\N
18784	EXCNZ2pAAlZZS6yA	\N	\N	f	 	6	\N
18785	EXCNZ2pAAlZZS2i8	\N	\N	f	 	6	\N
18786	EXCNZ2pAAlZZSzSE	\N	\N	f	 	6	\N
18787	EXCNZ2pAAlZZSvS9	\N	\N	f	 	6	\N
18788	EXCNZ2pAAlZZSryA	\N	\N	f	 	6	\N
18789	EXCNZ2pAAlZZSnCA	\N	\N	f	 	6	\N
18790	EXCNZ2pAAlZZSjy8	\N	\N	f	 	6	\N
18791	EXCNZ2pAAlZZSey3	\N	\N	f	 	6	\N
18792	EXCNZ2pAAlZZSay2	\N	\N	f	 	6	\N
18793	EXCNZ2pAAlZZSXS7	\N	\N	f	 	6	\N
18794	EXCNZ2pAAlZZSSS2	\N	\N	f	 	6	\N
18795	EXCNZ2pAAlZZSPC0	\N	\N	f	 	6	\N
18796	EXCNZ2pAAlZZSKS4	\N	\N	f	 	6	\N
18797	EXCNZ2pAAlZZSHy1	\N	\N	f	 	6	\N
18798	EXCNZ2pAAlZZSDy0	\N	\N	f	 	6	\N
18799	EXCNZ2pAAlZZR-y8	\N	\N	f	 	6	\N
18800	EXCNZ2pAAlZZR6y9	\N	\N	f	 	6	\N
18801	EXCNZ2pAAlZZR3SC	\N	\N	f	 	6	\N
18802	EXCNZ2pAAlZZRziE	\N	\N	f	 	6	\N
18803	EXCNZ2pAAlZZRvy8	\N	\N	f	 	6	\N
18804	EXCNZ2pAAlZZRry9	\N	\N	f	 	6	\N
18805	EXCNZ2pAAlZZRmSC	\N	\N	f	 	6	\N
18806	EXCNZ2pAAlZZRjyB	\N	\N	f	 	6	\N
18807	EXCNZ2pAAlZZRfS6	\N	\N	f	 	6	\N
18808	EXCNZ2pAAlZZRbi4	\N	\N	f	 	6	\N
18809	EXCNZ2pAAlZZRXy6	\N	\N	f	 	6	\N
18810	EXCNZ2pAAlZZRSi2	\N	\N	f	 	6	\N
18811	EXCNZ2pAAlZZRPC3	\N	\N	f	 	6	\N
18812	EXCNZ2pAAlZZRLy1	\N	\N	f	 	6	\N
18813	EXCNZ2pAAlZZRGi7	\N	\N	f	 	6	\N
18814	EXCNZ2pAAlZZRDy3	\N	\N	f	 	6	\N
18815	EXCNZ2pAAlZZQ_SF	\N	\N	f	 	6	\N
18816	EXCNZ2pAAlZZQ6y8	\N	\N	f	 	6	\N
18817	EXCNZ2pAAlZZQ3yF	\N	\N	f	 	6	\N
18818	EXCNZ2pAAlZZQzCD	\N	\N	f	 	6	\N
18819	EXCNZ2pAAlZZQvCA	\N	\N	f	 	6	\N
18820	EXCNZ2pAAlZZQqyC	\N	\N	f	 	6	\N
18821	EXCNZ2pAAlZZQnC8	\N	\N	f	 	6	\N
18822	EXCNZ2pAAlZZQjS8	\N	\N	f	 	6	\N
18823	EXCNZ2pAAlZZQfS7	\N	\N	f	 	6	\N
18824	EXCNZ2pAAlZZQby4	\N	\N	f	 	6	\N
18825	EXCNZ2pAAlZZQWy3	\N	\N	f	 	6	\N
18826	EXCNZ2pAAlZZQTi7	\N	\N	f	 	6	\N
18827	EXCNZ2pAAlZZQPy1	\N	\N	f	 	6	\N
18828	EXCNZ2pAAlZZQLC3	\N	\N	f	 	6	\N
18829	EXCNZ2pAAlZZQHy3	\N	\N	f	 	6	\N
18830	EXCNZ2pAAlZZQCy6	\N	\N	f	 	6	\N
18831	EXCNZ2pAAlZZf_R3	\N	\N	f	 	6	\N
18832	EXCNZ2pAAlZZf6h5	\N	\N	f	 	6	\N
18833	EXCNZ2pAAlZZf3x3	\N	\N	f	 	6	\N
18834	EXCNZ2pAAlZZfyR4	\N	\N	f	 	6	\N
18835	EXCNZ2pAAlZZfvx5	\N	\N	f	 	6	\N
18836	EXCNZ2pAAlZZfrx4	\N	\N	f	 	6	\N
18837	EXCNZ2pAAlZZfnB4	\N	\N	f	 	6	\N
18838	EXCNZ2pAAlZZfjh7	\N	\N	f	 	6	\N
18839	EXCNZ2pAAlZZffh8	\N	\N	f	 	6	\N
18840	EXCNZ2pAAlZZfaxC	\N	\N	f	 	6	\N
18841	EXCNZ2pAAlZZfXB8	\N	\N	f	 	6	\N
18842	EXCNZ2pAAlZZfShF	\N	\N	f	 	6	\N
18843	EXCNZ2pAAlZZfPxD	\N	\N	f	 	6	\N
18844	EXCNZ2pAAlZZfKh9	\N	\N	f	 	6	\N
18845	EXCNZ2pAAlZZfHxF	\N	\N	f	 	6	\N
18846	EXCNZ2pAAlZZfChB	\N	\N	f	 	6	\N
18847	EXCNZ2pAAlZZe_h1	\N	\N	f	 	6	\N
18848	EXCNZ2pAAlZZe6h4	\N	\N	f	 	6	\N
18849	EXCNZ2pAAlZZajw2	\N	\N	f	 	6	\N
18850	EXCNZ2pAAlZZafAE	\N	\N	f	 	6	\N
18851	EXCNZ2pAAlZZabQE	\N	\N	f	 	6	\N
18852	EXCNZ2pAAlZZaWwB	\N	\N	f	 	6	\N
18853	EXCNZ2pAAlZZaSwA	\N	\N	f	 	6	\N
18854	EXCNZ2pAAlZZaOwD	\N	\N	f	 	6	\N
18855	EXCNZ2pAAlZZaLg9	\N	\N	f	 	6	\N
18856	EXCNZ2pAAlZZaHwB	\N	\N	f	 	6	\N
18857	EXCNZ2pAAlZZaDgB	\N	\N	f	 	6	\N
18858	EXCNZ2pAAlZZZ_A5	\N	\N	f	 	6	\N
18859	EXCNZ2pAAlZZZ7g6	\N	\N	f	 	6	\N
18860	EXCNZ2pAAlZZZ3w4	\N	\N	f	 	6	\N
18861	EXCNZ2pAAlZZZzw5	\N	\N	f	 	6	\N
18862	EXCNZ2pAAlZZZvw2	\N	\N	f	 	6	\N
18863	EXCNZ2pAAlZZZrg2	\N	\N	f	 	6	\N
18864	EXCNZ2pAAlZZZnA3	\N	\N	f	 	6	\N
18865	EXCNZ2pAAlZZZjQ3	\N	\N	f	 	6	\N
18866	EXCNZ2pAAlZZZfQC	\N	\N	f	 	6	\N
18867	EXCNZ2pAAlZZZaQ9	\N	\N	f	 	6	\N
18868	EXCNZ2pAAlZZZXQE	\N	\N	f	 	6	\N
18869	EXCNZ2pAAlZZZTwD	\N	\N	f	 	6	\N
18870	EXCNZ2pAAlZZZOgF	\N	\N	f	 	6	\N
18871	EXCNZ2pAAlZZZKgE	\N	\N	f	 	6	\N
18872	EXCNZ2pAAlZZZHQA	\N	\N	f	 	6	\N
18873	EXCNZ2pAAlZZZDAA	\N	\N	f	 	6	\N
18874	EXCNZ2pAAlZZY_w7	\N	\N	f	 	6	\N
18875	EXCNZ2pAAlZZY6Q0	\N	\N	f	 	6	\N
18876	EXCNZ2pAAlZZY3g4	\N	\N	f	 	6	\N
18877	EXCNZ2pAAlZZYzw4	\N	\N	f	 	6	\N
18878	EXCNZ2pAAlZZYuQ5	\N	\N	f	 	6	\N
18879	EXCNZ2pAAlZZYrA1	\N	\N	f	 	6	\N
18880	EXCNZ2pAAlZZYnw1	\N	\N	f	 	6	\N
18881	EXCNZ2pAAlZZYjw0	\N	\N	f	 	6	\N
18882	EXCNZ2pAAlZZYeQ9	\N	\N	f	 	6	\N
18883	EXCNZ2pAAlZZYawA	\N	\N	f	 	6	\N
18884	EXCNZ2pAAlZZYXwD	\N	\N	f	 	6	\N
18885	EXCNZ2pAAlZZYSg9	\N	\N	f	 	6	\N
18886	EXCNZ2pAAlZZYPQ9	\N	\N	f	 	6	\N
18887	EXCNZ2pAAlZZYKwE	\N	\N	f	 	6	\N
18888	EXCNZ2pAAlZZYGgC	\N	\N	f	 	6	\N
18889	EXCNZ2pAAlZZYCgD	\N	\N	f	 	6	\N
18890	EXCNZ2pAAlZZX_g9	\N	\N	f	 	6	\N
18891	EXCNZ2pAAlZZX7QB	\N	\N	f	 	6	\N
18892	EXCNZ2pAAlZZX2wE	\N	\N	f	 	6	\N
18893	EXCNZ2pAAlZZXzwB	\N	\N	f	 	6	\N
18894	EXCNZ2pAAlZZXuQA	\N	\N	f	 	6	\N
18895	EXCNZ2pAAlZZXrgC	\N	\N	f	 	6	\N
18896	EXCNZ2pAAlZZXmwA	\N	\N	f	 	6	\N
18897	EXCNZ2pAAlZZXiQ9	\N	\N	f	 	6	\N
18898	EXCNZ2pAAlZZXfQ2	\N	\N	f	 	6	\N
18899	EXCNZ2pAAlZZXbg0	\N	\N	f	 	6	\N
18900	EXCNZ2pAAlZZXXw2	\N	\N	f	 	6	\N
18901	EXCNZ2pAAlZZXSg6	\N	\N	f	 	6	\N
18902	EXCNZ2pAAlZZXPg5	\N	\N	f	 	6	\N
18903	EXCNZ2pAAlZZXLg4	\N	\N	f	 	6	\N
18904	EXCNZ2pAAlZZXHQ4	\N	\N	f	 	6	\N
18905	EXCNZ2pAAlZZXCQ1	\N	\N	f	 	6	\N
18906	EXCNZ2pAAlZZW_w9	\N	\N	f	 	6	\N
18907	EXCNZ2pAAlZZW7QA	\N	\N	f	 	6	\N
18908	EXCNZ2pAAlZZW2wF	\N	\N	f	 	6	\N
18909	EXCNZ2pAAlZZWywE	\N	\N	f	 	6	\N
18910	EXCNZ2pAAlZZWvAE	\N	\N	f	 	6	\N
18911	EXCNZ2pAAlZZWqQA	\N	\N	f	 	6	\N
18912	EXCNZ2pAAlZZWnAC	\N	\N	f	 	6	\N
18913	EXCNZ2pAAlZZWiQ8	\N	\N	f	 	6	\N
18914	EXCNZ2pAAlZZWeQ7	\N	\N	f	 	6	\N
18915	EXCNZ2pAAlZZWag5	\N	\N	f	 	6	\N
18916	EXCNZ2pAAlZZWWw7	\N	\N	f	 	6	\N
18917	EXCNZ2pAAlZZWSg7	\N	\N	f	 	6	\N
18918	EXCNZ2pAAlZZWOQ3	\N	\N	f	 	6	\N
18919	EXCNZ2pAAlZZWLA7	\N	\N	f	 	6	\N
18920	EXCNZ2pAAlZZWHg6	\N	\N	f	 	6	\N
18921	EXCNZ2pAAlZZWCg3	\N	\N	f	 	6	\N
18922	EXCNZ2pAAlZZV-gF	\N	\N	f	 	6	\N
18923	EXCNZ2pAAlZZV6QD	\N	\N	f	 	6	\N
18924	EXCNZ2pAAlZZV3w8	\N	\N	f	 	6	\N
18925	EXCNZ2pAAlZZVygC	\N	\N	f	 	6	\N
18926	EXCNZ2pAAlZZVvgF	\N	\N	f	 	6	\N
18927	EXCNZ2pAAlZZVqwB	\N	\N	f	 	6	\N
18928	EXCNZ2pAAlZZVngD	\N	\N	f	 	6	\N
18929	EXCNZ2pAAlZZVjwD	\N	\N	f	 	6	\N
18930	EXCNZ2pAAlZZVfA1	\N	\N	f	 	6	\N
18931	EXCNZ2pAAlZZVbg2	\N	\N	f	 	6	\N
18932	EXCNZ2pAAlZZVXQ2	\N	\N	f	 	6	\N
18933	EXCNZ2pAAlZZVSw5	\N	\N	f	 	6	\N
18934	EXCNZ2pAAlZZVPg7	\N	\N	f	 	6	\N
18935	EXCNZ2pAAlZZVLg6	\N	\N	f	 	6	\N
18936	EXCNZ2pAAlZZVHw4	\N	\N	f	 	6	\N
18937	EXCNZ2pAAlZZVDg4	\N	\N	f	 	6	\N
18938	EXCNZ2pAAlZZU-QD	\N	\N	f	 	6	\N
18939	EXCNZ2pAAlZZU7wA	\N	\N	f	 	6	\N
18940	EXCNZ2pAAlZZU3AA	\N	\N	f	 	6	\N
18941	EXCNZ2pAAlZZUzg9	\N	\N	f	 	6	\N
18942	EXCNZ2pAAlZZUuwB	\N	\N	f	 	6	\N
18943	EXCNZ2pAAlZZUrgF	\N	\N	f	 	6	\N
18944	EXCNZ2pAAlZZUnAE	\N	\N	f	 	6	\N
18945	EXCNZ2pAAlZZUjwC	\N	\N	f	 	6	\N
18946	EXCNZ2pAAlZZUew7	\N	\N	f	 	6	\N
18947	EXCNZ2pAAlZZUaQ4	\N	\N	f	 	6	\N
18948	EXCNZ2pAAlZZUWQ7	\N	\N	f	 	6	\N
18949	EXCNZ2pAAlZZUSw4	\N	\N	f	 	6	\N
18950	EXCNZ2pAAlZZUPw7	\N	\N	f	 	6	\N
18951	EXCNZ2pAAlZZUKw2	\N	\N	f	 	6	\N
18952	EXCNZ2pAAlZZUGg0	\N	\N	f	 	6	\N
18953	EXCNZ2pAAlZZUCQ2	\N	\N	f	 	6	\N
18954	EXCNZ2pAAlZZT-w8	\N	\N	f	 	6	\N
18955	EXCNZ2pAAlZZT7AE	\N	\N	f	 	6	\N
18956	EXCNZ2pAAlZZT3AD	\N	\N	f	 	6	\N
18957	EXCNZ2pAAlZZTzwF	\N	\N	f	 	6	\N
18958	EXCNZ2pAAlZZTvQA	\N	\N	f	 	6	\N
18959	EXCNZ2pAAlZZTrQB	\N	\N	f	 	6	\N
18960	EXCNZ2pAAlZZTnwA	\N	\N	f	 	6	\N
18961	EXCNZ2pAAlZZTjwB	\N	\N	f	 	6	\N
18962	EXCNZ2pAAlZZTeQ2	\N	\N	f	 	6	\N
18963	EXCNZ2pAAlZZTag0	\N	\N	f	 	6	\N
18964	EXCNZ2pAAlZZTXw6	\N	\N	f	 	6	\N
18965	EXCNZ2pAAlZZTSw3	\N	\N	f	 	6	\N
18966	EXCNZ2pAAlZZTOg5	\N	\N	f	 	6	\N
18967	EXCNZ2pAAlZZTKQ7	\N	\N	f	 	6	\N
18968	EXCNZ2pAAlZZTHA1	\N	\N	f	 	6	\N
18969	EXCNZ2pAAlZZTCw7	\N	\N	f	 	6	\N
18970	EXCNZ2pAAlZZS_AE	\N	\N	f	 	6	\N
18971	EXCNZ2pAAlZZS7wC	\N	\N	f	 	6	\N
18972	EXCNZ2pAAlZZS2Q9	\N	\N	f	 	6	\N
18973	EXCNZ2pAAlZZSygB	\N	\N	f	 	6	\N
18974	EXCNZ2pAAlZZSvw9	\N	\N	f	 	6	\N
18975	EXCNZ2pAAlZZSrg9	\N	\N	f	 	6	\N
18976	EXCNZ2pAAlZZSmQD	\N	\N	f	 	6	\N
18977	EXCNZ2pAAlZZSiQC	\N	\N	f	 	6	\N
18978	EXCNZ2pAAlZZSfg4	\N	\N	f	 	6	\N
18979	EXCNZ2pAAlZZSaQ2	\N	\N	f	 	6	\N
18980	EXCNZ2pAAlZZSWg2	\N	\N	f	 	6	\N
18981	EXCNZ2pAAlZZSTw6	\N	\N	f	 	6	\N
18982	EXCNZ2pAAlZZSPg0	\N	\N	f	 	6	\N
18983	EXCNZ2pAAlZZSLw0	\N	\N	f	 	6	\N
18984	EXCNZ2pAAlZZSHA0	\N	\N	f	 	6	\N
18985	EXCNZ2pAAlZZSDg3	\N	\N	f	 	6	\N
18986	EXCNZ2pAAlZZR-gB	\N	\N	f	 	6	\N
18987	EXCNZ2pAAlZZR7AC	\N	\N	f	 	6	\N
18988	EXCNZ2pAAlZZR3gD	\N	\N	f	 	6	\N
18989	EXCNZ2pAAlZZRzgC	\N	\N	f	 	6	\N
18990	EXCNZ2pAAlZZRvwA	\N	\N	f	 	6	\N
18991	EXCNZ2pAAlZZRqQD	\N	\N	f	 	6	\N
18992	EXCNZ2pAAlZZRnw8	\N	\N	f	 	6	\N
18993	EXCNZ2pAAlZZRjw9	\N	\N	f	 	6	\N
18994	EXCNZ2pAAlZZRfQ4	\N	\N	f	 	6	\N
18995	EXCNZ2pAAlZZRaw3	\N	\N	f	 	6	\N
18996	EXCNZ2pAAlZZRXA7	\N	\N	f	 	6	\N
18997	EXCNZ2pAAlZZRSw1	\N	\N	f	 	6	\N
18998	EXCNZ2pAAlZZRPQ0	\N	\N	f	 	6	\N
18999	EXCNZ2pAAlZZRKw7	\N	\N	f	 	6	\N
19000	EXCNZ2pAAlZZRGw4	\N	\N	f	 	6	\N
19001	EXCNZ2pAAlZZRCQ7	\N	\N	f	 	6	\N
19002	EXCNZ2pAAlZZQ_QD	\N	\N	f	 	6	\N
19003	EXCNZ2pAAlZZQ7AD	\N	\N	f	 	6	\N
19004	EXCNZ2pAAlZZQ3AE	\N	\N	f	 	6	\N
19005	EXCNZ2pAAlZZQzAF	\N	\N	f	 	6	\N
19006	EXCNZ2pAAlZZQugE	\N	\N	f	 	6	\N
19007	EXCNZ2pAAlZZQrgB	\N	\N	f	 	6	\N
19008	EXCNZ2pAAlZZQng8	\N	\N	f	 	6	\N
19009	EXCNZ2pAAlZZQigD	\N	\N	f	 	6	\N
19010	EXCNZ2pAAlZZQfA4	\N	\N	f	 	6	\N
19011	EXCNZ2pAAlZZQaw2	\N	\N	f	 	6	\N
19012	EXCNZ2pAAlZZQWQ3	\N	\N	f	 	6	\N
19013	EXCNZ2pAAlZZX2zD	\N	\N	f	 	6	\N
19014	EXCNZ2pAAlZZXzz8	\N	\N	f	 	6	\N
19015	EXCNZ2pAAlZZXvDC	\N	\N	f	 	6	\N
19016	EXCNZ2pAAlZZXrDD	\N	\N	f	 	6	\N
19017	EXCNZ2pAAlZZXnzD	\N	\N	f	 	6	\N
19018	EXCNZ2pAAlZZXiTA	\N	\N	f	 	6	\N
19019	EXCNZ2pAAlZZXfT1	\N	\N	f	 	6	\N
19020	EXCNZ2pAAlZZXaT4	\N	\N	f	 	6	\N
19021	EXCNZ2pAAlZZXXD2	\N	\N	f	 	6	\N
19022	EXCNZ2pAAlZZXTT2	\N	\N	f	 	6	\N
19023	EXCNZ2pAAlZZXPj6	\N	\N	f	 	6	\N
19024	EXCNZ2pAAlZZXLj7	\N	\N	f	 	6	\N
19025	EXCNZ2pAAlZZXHj4	\N	\N	f	 	6	\N
19026	EXCNZ2pAAlZZXCz0	\N	\N	f	 	6	\N
19027	EXCNZ2pAAlZZW_jB	\N	\N	f	 	6	\N
19028	EXCNZ2pAAlZZW6jE	\N	\N	f	 	6	\N
19029	EXCNZ2pAAlZZW2zC	\N	\N	f	 	6	\N
19030	EXCNZ2pAAlZZWyTF	\N	\N	f	 	6	\N
19031	EXCNZ2pAAlZZWvTC	\N	\N	f	 	6	\N
19032	EXCNZ2pAAlZZWrjE	\N	\N	f	 	6	\N
19033	EXCNZ2pAAlZZWnjD	\N	\N	f	 	6	\N
19034	EXCNZ2pAAlZZWij8	\N	\N	f	 	6	\N
19035	EXCNZ2pAAlZZWfz2	\N	\N	f	 	6	\N
19036	EXCNZ2pAAlZZWbz3	\N	\N	f	 	6	\N
19037	EXCNZ2pAAlZZWXD3	\N	\N	f	 	6	\N
19038	EXCNZ2pAAlZZWTT3	\N	\N	f	 	6	\N
19039	EXCNZ2pAAlZZWOT0	\N	\N	f	 	6	\N
19040	EXCNZ2pAAlZZWLj6	\N	\N	f	 	6	\N
19041	EXCNZ2pAAlZZWHj5	\N	\N	f	 	6	\N
19042	EXCNZ2pAAlZZWCT3	\N	\N	f	 	6	\N
19043	EXCNZ2pAAlZZV_z9	\N	\N	f	 	6	\N
19044	EXCNZ2pAAlZZV6jD	\N	\N	f	 	6	\N
19045	EXCNZ2pAAlZZV3jA	\N	\N	f	 	6	\N
19046	EXCNZ2pAAlZZVzT8	\N	\N	f	 	6	\N
19047	EXCNZ2pAAlZZVuTB	\N	\N	f	 	6	\N
19048	EXCNZ2pAAlZZVqz8	\N	\N	f	 	6	\N
19049	EXCNZ2pAAlZZVmzB	\N	\N	f	 	6	\N
19050	EXCNZ2pAAlZZVjDD	\N	\N	f	 	6	\N
19051	EXCNZ2pAAlZZVej4	\N	\N	f	 	6	\N
19052	EXCNZ2pAAlZZVaz4	\N	\N	f	 	6	\N
19053	EXCNZ2pAAlZZVXD0	\N	\N	f	 	6	\N
19054	EXCNZ2pAAlZZVSj7	\N	\N	f	 	6	\N
19055	EXCNZ2pAAlZZVPj4	\N	\N	f	 	6	\N
19056	EXCNZ2pAAlZZVLT6	\N	\N	f	 	6	\N
19057	EXCNZ2pAAlZZVHz7	\N	\N	f	 	6	\N
19058	EXCNZ2pAAlZZVDD5	\N	\N	f	 	6	\N
19059	EXCNZ2pAAlZZU-zC	\N	\N	f	 	6	\N
19060	EXCNZ2pAAlZZU7z9	\N	\N	f	 	6	\N
19061	EXCNZ2pAAlZZU3D9	\N	\N	f	 	6	\N
19062	EXCNZ2pAAlZZUzT9	\N	\N	f	 	6	\N
19063	EXCNZ2pAAlZZUvzC	\N	\N	f	 	6	\N
19064	EXCNZ2pAAlZZUrTF	\N	\N	f	 	6	\N
19065	EXCNZ2pAAlZZUmzA	\N	\N	f	 	6	\N
19066	EXCNZ2pAAlZZUiT9	\N	\N	f	 	6	\N
19067	EXCNZ2pAAlZZUfj1	\N	\N	f	 	6	\N
19068	EXCNZ2pAAlZZUbT3	\N	\N	f	 	6	\N
19069	EXCNZ2pAAlZZUXz2	\N	\N	f	 	6	\N
19070	EXCNZ2pAAlZZUSj6	\N	\N	f	 	6	\N
19071	EXCNZ2pAAlZZUPz4	\N	\N	f	 	6	\N
19072	EXCNZ2pAAlZZULT7	\N	\N	f	 	6	\N
19073	EXCNZ2pAAlZZUGT0	\N	\N	f	 	6	\N
19074	EXCNZ2pAAlZZUCj2	\N	\N	f	 	6	\N
19075	EXCNZ2pAAlZZT_zF	\N	\N	f	 	6	\N
19076	EXCNZ2pAAlZZT6jB	\N	\N	f	 	6	\N
19077	EXCNZ2pAAlZZT3zD	\N	\N	f	 	6	\N
19078	EXCNZ2pAAlZZTyTA	\N	\N	f	 	6	\N
19079	EXCNZ2pAAlZZTvD8	\N	\N	f	 	6	\N
19080	EXCNZ2pAAlZZTqTC	\N	\N	f	 	6	\N
19081	EXCNZ2pAAlZZTmTF	\N	\N	f	 	6	\N
19082	EXCNZ2pAAlZZTjDB	\N	\N	f	 	6	\N
19083	EXCNZ2pAAlZZTez3	\N	\N	f	 	6	\N
19084	EXCNZ2pAAlZZTaT0	\N	\N	f	 	6	\N
19085	EXCNZ2pAAlZZTWz1	\N	\N	f	 	6	\N
19086	EXCNZ2pAAlZZTSz0	\N	\N	f	 	6	\N
19087	EXCNZ2pAAlZZTPD0	\N	\N	f	 	6	\N
19088	EXCNZ2pAAlZZTLD1	\N	\N	f	 	6	\N
19089	EXCNZ2pAAlZZTHD2	\N	\N	f	 	6	\N
19090	EXCNZ2pAAlZZTDT2	\N	\N	f	 	6	\N
19091	EXCNZ2pAAlZZS_TC	\N	\N	f	 	6	\N
19092	EXCNZ2pAAlZZS7DC	\N	\N	f	 	6	\N
19093	EXCNZ2pAAlZZS3TE	\N	\N	f	 	6	\N
19094	EXCNZ2pAAlZZSyz9	\N	\N	f	 	6	\N
19095	EXCNZ2pAAlZZSvjB	\N	\N	f	 	6	\N
19096	EXCNZ2pAAlZZSrjA	\N	\N	f	 	6	\N
19097	EXCNZ2pAAlZZSnj9	\N	\N	f	 	6	\N
19098	EXCNZ2pAAlZZSiTF	\N	\N	f	 	6	\N
19099	EXCNZ2pAAlZZSfD5	\N	\N	f	 	6	\N
19100	EXCNZ2pAAlZZSbT5	\N	\N	f	 	6	\N
19101	EXCNZ2pAAlZZSXD7	\N	\N	f	 	6	\N
19102	EXCNZ2pAAlZZSSj0	\N	\N	f	 	6	\N
19103	EXCNZ2pAAlZZSOT4	\N	\N	f	 	6	\N
19104	EXCNZ2pAAlZZSKT5	\N	\N	f	 	6	\N
19105	EXCNZ2pAAlZZSHj1	\N	\N	f	 	6	\N
19106	EXCNZ2pAAlZZSCT7	\N	\N	f	 	6	\N
19107	EXCNZ2pAAlZZR-j8	\N	\N	f	 	6	\N
19108	EXCNZ2pAAlZZR7jD	\N	\N	f	 	6	\N
19109	EXCNZ2pAAlZZR3TD	\N	\N	f	 	6	\N
19110	EXCNZ2pAAlZZRzTC	\N	\N	f	 	6	\N
19111	EXCNZ2pAAlZZRvz9	\N	\N	f	 	6	\N
19112	EXCNZ2pAAlZZRrTA	\N	\N	f	 	6	\N
19113	EXCNZ2pAAlZZRmjE	\N	\N	f	 	6	\N
19114	EXCNZ2pAAlZZRiTC	\N	\N	f	 	6	\N
19115	EXCNZ2pAAlZZRfT7	\N	\N	f	 	6	\N
19116	EXCNZ2pAAlZZRbD7	\N	\N	f	 	6	\N
19117	EXCNZ2pAAlZZRXD4	\N	\N	f	 	6	\N
19118	EXCNZ2pAAlZZRTj7	\N	\N	f	 	6	\N
19119	EXCNZ2pAAlZZRPj0	\N	\N	f	 	6	\N
19120	EXCNZ2pAAlZZRLj1	\N	\N	f	 	6	\N
19121	EXCNZ2pAAlZZRHT1	\N	\N	f	 	6	\N
19122	EXCNZ2pAAlZZRCj7	\N	\N	f	 	6	\N
19123	EXCNZ2pAAlZZQ-z8	\N	\N	f	 	6	\N
19124	EXCNZ2pAAlZZQ7DE	\N	\N	f	 	6	\N
19125	EXCNZ2pAAlZZQ2T8	\N	\N	f	 	6	\N
19126	EXCNZ2pAAlZZQyT9	\N	\N	f	 	6	\N
19127	EXCNZ2pAAlZZQujD	\N	\N	f	 	6	\N
19128	EXCNZ2pAAlZZQrz9	\N	\N	f	 	6	\N
19129	EXCNZ2pAAlZZQnzA	\N	\N	f	 	6	\N
19130	EXCNZ2pAAlZZQjD8	\N	\N	f	 	6	\N
19131	EXCNZ2pAAlZZQfT6	\N	\N	f	 	6	\N
19132	EXCNZ2pAAlZZQaz1	\N	\N	f	 	6	\N
19133	EXCNZ2pAAlZZQWT0	\N	\N	f	 	6	\N
19134	EXCNZ2pAAlZZQTD4	\N	\N	f	 	6	\N
19135	EXCNZ2pAAlZZQOT6	\N	\N	f	 	6	\N
19136	EXCNZ2pAAlZZQKz5	\N	\N	f	 	6	\N
19137	EXCNZ2pAAlZZQGT4	\N	\N	f	 	6	\N
19138	EXCNZ2pAAlZZQCz7	\N	\N	f	 	6	\N
19139	EXCNZ2pAAlZZf_i3	\N	\N	f	 	6	\N
19140	EXCNZ2pAAlZZf7C0	\N	\N	f	 	6	\N
19141	EXCNZ2pAAlZZf3C3	\N	\N	f	 	6	\N
19142	EXCNZ2pAAlZZfyy5	\N	\N	f	 	6	\N
19143	EXCNZ2pAAlZZfui3	\N	\N	f	 	6	\N
19144	EXCNZ2pAAlZZfqy3	\N	\N	f	 	6	\N
19145	EXCNZ2pAAlZZfni5	\N	\N	f	 	6	\N
19146	EXCNZ2pAAlZZfji4	\N	\N	f	 	6	\N
19147	EXCNZ2pAAlZZffS8	\N	\N	f	 	6	\N
19148	EXCNZ2pAAlZZfayF	\N	\N	f	 	6	\N
19149	EXCNZ2pAAlZZfXCB	\N	\N	f	 	6	\N
19150	EXCNZ2pAAlZZfTi8	\N	\N	f	 	6	\N
19151	EXCNZ2pAAlZZfPiF	\N	\N	f	 	6	\N
19152	EXCNZ2pAAlZZfKS9	\N	\N	f	 	6	\N
19153	EXCNZ2pAAlZZfHiD	\N	\N	f	 	6	\N
19154	EXCNZ2pAAlZZfDiC	\N	\N	f	 	6	\N
19155	EXCNZ2pAAlZZe_y3	\N	\N	f	 	6	\N
19156	EXCNZ2pAAlZZe6y6	\N	\N	f	 	6	\N
19157	EXCNZ2pAAlZZe2i4	\N	\N	f	 	6	\N
19158	EXCNZ2pAAlZZezy0	\N	\N	f	 	6	\N
19159	EXCNZ2pAAlZZevC4	\N	\N	f	 	6	\N
19160	EXCNZ2pAAlZZerS4	\N	\N	f	 	6	\N
19161	EXCNZ2pAAlZZemS3	\N	\N	f	 	6	\N
19162	EXCNZ2pAAlZZejy4	\N	\N	f	 	6	\N
19163	EXCNZ2pAAlZZeeyF	\N	\N	f	 	6	\N
19164	EXCNZ2pAAlZZebyA	\N	\N	f	 	6	\N
19165	EXCNZ2pAAlZZeWyD	\N	\N	f	 	6	\N
19166	EXCNZ2pAAlZZeTi9	\N	\N	f	 	6	\N
19167	EXCNZ2pAAlZZePiE	\N	\N	f	 	6	\N
19168	EXCNZ2pAAlZZeLSC	\N	\N	f	 	6	\N
19169	EXCNZ2pAAlZZeHiC	\N	\N	f	 	6	\N
19170	EXCNZ2pAAlZZeDSE	\N	\N	f	 	6	\N
19171	EXCNZ2pAAlZZd-i5	\N	\N	f	 	6	\N
19172	EXCNZ2pAAlZZd7C2	\N	\N	f	 	6	\N
19173	EXCNZ2pAAlZZd3S0	\N	\N	f	 	6	\N
19174	EXCNZ2pAAlZZdzS1	\N	\N	f	 	6	\N
19175	EXCNZ2pAAlZZduS2	\N	\N	f	 	6	\N
19176	EXCNZ2pAAlZZdry5	\N	\N	f	 	6	\N
19177	EXCNZ2pAAlZZdmy2	\N	\N	f	 	6	\N
19178	EXCNZ2pAAlZZdji6	\N	\N	f	 	6	\N
19179	EXCNZ2pAAlZZdfCB	\N	\N	f	 	6	\N
19180	EXCNZ2pAAlZZdbCA	\N	\N	f	 	6	\N
19181	EXCNZ2pAAlZZdXiB	\N	\N	f	 	6	\N
19182	EXCNZ2pAAlZZdSyF	\N	\N	f	 	6	\N
19183	EXCNZ2pAAlZZdPCF	\N	\N	f	 	6	\N
19184	EXCNZ2pAAlZZdLSF	\N	\N	f	 	6	\N
19185	EXCNZ2pAAlZZdGyA	\N	\N	f	 	6	\N
19186	EXCNZ2pAAlZZdDSD	\N	\N	f	 	6	\N
19187	EXCNZ2pAAlZZc-i4	\N	\N	f	 	6	\N
19188	EXCNZ2pAAlZZc7S2	\N	\N	f	 	6	\N
19189	EXCNZ2pAAlZZc2y7	\N	\N	f	 	6	\N
19190	EXCNZ2pAAlZZcyS4	\N	\N	f	 	6	\N
19191	EXCNZ2pAAlZZcuy1	\N	\N	f	 	6	\N
19192	EXCNZ2pAAlZZcqi1	\N	\N	f	 	6	\N
19193	EXCNZ2pAAlZZcny7	\N	\N	f	 	6	\N
19194	EXCNZ2pAAlZZcjy6	\N	\N	f	 	6	\N
19195	EXCNZ2pAAlZZceSF	\N	\N	f	 	6	\N
19196	EXCNZ2pAAlZZcayC	\N	\N	f	 	6	\N
19197	EXCNZ2pAAlZZWah4	\N	\N	f	 	6	\N
19198	EXCNZ2pAAlZZWXB1	\N	\N	f	 	6	\N
19199	EXCNZ2pAAlZZWTx3	\N	\N	f	 	6	\N
19200	EXCNZ2pAAlZZWPh5	\N	\N	f	 	6	\N
19201	EXCNZ2pAAlZZWLx5	\N	\N	f	 	6	\N
19202	EXCNZ2pAAlZZWHB5	\N	\N	f	 	6	\N
19203	EXCNZ2pAAlZZWCx3	\N	\N	f	 	6	\N
19204	EXCNZ2pAAlZZV-RD	\N	\N	f	 	6	\N
19205	EXCNZ2pAAlZZV7B9	\N	\N	f	 	6	\N
19206	EXCNZ2pAAlZZV3RB	\N	\N	f	 	6	\N
19207	EXCNZ2pAAlZZVzh9	\N	\N	f	 	6	\N
19208	EXCNZ2pAAlZZVuhA	\N	\N	f	 	6	\N
19209	EXCNZ2pAAlZZVrRC	\N	\N	f	 	6	\N
19210	EXCNZ2pAAlZZVnRF	\N	\N	f	 	6	\N
19211	EXCNZ2pAAlZZVih9	\N	\N	f	 	6	\N
19212	EXCNZ2pAAlZZVfx3	\N	\N	f	 	6	\N
19213	EXCNZ2pAAlZZVbB1	\N	\N	f	 	6	\N
19214	EXCNZ2pAAlZZVWx5	\N	\N	f	 	6	\N
19215	EXCNZ2pAAlZZVTR2	\N	\N	f	 	6	\N
19216	EXCNZ2pAAlZZVPh6	\N	\N	f	 	6	\N
19217	EXCNZ2pAAlZZVKR0	\N	\N	f	 	6	\N
19218	EXCNZ2pAAlZZVHx5	\N	\N	f	 	6	\N
19219	EXCNZ2pAAlZZVDB7	\N	\N	f	 	6	\N
19220	EXCNZ2pAAlZZU-xE	\N	\N	f	 	6	\N
19221	EXCNZ2pAAlZZU6hE	\N	\N	f	 	6	\N
19222	EXCNZ2pAAlZZU3BB	\N	\N	f	 	6	\N
19223	EXCNZ2pAAlZZUzBA	\N	\N	f	 	6	\N
19224	EXCNZ2pAAlZZUvhF	\N	\N	f	 	6	\N
19225	EXCNZ2pAAlZZUrxF	\N	\N	f	 	6	\N
19226	EXCNZ2pAAlZZUmRA	\N	\N	f	 	6	\N
19227	EXCNZ2pAAlZZUjBE	\N	\N	f	 	6	\N
19228	EXCNZ2pAAlZZUex6	\N	\N	f	 	6	\N
19229	EXCNZ2pAAlZZUaR5	\N	\N	f	 	6	\N
19230	EXCNZ2pAAlZZUWx4	\N	\N	f	 	6	\N
19231	EXCNZ2pAAlZZUTh0	\N	\N	f	 	6	\N
19232	EXCNZ2pAAlZZUPh7	\N	\N	f	 	6	\N
19233	EXCNZ2pAAlZZULB4	\N	\N	f	 	6	\N
19234	EXCNZ2pAAlZZUHB7	\N	\N	f	 	6	\N
19235	EXCNZ2pAAlZZUDR7	\N	\N	f	 	6	\N
19236	EXCNZ2pAAlZZT-RB	\N	\N	f	 	6	\N
19237	EXCNZ2pAAlZZT6x8	\N	\N	f	 	6	\N
19238	EXCNZ2pAAlZZT2hA	\N	\N	f	 	6	\N
19239	EXCNZ2pAAlZZTyxA	\N	\N	f	 	6	\N
19240	EXCNZ2pAAlZZTvRB	\N	\N	f	 	6	\N
19241	EXCNZ2pAAlZZTqRE	\N	\N	f	 	6	\N
19242	EXCNZ2pAAlZZTmxF	\N	\N	f	 	6	\N
19243	EXCNZ2pAAlZZTiRC	\N	\N	f	 	6	\N
19244	EXCNZ2pAAlZZTfR7	\N	\N	f	 	6	\N
19245	EXCNZ2pAAlZZTbx4	\N	\N	f	 	6	\N
19246	EXCNZ2pAAlZZTXB4	\N	\N	f	 	6	\N
19247	EXCNZ2pAAlZZTTB5	\N	\N	f	 	6	\N
19248	EXCNZ2pAAlZZTPx1	\N	\N	f	 	6	\N
19249	EXCNZ2pAAlZZTKR6	\N	\N	f	 	6	\N
19250	EXCNZ2pAAlZZTHx3	\N	\N	f	 	6	\N
19251	EXCNZ2pAAlZZTCR4	\N	\N	f	 	6	\N
19252	EXCNZ2pAAlZZS-h9	\N	\N	f	 	6	\N
19253	EXCNZ2pAAlZZS6h8	\N	\N	f	 	6	\N
19254	EXCNZ2pAAlZZS3hF	\N	\N	f	 	6	\N
19255	EXCNZ2pAAlZZSzRD	\N	\N	f	 	6	\N
19256	EXCNZ2pAAlZZSuRE	\N	\N	f	 	6	\N
19257	EXCNZ2pAAlZZSrBA	\N	\N	f	 	6	\N
19258	EXCNZ2pAAlZZSnhB	\N	\N	f	 	6	\N
19259	EXCNZ2pAAlZZSjhA	\N	\N	f	 	6	\N
19260	EXCNZ2pAAlZZSeR2	\N	\N	f	 	6	\N
19261	EXCNZ2pAAlZZSbx5	\N	\N	f	 	6	\N
19262	EXCNZ2pAAlZZSXB5	\N	\N	f	 	6	\N
19263	EXCNZ2pAAlZZSSh2	\N	\N	f	 	6	\N
19264	EXCNZ2pAAlZZSPh1	\N	\N	f	 	6	\N
19265	EXCNZ2pAAlZZSKx5	\N	\N	f	 	6	\N
19266	EXCNZ2pAAlZZSHh3	\N	\N	f	 	6	\N
19267	EXCNZ2pAAlZZSDB0	\N	\N	f	 	6	\N
19268	EXCNZ2pAAlZZR-R9	\N	\N	f	 	6	\N
19269	EXCNZ2pAAlZZR7xE	\N	\N	f	 	6	\N
19270	EXCNZ2pAAlZZR2x9	\N	\N	f	 	6	\N
19271	EXCNZ2pAAlZZRyRA	\N	\N	f	 	6	\N
19272	EXCNZ2pAAlZZRvB8	\N	\N	f	 	6	\N
19273	EXCNZ2pAAlZZRqxE	\N	\N	f	 	6	\N
19274	EXCNZ2pAAlZZRmxD	\N	\N	f	 	6	\N
19275	EXCNZ2pAAlZZRiRE	\N	\N	f	 	6	\N
19276	EXCNZ2pAAlZZRfx7	\N	\N	f	 	6	\N
19277	EXCNZ2pAAlZZRaR0	\N	\N	f	 	6	\N
19278	EXCNZ2pAAlZZRXh4	\N	\N	f	 	6	\N
19279	EXCNZ2pAAlZZRTh5	\N	\N	f	 	6	\N
19280	EXCNZ2pAAlZZRPh2	\N	\N	f	 	6	\N
19281	EXCNZ2pAAlZZRLB1	\N	\N	f	 	6	\N
19282	EXCNZ2pAAlZZRGR7	\N	\N	f	 	6	\N
19283	EXCNZ2pAAlZZRDR2	\N	\N	f	 	6	\N
19284	EXCNZ2pAAlZZQ-R8	\N	\N	f	 	6	\N
19285	EXCNZ2pAAlZZQ6xB	\N	\N	f	 	6	\N
19286	EXCNZ2pAAlZZQ3hD	\N	\N	f	 	6	\N
19287	EXCNZ2pAAlZZQzhC	\N	\N	f	 	6	\N
19288	EXCNZ2pAAlZZQuxE	\N	\N	f	 	6	\N
19289	EXCNZ2pAAlZZQrB8	\N	\N	f	 	6	\N
19290	EXCNZ2pAAlZZQnh9	\N	\N	f	 	6	\N
19291	EXCNZ2pAAlZZQjh8	\N	\N	f	 	6	\N
19292	EXCNZ2pAAlZZQfx6	\N	\N	f	 	6	\N
19293	EXCNZ2pAAlZZQbh6	\N	\N	f	 	6	\N
19294	EXCNZ2pAAlZZQXB7	\N	\N	f	 	6	\N
19295	EXCNZ2pAAlZZQTh4	\N	\N	f	 	6	\N
19296	EXCNZ2pAAlZZQPB1	\N	\N	f	 	6	\N
19297	EXCNZ2pAAlZZQKx7	\N	\N	f	 	6	\N
19298	EXCNZ2pAAlZZQGh5	\N	\N	f	 	6	\N
19299	EXCNZ2pAAlZZQDx1	\N	\N	f	 	6	\N
19300	EXCNZ2pAAlZZf-w4	\N	\N	f	 	6	\N
19301	EXCNZ2pAAlZZf6w5	\N	\N	f	 	6	\N
19302	EXCNZ2pAAlZZf2Q4	\N	\N	f	 	6	\N
19303	EXCNZ2pAAlZZfyQ5	\N	\N	f	 	6	\N
19304	EXCNZ2pAAlZZfvQ6	\N	\N	f	 	6	\N
19305	EXCNZ2pAAlZZfrQ7	\N	\N	f	 	6	\N
19306	EXCNZ2pAAlZZfmg3	\N	\N	f	 	6	\N
19307	EXCNZ2pAAlZZfjg6	\N	\N	f	 	6	\N
19308	EXCNZ2pAAlZZfegD	\N	\N	f	 	6	\N
19309	EXCNZ2pAAlZZfaQF	\N	\N	f	 	6	\N
19310	EXCNZ2pAAlZZfXwA	\N	\N	f	 	6	\N
19311	EXCNZ2pAAlZZfSwF	\N	\N	f	 	6	\N
19312	EXCNZ2pAAlZZfPQE	\N	\N	f	 	6	\N
19313	EXCNZ2pAAlZZfLwD	\N	\N	f	 	6	\N
19314	EXCNZ2pAAlZZfGwA	\N	\N	f	 	6	\N
19315	EXCNZ2pAAlZZfCgA	\N	\N	f	 	6	\N
19316	EXCNZ2pAAlZZe-g4	\N	\N	f	 	6	\N
19317	EXCNZ2pAAlZZe7A3	\N	\N	f	 	6	\N
19318	EXCNZ2pAAlZZe3g2	\N	\N	f	 	6	\N
19319	EXCNZ2pAAlZZezA1	\N	\N	f	 	6	\N
19320	EXCNZ2pAAlZZevA6	\N	\N	f	 	6	\N
19321	EXCNZ2pAAlZZeqw0	\N	\N	f	 	6	\N
19322	EXCNZ2pAAlZZemg2	\N	\N	f	 	6	\N
19323	EXCNZ2pAAlZZeig3	\N	\N	f	 	6	\N
19324	EXCNZ2pAAlZZefw9	\N	\N	f	 	6	\N
19325	EXCNZ2pAAlZZebQA	\N	\N	f	 	6	\N
19326	EXCNZ2pAAlZZeXgA	\N	\N	f	 	6	\N
19327	EXCNZ2pAAlZZeTwA	\N	\N	f	 	6	\N
19328	EXCNZ2pAAlZZePgC	\N	\N	f	 	6	\N
19329	EXCNZ2pAAlZZeLQE	\N	\N	f	 	6	\N
19330	EXCNZ2pAAlZZeHgE	\N	\N	f	 	6	\N
19331	EXCNZ2pAAlZZeDAD	\N	\N	f	 	6	\N
19332	EXCNZ2pAAlZZd-g7	\N	\N	f	 	6	\N
19333	EXCNZ2pAAlZZd7g2	\N	\N	f	 	6	\N
19334	EXCNZ2pAAlZZd2g5	\N	\N	f	 	6	\N
19335	EXCNZ2pAAlZZdyQ7	\N	\N	f	 	6	\N
19336	EXCNZ2pAAlZZdvw6	\N	\N	f	 	6	\N
19337	EXCNZ2pAAlZZdrA4	\N	\N	f	 	6	\N
19338	EXCNZ2pAAlZZdnQ6	\N	\N	f	 	6	\N
19339	EXCNZ2pAAlZZdig0	\N	\N	f	 	6	\N
19340	EXCNZ2pAAlZZdeQC	\N	\N	f	 	6	\N
19341	EXCNZ2pAAlZZdbQ9	\N	\N	f	 	6	\N
19342	EXCNZ2pAAlZZdXg9	\N	\N	f	 	6	\N
19343	EXCNZ2pAAlZZdSwD	\N	\N	f	 	6	\N
19344	EXCNZ2pAAlZZdOwA	\N	\N	f	 	6	\N
19345	EXCNZ2pAAlZZdLwF	\N	\N	f	 	6	\N
19346	EXCNZ2pAAlZZdHQE	\N	\N	f	 	6	\N
19347	EXCNZ2pAAlZZdDgC	\N	\N	f	 	6	\N
19348	EXCNZ2pAAlZZc-w7	\N	\N	f	 	6	\N
19349	EXCNZ2pAAlZZc7Q0	\N	\N	f	 	6	\N
19350	EXCNZ2pAAlZZc3g0	\N	\N	f	 	6	\N
19351	EXCNZ2pAAlZZcyQ6	\N	\N	f	 	6	\N
19352	EXCNZ2pAAlZZcvw7	\N	\N	f	 	6	\N
19353	EXCNZ2pAAlZZcrw6	\N	\N	f	 	6	\N
19354	EXCNZ2pAAlZZcmQ3	\N	\N	f	 	6	\N
19355	EXCNZ2pAAlZZcjQ6	\N	\N	f	 	6	\N
19356	EXCNZ2pAAlZZcegE	\N	\N	f	 	6	\N
19357	EXCNZ2pAAlZZcaQC	\N	\N	f	 	6	\N
19358	EXCNZ2pAAlZZcXQB	\N	\N	f	 	6	\N
19359	EXCNZ2pAAlZZcSwC	\N	\N	f	 	6	\N
19360	EXCNZ2pAAlZZcOgA	\N	\N	f	 	6	\N
19361	EXCNZ2pAAlZZcLQC	\N	\N	f	 	6	\N
19362	EXCNZ2pAAlZZcHAE	\N	\N	f	 	6	\N
19363	EXCNZ2pAAlZZcDAF	\N	\N	f	 	6	\N
19364	EXCNZ2pAAlZZb-w0	\N	\N	f	 	6	\N
19365	EXCNZ2pAAlZZb6Q3	\N	\N	f	 	6	\N
19366	EXCNZ2pAAlZZb3Q4	\N	\N	f	 	6	\N
19367	EXCNZ2pAAlZZbzQ5	\N	\N	f	 	6	\N
19368	EXCNZ2pAAlZZbuQ6	\N	\N	f	 	6	\N
19369	EXCNZ2pAAlZZbqw5	\N	\N	f	 	6	\N
19370	EXCNZ2pAAlZZbng3	\N	\N	f	 	6	\N
19371	EXCNZ2pAAlZZbjg2	\N	\N	f	 	6	\N
19372	EXCNZ2pAAlZZbeQA	\N	\N	f	 	6	\N
19373	EXCNZ2pAAlZZbaQB	\N	\N	f	 	6	\N
19374	EXCNZ2pAAlZZbXgF	\N	\N	f	 	6	\N
19375	EXCNZ2pAAlZZbTQD	\N	\N	f	 	6	\N
19376	EXCNZ2pAAlZZbOgD	\N	\N	f	 	6	\N
19377	EXCNZ2pAAlZZbLg8	\N	\N	f	 	6	\N
19378	EXCNZ2pAAlZZbHA9	\N	\N	f	 	6	\N
19379	EXCNZ2pAAlZZbDwB	\N	\N	f	 	6	\N
19380	EXCNZ2pAAlZZa_A6	\N	\N	f	 	6	\N
19381	EXCNZ2pAAlZZa6g1	\N	\N	f	 	6	\N
19382	EXCNZ2pAAlZZa3g6	\N	\N	f	 	6	\N
19383	EXCNZ2pAAlZZayQ0	\N	\N	f	 	6	\N
19384	EXCNZ2pAAlZZauQ7	\N	\N	f	 	6	\N
19385	EXCNZ2pAAlZZaqQ6	\N	\N	f	 	6	\N
19386	EXCNZ2pAAlZZanw3	\N	\N	f	 	6	\N
19387	EXCNZ2pAAlZZe3x2	\N	\N	f	 	6	\N
19388	EXCNZ2pAAlZZeyh6	\N	\N	f	 	6	\N
19389	EXCNZ2pAAlZZevx4	\N	\N	f	 	6	\N
19390	EXCNZ2pAAlZZerx5	\N	\N	f	 	6	\N
19391	EXCNZ2pAAlZZenR4	\N	\N	f	 	6	\N
19392	EXCNZ2pAAlZZejR5	\N	\N	f	 	6	\N
19393	EXCNZ2pAAlZZeexC	\N	\N	f	 	6	\N
19394	EXCNZ2pAAlZZebRB	\N	\N	f	 	6	\N
19395	EXCNZ2pAAlZZeWRC	\N	\N	f	 	6	\N
19396	EXCNZ2pAAlZZeTB8	\N	\N	f	 	6	\N
19397	EXCNZ2pAAlZZeORA	\N	\N	f	 	6	\N
19398	EXCNZ2pAAlZZeKh8	\N	\N	f	 	6	\N
19399	EXCNZ2pAAlZZeHhF	\N	\N	f	 	6	\N
19400	EXCNZ2pAAlZZeDBC	\N	\N	f	 	6	\N
19401	EXCNZ2pAAlZZd_x3	\N	\N	f	 	6	\N
19402	EXCNZ2pAAlZZd6h7	\N	\N	f	 	6	\N
19403	EXCNZ2pAAlZZd3x1	\N	\N	f	 	6	\N
19404	EXCNZ2pAAlZZdzh1	\N	\N	f	 	6	\N
19405	EXCNZ2pAAlZZdux3	\N	\N	f	 	6	\N
19406	EXCNZ2pAAlZZdrx6	\N	\N	f	 	6	\N
19407	EXCNZ2pAAlZZdmh0	\N	\N	f	 	6	\N
19408	EXCNZ2pAAlZZdix0	\N	\N	f	 	6	\N
19409	EXCNZ2pAAlZZdfB8	\N	\N	f	 	6	\N
19410	EXCNZ2pAAlZZdaxE	\N	\N	f	 	6	\N
19411	EXCNZ2pAAlZZdXh8	\N	\N	f	 	6	\N
19412	EXCNZ2pAAlZZdSRE	\N	\N	f	 	6	\N
19413	EXCNZ2pAAlZZdPxF	\N	\N	f	 	6	\N
19414	EXCNZ2pAAlZZdKR8	\N	\N	f	 	6	\N
19415	EXCNZ2pAAlZZdHBE	\N	\N	f	 	6	\N
19416	EXCNZ2pAAlZZdCRA	\N	\N	f	 	6	\N
19417	EXCNZ2pAAlZZc-h7	\N	\N	f	 	6	\N
19418	EXCNZ2pAAlZZc7B0	\N	\N	f	 	6	\N
19419	EXCNZ2pAAlZZc2h5	\N	\N	f	 	6	\N
19420	EXCNZ2pAAlZZcyh4	\N	\N	f	 	6	\N
19421	EXCNZ2pAAlZZcvx6	\N	\N	f	 	6	\N
19422	EXCNZ2pAAlZZcrh6	\N	\N	f	 	6	\N
19423	EXCNZ2pAAlZZcnB7	\N	\N	f	 	6	\N
19424	EXCNZ2pAAlZZcjR7	\N	\N	f	 	6	\N
19425	EXCNZ2pAAlZZcfxA	\N	\N	f	 	6	\N
19426	EXCNZ2pAAlZZcahE	\N	\N	f	 	6	\N
19427	EXCNZ2pAAlZZcXBB	\N	\N	f	 	6	\N
19428	EXCNZ2pAAlZZcTBA	\N	\N	f	 	6	\N
19429	EXCNZ2pAAlZZcOhB	\N	\N	f	 	6	\N
19430	EXCNZ2pAAlZZcKR9	\N	\N	f	 	6	\N
19431	EXCNZ2pAAlZZcHhD	\N	\N	f	 	6	\N
19432	EXCNZ2pAAlZZcDRF	\N	\N	f	 	6	\N
19433	EXCNZ2pAAlZZb_R7	\N	\N	f	 	6	\N
19434	EXCNZ2pAAlZZb7h5	\N	\N	f	 	6	\N
19435	EXCNZ2pAAlZZb2R1	\N	\N	f	 	6	\N
19436	EXCNZ2pAAlZZbzx6	\N	\N	f	 	6	\N
19437	EXCNZ2pAAlZZbvR3	\N	\N	f	 	6	\N
19438	EXCNZ2pAAlZZbrh1	\N	\N	f	 	6	\N
19439	EXCNZ2pAAlZZbnR1	\N	\N	f	 	6	\N
19440	EXCNZ2pAAlZZbjB1	\N	\N	f	 	6	\N
19441	EXCNZ2pAAlZZbfBE	\N	\N	f	 	6	\N
19442	EXCNZ2pAAlZZbbhD	\N	\N	f	 	6	\N
19443	EXCNZ2pAAlZZbXBC	\N	\N	f	 	6	\N
19444	EXCNZ2pAAlZZbSR8	\N	\N	f	 	6	\N
19445	EXCNZ2pAAlZZbORF	\N	\N	f	 	6	\N
19446	EXCNZ2pAAlZZbKhD	\N	\N	f	 	6	\N
19447	EXCNZ2pAAlZZbGRD	\N	\N	f	 	6	\N
19448	EXCNZ2pAAlZZbCxE	\N	\N	f	 	6	\N
19449	EXCNZ2pAAlZZa_B7	\N	\N	f	 	6	\N
19450	EXCNZ2pAAlZZa7h4	\N	\N	f	 	6	\N
19451	EXCNZ2pAAlZZa2R0	\N	\N	f	 	6	\N
19452	EXCNZ2pAAlZZazB4	\N	\N	f	 	6	\N
19453	EXCNZ2pAAlZZavx0	\N	\N	f	 	6	\N
19454	EXCNZ2pAAlZZaqx5	\N	\N	f	 	6	\N
19455	EXCNZ2pAAlZZamR4	\N	\N	f	 	6	\N
19456	EXCNZ2pAAlZZajR1	\N	\N	f	 	6	\N
19457	EXCNZ2pAAlZZaex8	\N	\N	f	 	6	\N
19458	EXCNZ2pAAlZZaah8	\N	\N	f	 	6	\N
19459	EXCNZ2pAAlZZaWhB	\N	\N	f	 	6	\N
19460	EXCNZ2pAAlZZaSxB	\N	\N	f	 	6	\N
19461	EXCNZ2pAAlZZaOhD	\N	\N	f	 	6	\N
19462	EXCNZ2pAAlZZaLx9	\N	\N	f	 	6	\N
19463	EXCNZ2pAAlZZaHB9	\N	\N	f	 	6	\N
19464	EXCNZ2pAAlZZaChE	\N	\N	f	 	6	\N
19465	EXCNZ2pAAlZZZ_x7	\N	\N	f	 	6	\N
19466	EXCNZ2pAAlZZZ7R4	\N	\N	f	 	6	\N
19467	EXCNZ2pAAlZZZ3B6	\N	\N	f	 	6	\N
19468	EXCNZ2pAAlZZZyx0	\N	\N	f	 	6	\N
19469	EXCNZ2pAAlZZZvh2	\N	\N	f	 	6	\N
19470	EXCNZ2pAAlZZZrR0	\N	\N	f	 	6	\N
19471	EXCNZ2pAAlZZZnh0	\N	\N	f	 	6	\N
19472	EXCNZ2pAAlZZZjR2	\N	\N	f	 	6	\N
19473	EXCNZ2pAAlZZZfxF	\N	\N	f	 	6	\N
19474	EXCNZ2pAAlZZZaR8	\N	\N	f	 	6	\N
19475	EXCNZ2pAAlZZZWRB	\N	\N	f	 	6	\N
19476	EXCNZ2pAAlZZZTBF	\N	\N	f	 	6	\N
19477	EXCNZ2pAAlZZZPR9	\N	\N	f	 	6	\N
19478	EXCNZ2pAAlZZZLxA	\N	\N	f	 	6	\N
19479	EXCNZ2pAAlZZZGxD	\N	\N	f	 	6	\N
19480	EXCNZ2pAAlZZZCRE	\N	\N	f	 	6	\N
19481	EXCNZ2pAAlZZY_h7	\N	\N	f	 	6	\N
19482	EXCNZ2pAAlZZY7B4	\N	\N	f	 	6	\N
19483	EXCNZ2pAAlZZY3B7	\N	\N	f	 	6	\N
19484	EXCNZ2pAAlZZYyx1	\N	\N	f	 	6	\N
19485	EXCNZ2pAAlZZYuh7	\N	\N	f	 	6	\N
19486	EXCNZ2pAAlZZYrB0	\N	\N	f	 	6	\N
19487	EXCNZ2pAAlZZYmR6	\N	\N	f	 	6	\N
19488	EXCNZ2pAAlZZYjx1	\N	\N	f	 	6	\N
19489	EXCNZ2pAAlZZYfhF	\N	\N	f	 	6	\N
19490	EXCNZ2pAAlZZYahA	\N	\N	f	 	6	\N
19491	EXCNZ2pAAlZZYWRA	\N	\N	f	 	6	\N
19492	EXCNZ2pAAlZZYTRF	\N	\N	f	 	6	\N
19493	EXCNZ2pAAlZZYOxE	\N	\N	f	 	6	\N
19494	EXCNZ2pAAlZZYLxB	\N	\N	f	 	6	\N
19495	EXCNZ2pAAlZZYHRA	\N	\N	f	 	6	\N
19496	EXCNZ2pAAlZZYCxD	\N	\N	f	 	6	\N
19497	EXCNZ2pAAlZZX_x9	\N	\N	f	 	6	\N
19498	EXCNZ2pAAlZZX7BB	\N	\N	f	 	6	\N
19499	EXCNZ2pAAlZZX3xB	\N	\N	f	 	6	\N
19500	EXCNZ2pAAlZZXzR8	\N	\N	f	 	6	\N
19501	EXCNZ2pAAlZZXuRB	\N	\N	f	 	6	\N
19502	EXCNZ2pAAlZZXqRA	\N	\N	f	 	6	\N
19503	EXCNZ2pAAlZZXnxF	\N	\N	f	 	6	\N
19504	EXCNZ2pAAlZZXjBD	\N	\N	f	 	6	\N
19505	EXCNZ2pAAlZZXeR7	\N	\N	f	 	6	\N
19506	EXCNZ2pAAlZZXbR2	\N	\N	f	 	6	\N
19507	EXCNZ2pAAlZZXWh6	\N	\N	f	 	6	\N
19508	EXCNZ2pAAlZZXTh3	\N	\N	f	 	6	\N
19509	EXCNZ2pAAlZZXOx1	\N	\N	f	 	6	\N
23528	EXCNZ2pAAlZY0rUE	\N	\N	f	 	7	\N
23529	EXCNZ2pAAlZY0n0F	\N	\N	f	 	7	\N
23530	EXCNZ2pAAlZY0jkF	\N	\N	f	 	7	\N
23531	EXCNZ2pAAlZY0eU7	\N	\N	f	 	7	\N
23532	EXCNZ2pAAlZY0bE3	\N	\N	f	 	7	\N
23533	EXCNZ2pAAlZY0W07	\N	\N	f	 	7	\N
23534	EXCNZ2pAAlZY0S06	\N	\N	f	 	7	\N
23535	EXCNZ2pAAlZY0Ok0	\N	\N	f	 	7	\N
23536	EXCNZ2pAAlZY0KU2	\N	\N	f	 	7	\N
23537	EXCNZ2pAAlZY0HE4	\N	\N	f	 	7	\N
23538	EXCNZ2pAAlZY0DU4	\N	\N	f	 	7	\N
23539	EXCNZ2pAAlZYz-kB	\N	\N	f	 	7	\N
23540	EXCNZ2pAAlZYz60B	\N	\N	f	 	7	\N
23541	EXCNZ2pAAlZYz3UE	\N	\N	f	 	7	\N
23542	EXCNZ2pAAlZYzzUF	\N	\N	f	 	7	\N
23543	EXCNZ2pAAlZYzukF	\N	\N	f	 	7	\N
23544	EXCNZ2pAAlZYzrU9	\N	\N	f	 	7	\N
23545	EXCNZ2pAAlZYznUA	\N	\N	f	 	7	\N
23546	EXCNZ2pAAlZYzjk8	\N	\N	f	 	7	\N
23547	EXCNZ2pAAlZYzfk7	\N	\N	f	 	7	\N
23548	EXCNZ2pAAlZYzbE4	\N	\N	f	 	7	\N
23549	EXCNZ2pAAlZYzXE7	\N	\N	f	 	7	\N
23550	EXCNZ2pAAlZYzS01	\N	\N	f	 	7	\N
23551	EXCNZ2pAAlZYzOU4	\N	\N	f	 	7	\N
23552	EXCNZ2pAAlZYzKk6	\N	\N	f	 	7	\N
23553	EXCNZ2pAAlZYzG04	\N	\N	f	 	7	\N
23554	EXCNZ2pAAlZYzDE2	\N	\N	f	 	7	\N
23555	EXCNZ2pAAlZYy-U9	\N	\N	f	 	7	\N
23556	EXCNZ2pAAlZYy70E	\N	\N	f	 	7	\N
23557	EXCNZ2pAAlZYy3kC	\N	\N	f	 	7	\N
23558	EXCNZ2pAAlZYyzEF	\N	\N	f	 	7	\N
23559	EXCNZ2pAAlZYyvkA	\N	\N	f	 	7	\N
23560	EXCNZ2pAAlZYyq0E	\N	\N	f	 	7	\N
23561	EXCNZ2pAAlZYyn09	\N	\N	f	 	7	\N
23562	EXCNZ2pAAlZYyiUE	\N	\N	f	 	7	\N
23563	EXCNZ2pAAlZYyfE4	\N	\N	f	 	7	\N
23564	EXCNZ2pAAlZYybU4	\N	\N	f	 	7	\N
23565	EXCNZ2pAAlZYyWU3	\N	\N	f	 	7	\N
23566	EXCNZ2pAAlZYyTU6	\N	\N	f	 	7	\N
23567	EXCNZ2pAAlZYyPU1	\N	\N	f	 	7	\N
23568	EXCNZ2pAAlZYyKU4	\N	\N	f	 	7	\N
23569	EXCNZ2pAAlZYyHU3	\N	\N	f	 	7	\N
23570	EXCNZ2pAAlZYyDU2	\N	\N	f	 	7	\N
23571	EXCNZ2pAAlZYx_0C	\N	\N	f	 	7	\N
23572	EXCNZ2pAAlZYx7UF	\N	\N	f	 	7	\N
23573	EXCNZ2pAAlZYx2kB	\N	\N	f	 	7	\N
23574	EXCNZ2pAAlZYxzkE	\N	\N	f	 	7	\N
23575	EXCNZ2pAAlZYxuUE	\N	\N	f	 	7	\N
23576	EXCNZ2pAAlZYxr09	\N	\N	f	 	7	\N
23577	EXCNZ2pAAlZYxnU8	\N	\N	f	 	7	\N
23578	EXCNZ2pAAlZYxjU9	\N	\N	f	 	7	\N
23579	EXCNZ2pAAlZYxfk5	\N	\N	f	 	7	\N
23580	EXCNZ2pAAlZYxbE6	\N	\N	f	 	7	\N
23581	EXCNZ2pAAlZYxXE5	\N	\N	f	 	7	\N
23582	EXCNZ2pAAlZYxT07	\N	\N	f	 	7	\N
23583	EXCNZ2pAAlZYxPE3	\N	\N	f	 	7	\N
23584	EXCNZ2pAAlZYxLE2	\N	\N	f	 	7	\N
23585	EXCNZ2pAAlZYxGk7	\N	\N	f	 	7	\N
23586	EXCNZ2pAAlZYxCk6	\N	\N	f	 	7	\N
23587	EXCNZ2pAAlZYw-k8	\N	\N	f	 	7	\N
23588	EXCNZ2pAAlZYw7EF	\N	\N	f	 	7	\N
23589	EXCNZ2pAAlZYw2kA	\N	\N	f	 	7	\N
23590	EXCNZ2pAAlZYwy0A	\N	\N	f	 	7	\N
23591	EXCNZ2pAAlZYwu0D	\N	\N	f	 	7	\N
23592	EXCNZ2pAAlZYwqUE	\N	\N	f	 	7	\N
23593	EXCNZ2pAAlZYwn0B	\N	\N	f	 	7	\N
23594	EXCNZ2pAAlZYwikF	\N	\N	f	 	7	\N
23595	EXCNZ2pAAlZYwfU7	\N	\N	f	 	7	\N
23596	EXCNZ2pAAlZYwbE7	\N	\N	f	 	7	\N
23597	EXCNZ2pAAlZYwW03	\N	\N	f	 	7	\N
23598	EXCNZ2pAAlZYwT06	\N	\N	f	 	7	\N
23599	EXCNZ2pAAlZYwP01	\N	\N	f	 	7	\N
23600	EXCNZ2pAAlZYwK04	\N	\N	f	 	7	\N
23601	EXCNZ2pAAlZYwG07	\N	\N	f	 	7	\N
23602	EXCNZ2pAAlZYwDk3	\N	\N	f	 	7	\N
23603	EXCNZ2pAAlZY_-j0	\N	\N	f	 	7	\N
23604	EXCNZ2pAAlZY_7j5	\N	\N	f	 	7	\N
23605	EXCNZ2pAAlZY_3z7	\N	\N	f	 	7	\N
23606	EXCNZ2pAAlZY_zD5	\N	\N	f	 	7	\N
23607	EXCNZ2pAAlZY_uz5	\N	\N	f	 	7	\N
23608	EXCNZ2pAAlZY_qz4	\N	\N	f	 	7	\N
23609	EXCNZ2pAAlZY_nj2	\N	\N	f	 	7	\N
23610	EXCNZ2pAAlZY_jD1	\N	\N	f	 	7	\N
23611	EXCNZ2pAAlZY_ej8	\N	\N	f	 	7	\N
23612	EXCNZ2pAAlZY_bDF	\N	\N	f	 	7	\N
23613	EXCNZ2pAAlZY_WzB	\N	\N	f	 	7	\N
23614	EXCNZ2pAAlZY_SzA	\N	\N	f	 	7	\N
23615	EXCNZ2pAAlZY_Pj8	\N	\N	f	 	7	\N
23616	EXCNZ2pAAlZY_Lj9	\N	\N	f	 	7	\N
23617	EXCNZ2pAAlZY_GjE	\N	\N	f	 	7	\N
23618	EXCNZ2pAAlZY_DzA	\N	\N	f	 	7	\N
23619	EXCNZ2pAAlZY-_D7	\N	\N	f	 	7	\N
23620	EXCNZ2pAAlZY-7T7	\N	\N	f	 	7	\N
23621	EXCNZ2pAAlZY-3z6	\N	\N	f	 	7	\N
23622	EXCNZ2pAAlZY-zT5	\N	\N	f	 	7	\N
23623	EXCNZ2pAAlZY-vT2	\N	\N	f	 	7	\N
23624	EXCNZ2pAAlZY-rT3	\N	\N	f	 	7	\N
23625	EXCNZ2pAAlZY-mz6	\N	\N	f	 	7	\N
23626	EXCNZ2pAAlZY-jj2	\N	\N	f	 	7	\N
23627	EXCNZ2pAAlZY-ez8	\N	\N	f	 	7	\N
23628	EXCNZ2pAAlZY-az9	\N	\N	f	 	7	\N
23629	EXCNZ2pAAlZY-XjF	\N	\N	f	 	7	\N
23630	EXCNZ2pAAlZY-SjA	\N	\N	f	 	7	\N
23631	EXCNZ2pAAlZY-Pj9	\N	\N	f	 	7	\N
23632	EXCNZ2pAAlZY-Lj8	\N	\N	f	 	7	\N
23633	EXCNZ2pAAlZY-HT8	\N	\N	f	 	7	\N
23634	EXCNZ2pAAlZY-DT9	\N	\N	f	 	7	\N
23635	EXCNZ2pAAlZY9_T5	\N	\N	f	 	7	\N
23636	EXCNZ2pAAlZY97T4	\N	\N	f	 	7	\N
23637	EXCNZ2pAAlZY93D6	\N	\N	f	 	7	\N
23638	EXCNZ2pAAlZY9zj5	\N	\N	f	 	7	\N
23639	EXCNZ2pAAlZY9vD0	\N	\N	f	 	7	\N
23640	EXCNZ2pAAlZY9qT4	\N	\N	f	 	7	\N
23641	EXCNZ2pAAlZY9mz5	\N	\N	f	 	7	\N
23642	EXCNZ2pAAlZY63j3	\N	\N	f	 	7	\N
23643	EXCNZ2pAAlZY6zT1	\N	\N	f	 	7	\N
23644	EXCNZ2pAAlZY6vz4	\N	\N	f	 	7	\N
23645	EXCNZ2pAAlZY6qz1	\N	\N	f	 	7	\N
23646	EXCNZ2pAAlZY6mT0	\N	\N	f	 	7	\N
23647	EXCNZ2pAAlZY6ij2	\N	\N	f	 	7	\N
23648	EXCNZ2pAAlZY6fj9	\N	\N	f	 	7	\N
23649	EXCNZ2pAAlZY6bTB	\N	\N	f	 	7	\N
23650	EXCNZ2pAAlZY6XT8	\N	\N	f	 	7	\N
23651	EXCNZ2pAAlZY6SjE	\N	\N	f	 	7	\N
23652	EXCNZ2pAAlZY6PDF	\N	\N	f	 	7	\N
23653	EXCNZ2pAAlZY6LTF	\N	\N	f	 	7	\N
23654	EXCNZ2pAAlZY6GjB	\N	\N	f	 	7	\N
23655	EXCNZ2pAAlZY6DjE	\N	\N	f	 	7	\N
23656	EXCNZ2pAAlZY5_D0	\N	\N	f	 	7	\N
23657	EXCNZ2pAAlZY56j7	\N	\N	f	 	7	\N
23658	EXCNZ2pAAlZY53z1	\N	\N	f	 	7	\N
23659	EXCNZ2pAAlZY5zj1	\N	\N	f	 	7	\N
23660	EXCNZ2pAAlZY5vj6	\N	\N	f	 	7	\N
23661	EXCNZ2pAAlZY5qT0	\N	\N	f	 	7	\N
23662	EXCNZ2pAAlZY5nz5	\N	\N	f	 	7	\N
23663	EXCNZ2pAAlZY5iT2	\N	\N	f	 	7	\N
23664	EXCNZ2pAAlZY5ezF	\N	\N	f	 	7	\N
23665	EXCNZ2pAAlZY5aTC	\N	\N	f	 	7	\N
23666	EXCNZ2pAAlZY5XDA	\N	\N	f	 	7	\N
23667	EXCNZ2pAAlZY5Tz8	\N	\N	f	 	7	\N
23668	EXCNZ2pAAlZY5OzB	\N	\N	f	 	7	\N
23669	EXCNZ2pAAlZY5LjF	\N	\N	f	 	7	\N
23670	EXCNZ2pAAlZY5HTF	\N	\N	f	 	7	\N
23671	EXCNZ2pAAlZY5Cz8	\N	\N	f	 	7	\N
23672	EXCNZ2pAAlZY4-z6	\N	\N	f	 	7	\N
23673	EXCNZ2pAAlZY47z3	\N	\N	f	 	7	\N
23674	EXCNZ2pAAlZY42z4	\N	\N	f	 	7	\N
23675	EXCNZ2pAAlZY4zj0	\N	\N	f	 	7	\N
23676	EXCNZ2pAAlZY4uT0	\N	\N	f	 	7	\N
23677	EXCNZ2pAAlZY4qT1	\N	\N	f	 	7	\N
23678	EXCNZ2pAAlZY4nT6	\N	\N	f	 	7	\N
23679	EXCNZ2pAAlZY4jD6	\N	\N	f	 	7	\N
23680	EXCNZ2pAAlZY4ezE	\N	\N	f	 	7	\N
23681	EXCNZ2pAAlZY4bjA	\N	\N	f	 	7	\N
23682	EXCNZ2pAAlZY4WjD	\N	\N	f	 	7	\N
23683	EXCNZ2pAAlZY4TTB	\N	\N	f	 	7	\N
23684	EXCNZ2pAAlZY4OjB	\N	\N	f	 	7	\N
23685	EXCNZ2pAAlZY4LTD	\N	\N	f	 	7	\N
23686	EXCNZ2pAAlZY4GTA	\N	\N	f	 	7	\N
23687	EXCNZ2pAAlZY4DzD	\N	\N	f	 	7	\N
23688	EXCNZ2pAAlZY3-TB	\N	\N	f	 	7	\N
23689	EXCNZ2pAAlZY37DF	\N	\N	f	 	7	\N
23690	EXCNZ2pAAlZY32jA	\N	\N	f	 	7	\N
23691	EXCNZ2pAAlZY3yjB	\N	\N	f	 	7	\N
23692	EXCNZ2pAAlZY3ujC	\N	\N	f	 	7	\N
23693	EXCNZ2pAAlZY3qjD	\N	\N	f	 	7	\N
23694	EXCNZ2pAAlZY3mzF	\N	\N	f	 	7	\N
23695	EXCNZ2pAAlZY3jjB	\N	\N	f	 	7	\N
23696	EXCNZ2pAAlZY3fT7	\N	\N	f	 	7	\N
23697	EXCNZ2pAAlZY3bT6	\N	\N	f	 	7	\N
23698	EXCNZ2pAAlZY3Xz7	\N	\N	f	 	7	\N
23699	EXCNZ2pAAlZY3ST0	\N	\N	f	 	7	\N
23700	EXCNZ2pAAlZY3Pz1	\N	\N	f	 	7	\N
23701	EXCNZ2pAAlZY3KT6	\N	\N	f	 	7	\N
23702	EXCNZ2pAAlZY3Gz7	\N	\N	f	 	7	\N
23703	EXCNZ2pAAlZY3DD1	\N	\N	f	 	7	\N
23704	EXCNZ2pAAlZY2_TE	\N	\N	f	 	7	\N
23705	EXCNZ2pAAlZY26TB	\N	\N	f	 	7	\N
23706	EXCNZ2pAAlZY23TC	\N	\N	f	 	7	\N
23707	EXCNZ2pAAlZY2zzF	\N	\N	f	 	7	\N
23708	EXCNZ2pAAlZY2vDB	\N	\N	f	 	7	\N
23709	EXCNZ2pAAlZY2rz9	\N	\N	f	 	7	\N
23710	EXCNZ2pAAlZY2nT8	\N	\N	f	 	7	\N
23711	EXCNZ2pAAlZY2iTD	\N	\N	f	 	7	\N
23712	EXCNZ2pAAlZY2fj5	\N	\N	f	 	7	\N
23713	EXCNZ2pAAlZY2bj4	\N	\N	f	 	7	\N
23714	EXCNZ2pAAlZY2WT0	\N	\N	f	 	7	\N
23715	EXCNZ2pAAlZY2Tz7	\N	\N	f	 	7	\N
23716	EXCNZ2pAAlZY2OT6	\N	\N	f	 	7	\N
23717	EXCNZ2pAAlZY2LT3	\N	\N	f	 	7	\N
23718	EXCNZ2pAAlZY2Hz2	\N	\N	f	 	7	\N
23719	EXCNZ2pAAlZY2Cj6	\N	\N	f	 	7	\N
23720	EXCNZ2pAAlZY1-zB	\N	\N	f	 	7	\N
23721	EXCNZ2pAAlZY17zE	\N	\N	f	 	7	\N
23722	EXCNZ2pAAlZY13jC	\N	\N	f	 	7	\N
23723	EXCNZ2pAAlZY1zjD	\N	\N	f	 	7	\N
23724	EXCNZ2pAAlZY1uTD	\N	\N	f	 	7	\N
23725	EXCNZ2pAAlZY1qTC	\N	\N	f	 	7	\N
23726	EXCNZ2pAAlZY1nDA	\N	\N	f	 	7	\N
23727	EXCNZ2pAAlZY1jz8	\N	\N	f	 	7	\N
23728	EXCNZ2pAAlZY1fj6	\N	\N	f	 	7	\N
23729	EXCNZ2pAAlZY1bT4	\N	\N	f	 	7	\N
23730	EXCNZ2pAAlZY1XT7	\N	\N	f	 	7	\N
23731	EXCNZ2pAAlZY1Tj5	\N	\N	f	 	7	\N
23732	EXCNZ2pAAlZY1OT5	\N	\N	f	 	7	\N
23733	EXCNZ2pAAlZY1KT4	\N	\N	f	 	7	\N
23734	EXCNZ2pAAlZY1Hj0	\N	\N	f	 	7	\N
23735	EXCNZ2pAAlZY1Cz4	\N	\N	f	 	7	\N
23736	EXCNZ2pAAlZY0-jB	\N	\N	f	 	7	\N
23737	EXCNZ2pAAlZY06zB	\N	\N	f	 	7	\N
23738	EXCNZ2pAAlZY02j9	\N	\N	f	 	7	\N
23739	EXCNZ2pAAlZY0yj8	\N	\N	f	 	7	\N
23740	EXCNZ2pAAlZY0vzA	\N	\N	f	 	7	\N
23741	EXCNZ2pAAlZY0rjA	\N	\N	f	 	7	\N
23742	EXCNZ2pAAlZY0mTE	\N	\N	f	 	7	\N
23743	EXCNZ2pAAlZY0jDA	\N	\N	f	 	7	\N
23744	EXCNZ2pAAlZY0ej3	\N	\N	f	 	7	\N
23745	EXCNZ2pAAlZY0az3	\N	\N	f	 	7	\N
23746	EXCNZ2pAAlZY0WT2	\N	\N	f	 	7	\N
23747	EXCNZ2pAAlZY0Sj0	\N	\N	f	 	7	\N
23748	EXCNZ2pAAlZY0PD1	\N	\N	f	 	7	\N
23749	EXCNZ2pAAlZY0Lj2	\N	\N	f	 	7	\N
23750	EXCNZ2pAAlZY0HD3	\N	\N	f	 	7	\N
23751	EXCNZ2pAAlZY0CT7	\N	\N	f	 	7	\N
23752	EXCNZ2pAAlZYz_TB	\N	\N	f	 	7	\N
23753	EXCNZ2pAAlZYz6TE	\N	\N	f	 	7	\N
23754	EXCNZ2pAAlZYz3T9	\N	\N	f	 	7	\N
23755	EXCNZ2pAAlZYzzT8	\N	\N	f	 	7	\N
23756	EXCNZ2pAAlZYzuTB	\N	\N	f	 	7	\N
23757	EXCNZ2pAAlZYzrDF	\N	\N	f	 	7	\N
23758	EXCNZ2pAAlZYzmT9	\N	\N	f	 	7	\N
23759	EXCNZ2pAAlZYzjjF	\N	\N	f	 	7	\N
23760	EXCNZ2pAAlZYzej4	\N	\N	f	 	7	\N
23761	EXCNZ2pAAlZYzbj1	\N	\N	f	 	7	\N
23762	EXCNZ2pAAlZYzWT5	\N	\N	f	 	7	\N
23763	EXCNZ2pAAlZYzTz2	\N	\N	f	 	7	\N
23764	EXCNZ2pAAlZYzPz5	\N	\N	f	 	7	\N
23765	EXCNZ2pAAlZYzKT2	\N	\N	f	 	7	\N
23766	EXCNZ2pAAlZYzHj6	\N	\N	f	 	7	\N
23767	EXCNZ2pAAlZYzCT0	\N	\N	f	 	7	\N
23768	EXCNZ2pAAlZYy-zC	\N	\N	f	 	7	\N
23769	EXCNZ2pAAlZYy6TF	\N	\N	f	 	7	\N
23770	EXCNZ2pAAlZYy3T8	\N	\N	f	 	7	\N
23771	EXCNZ2pAAlZYyzT9	\N	\N	f	 	7	\N
23772	EXCNZ2pAAlZYyvTE	\N	\N	f	 	7	\N
23773	EXCNZ2pAAlZYyrTF	\N	\N	f	 	7	\N
23774	EXCNZ2pAAlZYynjF	\N	\N	f	 	7	\N
23775	EXCNZ2pAAlZYyjTD	\N	\N	f	 	7	\N
23776	EXCNZ2pAAlZYyfj1	\N	\N	f	 	7	\N
23777	EXCNZ2pAAlZYyaz5	\N	\N	f	 	7	\N
23778	EXCNZ2pAAlZYyWj7	\N	\N	f	 	7	\N
23779	EXCNZ2pAAlZYyTD0	\N	\N	f	 	7	\N
23780	EXCNZ2pAAlZYyOT2	\N	\N	f	 	7	\N
23781	EXCNZ2pAAlZYyKj0	\N	\N	f	 	7	\N
23782	EXCNZ2pAAlZYyGz2	\N	\N	f	 	7	\N
23783	EXCNZ2pAAlZYyCj2	\N	\N	f	 	7	\N
23784	EXCNZ2pAAlZYx_T9	\N	\N	f	 	7	\N
23785	EXCNZ2pAAlZYx7jB	\N	\N	f	 	7	\N
23786	EXCNZ2pAAlZYx3DA	\N	\N	f	 	7	\N
23787	EXCNZ2pAAlZYxzz8	\N	\N	f	 	7	\N
23788	EXCNZ2pAAlZYxuzB	\N	\N	f	 	7	\N
23789	EXCNZ2pAAlZYxrDD	\N	\N	f	 	7	\N
23790	EXCNZ2pAAlZYxnDE	\N	\N	f	 	7	\N
23791	EXCNZ2pAAlZYxiz8	\N	\N	f	 	7	\N
23792	EXCNZ2pAAlZYxfj2	\N	\N	f	 	7	\N
23793	EXCNZ2pAAlZYxbz2	\N	\N	f	 	7	\N
23794	EXCNZ2pAAlZYxXj0	\N	\N	f	 	7	\N
23795	EXCNZ2pAAlZYxSz4	\N	\N	f	 	7	\N
23796	EXCNZ2pAAlZYxOj2	\N	\N	f	 	7	\N
23797	EXCNZ2pAAlZYxKT0	\N	\N	f	 	7	\N
18526	EXCNZ2pAAlZZejT7	\N	\N	f	 	6	\N
18527	EXCNZ2pAAlZZefT8	\N	\N	f	 	6	\N
18528	EXCNZ2pAAlZZebD8	\N	\N	f	 	6	\N
18529	EXCNZ2pAAlZZeXj9	\N	\N	f	 	6	\N
18530	EXCNZ2pAAlZZeSjC	\N	\N	f	 	6	\N
18531	EXCNZ2pAAlZZePDD	\N	\N	f	 	6	\N
18532	EXCNZ2pAAlZZeLTD	\N	\N	f	 	6	\N
18533	EXCNZ2pAAlZZeHDF	\N	\N	f	 	6	\N
18534	EXCNZ2pAAlZZeCj8	\N	\N	f	 	6	\N
18535	EXCNZ2pAAlZZd-T7	\N	\N	f	 	6	\N
18536	EXCNZ2pAAlZZd6T6	\N	\N	f	 	6	\N
18537	EXCNZ2pAAlZZd3j2	\N	\N	f	 	6	\N
18538	EXCNZ2pAAlZZdyj7	\N	\N	f	 	6	\N
18539	EXCNZ2pAAlZZdvT7	\N	\N	f	 	6	\N
23798	EXCNZ2pAAlZYxHj4	\N	\N	f	 	7	\N
23799	EXCNZ2pAAlZYxCT2	\N	\N	f	 	7	\N
23800	EXCNZ2pAAlZYw_jB	\N	\N	f	 	7	\N
23801	EXCNZ2pAAlZYw7D8	\N	\N	f	 	7	\N
23802	EXCNZ2pAAlZYw3j9	\N	\N	f	 	7	\N
23803	EXCNZ2pAAlZYwzz9	\N	\N	f	 	7	\N
23804	EXCNZ2pAAlZYwvjF	\N	\N	f	 	7	\N
23805	EXCNZ2pAAlZYwqzB	\N	\N	f	 	7	\N
23806	EXCNZ2pAAlZYwmTA	\N	\N	f	 	7	\N
23807	EXCNZ2pAAlZYwjjC	\N	\N	f	 	7	\N
23808	EXCNZ2pAAlZYwej7	\N	\N	f	 	7	\N
23809	EXCNZ2pAAlZYwaj6	\N	\N	f	 	7	\N
23810	EXCNZ2pAAlZYwWz4	\N	\N	f	 	7	\N
23811	EXCNZ2pAAlZYwTj0	\N	\N	f	 	7	\N
23812	EXCNZ2pAAlZYwPj7	\N	\N	f	 	7	\N
23813	EXCNZ2pAAlZYwLj6	\N	\N	f	 	7	\N
23814	EXCNZ2pAAlZYwHT6	\N	\N	f	 	7	\N
23815	EXCNZ2pAAlZYwCz1	\N	\N	f	 	7	\N
23816	EXCNZ2pAAlZY_-i1	\N	\N	f	 	7	\N
23817	EXCNZ2pAAlZY_6i0	\N	\N	f	 	7	\N
23818	EXCNZ2pAAlZY_2S0	\N	\N	f	 	7	\N
23819	EXCNZ2pAAlZY_yi2	\N	\N	f	 	7	\N
23820	EXCNZ2pAAlZY_vi1	\N	\N	f	 	7	\N
23821	EXCNZ2pAAlZY_ry1	\N	\N	f	 	7	\N
23822	EXCNZ2pAAlZY_ny2	\N	\N	f	 	7	\N
23823	EXCNZ2pAAlZY_ii6	\N	\N	f	 	7	\N
23824	EXCNZ2pAAlZY_fCF	\N	\N	f	 	7	\N
23825	EXCNZ2pAAlZY_aSB	\N	\N	f	 	7	\N
23826	EXCNZ2pAAlZY_WyA	\N	\N	f	 	7	\N
23827	EXCNZ2pAAlZY_TSD	\N	\N	f	 	7	\N
23828	EXCNZ2pAAlZY_OyC	\N	\N	f	 	7	\N
23829	EXCNZ2pAAlZY_KyD	\N	\N	f	 	7	\N
23830	EXCNZ2pAAlZY_HiB	\N	\N	f	 	7	\N
23831	EXCNZ2pAAlZY_CyF	\N	\N	f	 	7	\N
23832	EXCNZ2pAAlZY-_y5	\N	\N	f	 	7	\N
23833	EXCNZ2pAAlZY-6S2	\N	\N	f	 	7	\N
23834	EXCNZ2pAAlZY-3C4	\N	\N	f	 	7	\N
23835	EXCNZ2pAAlZY-yS0	\N	\N	f	 	7	\N
23836	EXCNZ2pAAlZY-vi0	\N	\N	f	 	7	\N
23837	EXCNZ2pAAlZY-ry0	\N	\N	f	 	7	\N
23838	EXCNZ2pAAlZY-ny3	\N	\N	f	 	7	\N
23839	EXCNZ2pAAlZY-jS0	\N	\N	f	 	7	\N
23840	EXCNZ2pAAlZY-ei8	\N	\N	f	 	7	\N
23841	EXCNZ2pAAlZY-biD	\N	\N	f	 	7	\N
23842	EXCNZ2pAAlZY-XiE	\N	\N	f	 	7	\N
23843	EXCNZ2pAAlZY-TSC	\N	\N	f	 	7	\N
23844	EXCNZ2pAAlZY-PCA	\N	\N	f	 	7	\N
23845	EXCNZ2pAAlZY-KyC	\N	\N	f	 	7	\N
23846	EXCNZ2pAAlZY-GiE	\N	\N	f	 	7	\N
23847	EXCNZ2pAAlZY-DyA	\N	\N	f	 	7	\N
23848	EXCNZ2pAAlZY9-i3	\N	\N	f	 	7	\N
23849	EXCNZ2pAAlZY97y7	\N	\N	f	 	7	\N
23850	EXCNZ2pAAlZY93y4	\N	\N	f	 	7	\N
23851	EXCNZ2pAAlZY9yi0	\N	\N	f	 	7	\N
23852	EXCNZ2pAAlZY9uS4	\N	\N	f	 	7	\N
23853	EXCNZ2pAAlZY9ry3	\N	\N	f	 	7	\N
23854	EXCNZ2pAAlZY9mi5	\N	\N	f	 	7	\N
23855	EXCNZ2pAAlZY9iS7	\N	\N	f	 	7	\N
23856	EXCNZ2pAAlZY9fiF	\N	\N	f	 	7	\N
23857	EXCNZ2pAAlZY9aS9	\N	\N	f	 	7	\N
23858	EXCNZ2pAAlZYzXi3	\N	\N	f	 	7	\N
23859	EXCNZ2pAAlZYzTy3	\N	\N	f	 	7	\N
23860	EXCNZ2pAAlZYzOS2	\N	\N	f	 	7	\N
23861	EXCNZ2pAAlZYzKS3	\N	\N	f	 	7	\N
23862	EXCNZ2pAAlZYzGS0	\N	\N	f	 	7	\N
23863	EXCNZ2pAAlZYzCy3	\N	\N	f	 	7	\N
23864	EXCNZ2pAAlZYy_CA	\N	\N	f	 	7	\N
23865	EXCNZ2pAAlZYy7CB	\N	\N	f	 	7	\N
23866	EXCNZ2pAAlZYy3S9	\N	\N	f	 	7	\N
23867	EXCNZ2pAAlZYyzyA	\N	\N	f	 	7	\N
23868	EXCNZ2pAAlZYyvyD	\N	\N	f	 	7	\N
23869	EXCNZ2pAAlZYyrCF	\N	\N	f	 	7	\N
23870	EXCNZ2pAAlZYynyF	\N	\N	f	 	7	\N
23871	EXCNZ2pAAlZYyiiB	\N	\N	f	 	7	\N
23872	EXCNZ2pAAlZYyeS7	\N	\N	f	 	7	\N
23873	EXCNZ2pAAlZYybi1	\N	\N	f	 	7	\N
23874	EXCNZ2pAAlZYyWS5	\N	\N	f	 	7	\N
23875	EXCNZ2pAAlZYyTC1	\N	\N	f	 	7	\N
23876	EXCNZ2pAAlZYyPS7	\N	\N	f	 	7	\N
19512	EXCNZ2pAAlZZXDx6	\N	\N	f	 	6	\N
19513	EXCNZ2pAAlZZW_BB	\N	\N	f	 	6	\N
19514	EXCNZ2pAAlZZW6RF	\N	\N	f	 	6	\N
19515	EXCNZ2pAAlZZW2hF	\N	\N	f	 	6	\N
19516	EXCNZ2pAAlZZWyxF	\N	\N	f	 	6	\N
19517	EXCNZ2pAAlZZWuRA	\N	\N	f	 	6	\N
19518	EXCNZ2pAAlZZWrhC	\N	\N	f	 	6	\N
19519	EXCNZ2pAAlZZWmxA	\N	\N	f	 	6	\N
19520	EXCNZ2pAAlZZWjBC	\N	\N	f	 	6	\N
19521	EXCNZ2pAAlZZWfR2	\N	\N	f	 	6	\N
19522	EXCNZ2pAAlZZQSg1	\N	\N	f	 	6	\N
19523	EXCNZ2pAAlZZQPw3	\N	\N	f	 	6	\N
19524	EXCNZ2pAAlZZQLw2	\N	\N	f	 	6	\N
19525	EXCNZ2pAAlZZQHQ3	\N	\N	f	 	6	\N
23877	EXCNZ2pAAlZYyLy4	\N	\N	f	 	7	\N
23878	EXCNZ2pAAlZYyGy3	\N	\N	f	 	7	\N
23879	EXCNZ2pAAlZYyDi7	\N	\N	f	 	7	\N
23880	EXCNZ2pAAlZYx_yA	\N	\N	f	 	7	\N
23881	EXCNZ2pAAlZYx7C8	\N	\N	f	 	7	\N
23882	EXCNZ2pAAlZYx3CB	\N	\N	f	 	7	\N
23883	EXCNZ2pAAlZYxzSB	\N	\N	f	 	7	\N
23884	EXCNZ2pAAlZYxuS8	\N	\N	f	 	7	\N
23885	EXCNZ2pAAlZYxqiA	\N	\N	f	 	7	\N
23886	EXCNZ2pAAlZYxmi9	\N	\N	f	 	7	\N
23887	EXCNZ2pAAlZYxjCE	\N	\N	f	 	7	\N
23888	EXCNZ2pAAlZYxfS0	\N	\N	f	 	7	\N
23889	EXCNZ2pAAlZYxby3	\N	\N	f	 	7	\N
23890	EXCNZ2pAAlZYxXy0	\N	\N	f	 	7	\N
23891	EXCNZ2pAAlZYxSy5	\N	\N	f	 	7	\N
23892	EXCNZ2pAAlZYxPi7	\N	\N	f	 	7	\N
23893	EXCNZ2pAAlZYxLi6	\N	\N	f	 	7	\N
23894	EXCNZ2pAAlZYxGy0	\N	\N	f	 	7	\N
23895	EXCNZ2pAAlZYxDi4	\N	\N	f	 	7	\N
23896	EXCNZ2pAAlZYw-yF	\N	\N	f	 	7	\N
23897	EXCNZ2pAAlZYw6iF	\N	\N	f	 	7	\N
23898	EXCNZ2pAAlZYw2yD	\N	\N	f	 	7	\N
23899	EXCNZ2pAAlZYwyiD	\N	\N	f	 	7	\N
23900	EXCNZ2pAAlZYwvSD	\N	\N	f	 	7	\N
23901	EXCNZ2pAAlZYwryE	\N	\N	f	 	7	\N
23902	EXCNZ2pAAlZYwmSB	\N	\N	f	 	7	\N
23903	EXCNZ2pAAlZYwiy8	\N	\N	f	 	7	\N
23904	EXCNZ2pAAlZYwey7	\N	\N	f	 	7	\N
23905	EXCNZ2pAAlZYwbS0	\N	\N	f	 	7	\N
23906	EXCNZ2pAAlZYwXi0	\N	\N	f	 	7	\N
23907	EXCNZ2pAAlZYwTy0	\N	\N	f	 	7	\N
23908	EXCNZ2pAAlZYwOy3	\N	\N	f	 	7	\N
23909	EXCNZ2pAAlZYwLS4	\N	\N	f	 	7	\N
23910	EXCNZ2pAAlZYwGi0	\N	\N	f	 	7	\N
23911	EXCNZ2pAAlZYwDy4	\N	\N	f	 	7	\N
23912	EXCNZ2pAAlZY__x7	\N	\N	f	 	7	\N
23913	EXCNZ2pAAlZY_6h3	\N	\N	f	 	7	\N
23914	EXCNZ2pAAlZY_3h4	\N	\N	f	 	7	\N
23915	EXCNZ2pAAlZY_yh1	\N	\N	f	 	7	\N
23916	EXCNZ2pAAlZY_vB0	\N	\N	f	 	7	\N
23917	EXCNZ2pAAlZY_qR4	\N	\N	f	 	7	\N
23918	EXCNZ2pAAlZY_nh0	\N	\N	f	 	7	\N
23919	EXCNZ2pAAlZY_jR2	\N	\N	f	 	7	\N
23920	EXCNZ2pAAlZY_exB	\N	\N	f	 	7	\N
23921	EXCNZ2pAAlZY_axA	\N	\N	f	 	7	\N
23922	EXCNZ2pAAlZY_XxD	\N	\N	f	 	7	\N
23923	EXCNZ2pAAlZY_Sh9	\N	\N	f	 	7	\N
23924	EXCNZ2pAAlZY_OxF	\N	\N	f	 	7	\N
23925	EXCNZ2pAAlZY_LhB	\N	\N	f	 	7	\N
23926	EXCNZ2pAAlZY_Hx9	\N	\N	f	 	7	\N
23927	EXCNZ2pAAlZY_Dh9	\N	\N	f	 	7	\N
23928	EXCNZ2pAAlZY--h3	\N	\N	f	 	7	\N
23929	EXCNZ2pAAlZY-7x7	\N	\N	f	 	7	\N
23930	EXCNZ2pAAlZY-3x4	\N	\N	f	 	7	\N
23931	EXCNZ2pAAlZY-zB6	\N	\N	f	 	7	\N
23932	EXCNZ2pAAlZY-vh3	\N	\N	f	 	7	\N
23933	EXCNZ2pAAlZY-rh2	\N	\N	f	 	7	\N
23934	EXCNZ2pAAlZY-mx4	\N	\N	f	 	7	\N
23935	EXCNZ2pAAlZY-ix5	\N	\N	f	 	7	\N
23936	EXCNZ2pAAlZY-fhF	\N	\N	f	 	7	\N
23937	EXCNZ2pAAlZY-bhE	\N	\N	f	 	7	\N
23938	EXCNZ2pAAlZY-Wh9	\N	\N	f	 	7	\N
23939	EXCNZ2pAAlZY-SRB	\N	\N	f	 	7	\N
23940	EXCNZ2pAAlZY-PR8	\N	\N	f	 	7	\N
23941	EXCNZ2pAAlZY-KRD	\N	\N	f	 	7	\N
23942	EXCNZ2pAAlZY-Hh9	\N	\N	f	 	7	\N
23943	EXCNZ2pAAlZY-CRF	\N	\N	f	 	7	\N
23944	EXCNZ2pAAlZY9-x1	\N	\N	f	 	7	\N
23945	EXCNZ2pAAlZY96R2	\N	\N	f	 	7	\N
23946	EXCNZ2pAAlZY92h2	\N	\N	f	 	7	\N
23947	EXCNZ2pAAlZY9yR0	\N	\N	f	 	7	\N
23948	EXCNZ2pAAlZY9ux5	\N	\N	f	 	7	\N
23949	EXCNZ2pAAlZY9qR6	\N	\N	f	 	7	\N
23950	EXCNZ2pAAlZY9nx3	\N	\N	f	 	7	\N
23951	EXCNZ2pAAlZY9ih7	\N	\N	f	 	7	\N
17512	EXCNZ2pAAlZV52Q3	\N	\N	f	 	1	\N
17513	EXCNZ2pAAlZV5yg1	\N	\N	f	 	1	\N
23952	EXCNZ2pAAlZY9ex9	\N	\N	f	 	7	\N
23953	EXCNZ2pAAlZY9bxC	\N	\N	f	 	7	\N
23954	EXCNZ2pAAlZY9WxB	\N	\N	f	 	7	\N
23955	EXCNZ2pAAlZY9ThF	\N	\N	f	 	7	\N
23956	EXCNZ2pAAlZY9Px9	\N	\N	f	 	7	\N
23957	EXCNZ2pAAlZY9LRA	\N	\N	f	 	7	\N
23958	EXCNZ2pAAlZY9HxB	\N	\N	f	 	7	\N
23959	EXCNZ2pAAlZY9DxA	\N	\N	f	 	7	\N
23960	EXCNZ2pAAlZY8_h5	\N	\N	f	 	7	\N
23961	EXCNZ2pAAlZY87B6	\N	\N	f	 	7	\N
23962	EXCNZ2pAAlZY83R4	\N	\N	f	 	7	\N
23963	EXCNZ2pAAlZY8yR1	\N	\N	f	 	7	\N
23964	EXCNZ2pAAlZY9jT2	\N	\N	f	 	7	\N
23965	EXCNZ2pAAlZY9fTD	\N	\N	f	 	7	\N
23966	EXCNZ2pAAlZY9azA	\N	\N	f	 	7	\N
23967	EXCNZ2pAAlZY9XTF	\N	\N	f	 	7	\N
23968	EXCNZ2pAAlZY9TDF	\N	\N	f	 	7	\N
23969	EXCNZ2pAAlZY9OzF	\N	\N	f	 	7	\N
23970	EXCNZ2pAAlZY9LT8	\N	\N	f	 	7	\N
23971	EXCNZ2pAAlZY9GjC	\N	\N	f	 	7	\N
23972	EXCNZ2pAAlZY9CzC	\N	\N	f	 	7	\N
23973	EXCNZ2pAAlZY8-j3	\N	\N	f	 	7	\N
23974	EXCNZ2pAAlZY87z7	\N	\N	f	 	7	\N
23975	EXCNZ2pAAlZY82z0	\N	\N	f	 	7	\N
23976	EXCNZ2pAAlZY8yz1	\N	\N	f	 	7	\N
23977	EXCNZ2pAAlZY8uT4	\N	\N	f	 	7	\N
23978	EXCNZ2pAAlZY8rz3	\N	\N	f	 	7	\N
23979	EXCNZ2pAAlZY8nD3	\N	\N	f	 	7	\N
23980	EXCNZ2pAAlZY8iz5	\N	\N	f	 	7	\N
23981	EXCNZ2pAAlZY8fTC	\N	\N	f	 	7	\N
23982	EXCNZ2pAAlZY8bjE	\N	\N	f	 	7	\N
23983	EXCNZ2pAAlZY8Wj9	\N	\N	f	 	7	\N
23984	EXCNZ2pAAlZY8STB	\N	\N	f	 	7	\N
23985	EXCNZ2pAAlZY8OjF	\N	\N	f	 	7	\N
23986	EXCNZ2pAAlZY8LD8	\N	\N	f	 	7	\N
23987	EXCNZ2pAAlZY8GTE	\N	\N	f	 	7	\N
23988	EXCNZ2pAAlZY8Dz9	\N	\N	f	 	7	\N
23989	EXCNZ2pAAlZY7_D2	\N	\N	f	 	7	\N
23990	EXCNZ2pAAlZY77z0	\N	\N	f	 	7	\N
23991	EXCNZ2pAAlZY73D0	\N	\N	f	 	7	\N
23992	EXCNZ2pAAlZY7zz2	\N	\N	f	 	7	\N
23993	EXCNZ2pAAlZY7vD6	\N	\N	f	 	7	\N
23994	EXCNZ2pAAlZY7rT6	\N	\N	f	 	7	\N
23995	EXCNZ2pAAlZY7mz3	\N	\N	f	 	7	\N
23996	EXCNZ2pAAlZY7jD5	\N	\N	f	 	7	\N
23997	EXCNZ2pAAlZY7fz9	\N	\N	f	 	7	\N
23998	EXCNZ2pAAlZY7ajD	\N	\N	f	 	7	\N
23999	EXCNZ2pAAlZY7XzB	\N	\N	f	 	7	\N
24000	EXCNZ2pAAlZY7SzE	\N	\N	f	 	7	\N
24001	EXCNZ2pAAlZY7OTB	\N	\N	f	 	7	\N
24002	EXCNZ2pAAlZY7LjD	\N	\N	f	 	7	\N
24003	EXCNZ2pAAlZY7GjA	\N	\N	f	 	7	\N
24004	EXCNZ2pAAlZY7DDD	\N	\N	f	 	7	\N
24005	EXCNZ2pAAlZY6_z0	\N	\N	f	 	7	\N
24006	EXCNZ2pAAlZY67D2	\N	\N	f	 	7	\N
24007	EXCNZ2pAAlZY8vx0	\N	\N	f	 	7	\N
24008	EXCNZ2pAAlZY8qx5	\N	\N	f	 	7	\N
24009	EXCNZ2pAAlZY8nh3	\N	\N	f	 	7	\N
24010	EXCNZ2pAAlZY8jx3	\N	\N	f	 	7	\N
24011	EXCNZ2pAAlZY8eRA	\N	\N	f	 	7	\N
24012	EXCNZ2pAAlZY8bxD	\N	\N	f	 	7	\N
24013	EXCNZ2pAAlZY8XRC	\N	\N	f	 	7	\N
24014	EXCNZ2pAAlZY8SR9	\N	\N	f	 	7	\N
24015	EXCNZ2pAAlZY8PRA	\N	\N	f	 	7	\N
24016	EXCNZ2pAAlZY8Lh8	\N	\N	f	 	7	\N
24017	EXCNZ2pAAlZY8HhB	\N	\N	f	 	7	\N
24018	EXCNZ2pAAlZY8ChE	\N	\N	f	 	7	\N
24019	EXCNZ2pAAlZY7_R1	\N	\N	f	 	7	\N
24020	EXCNZ2pAAlZY76x6	\N	\N	f	 	7	\N
24021	EXCNZ2pAAlZY73B2	\N	\N	f	 	7	\N
24022	EXCNZ2pAAlZY7zx0	\N	\N	f	 	7	\N
24023	EXCNZ2pAAlZY7uR1	\N	\N	f	 	7	\N
24024	EXCNZ2pAAlZY7qh3	\N	\N	f	 	7	\N
24025	EXCNZ2pAAlZY7nx5	\N	\N	f	 	7	\N
24026	EXCNZ2pAAlZY7jh5	\N	\N	f	 	7	\N
24027	EXCNZ2pAAlZY7exF	\N	\N	f	 	7	\N
24028	EXCNZ2pAAlZY7bB9	\N	\N	f	 	7	\N
24029	EXCNZ2pAAlZY7XBA	\N	\N	f	 	7	\N
24030	EXCNZ2pAAlZY7SRE	\N	\N	f	 	7	\N
24031	EXCNZ2pAAlZY7OR9	\N	\N	f	 	7	\N
24032	EXCNZ2pAAlZY7KhB	\N	\N	f	 	7	\N
24033	EXCNZ2pAAlZY7Gh8	\N	\N	f	 	7	\N
24034	EXCNZ2pAAlZY7DBF	\N	\N	f	 	7	\N
24035	EXCNZ2pAAlZY6_B1	\N	\N	f	 	7	\N
24036	EXCNZ2pAAlZY67B0	\N	\N	f	 	7	\N
24037	EXCNZ2pAAlZY62x4	\N	\N	f	 	7	\N
24038	EXCNZ2pAAlZY6yR7	\N	\N	f	 	7	\N
24039	EXCNZ2pAAlZY6uh3	\N	\N	f	 	7	\N
24040	EXCNZ2pAAlZY6qx3	\N	\N	f	 	7	\N
24041	EXCNZ2pAAlZY6nx4	\N	\N	f	 	7	\N
24042	EXCNZ2pAAlZY6jh4	\N	\N	f	 	7	\N
24043	EXCNZ2pAAlZY6eRC	\N	\N	f	 	7	\N
24044	EXCNZ2pAAlZY6bR9	\N	\N	f	 	7	\N
24045	EXCNZ2pAAlZY6XBB	\N	\N	f	 	7	\N
24046	EXCNZ2pAAlZY6TBA	\N	\N	f	 	7	\N
24047	EXCNZ2pAAlZY6PhF	\N	\N	f	 	7	\N
24048	EXCNZ2pAAlZY6KhA	\N	\N	f	 	7	\N
24049	EXCNZ2pAAlZY6HRE	\N	\N	f	 	7	\N
24050	EXCNZ2pAAlZY6DBE	\N	\N	f	 	7	\N
24051	EXCNZ2pAAlZY5_x1	\N	\N	f	 	7	\N
24052	EXCNZ2pAAlZY57x0	\N	\N	f	 	7	\N
24053	EXCNZ2pAAlZY52R5	\N	\N	f	 	7	\N
24054	EXCNZ2pAAlZY5zR0	\N	\N	f	 	7	\N
24055	EXCNZ2pAAlZY5vh4	\N	\N	f	 	7	\N
24056	EXCNZ2pAAlZY5rB7	\N	\N	f	 	7	\N
24057	EXCNZ2pAAlZY5mx3	\N	\N	f	 	7	\N
24058	EXCNZ2pAAlZY5ix2	\N	\N	f	 	7	\N
24059	EXCNZ2pAAlZY5fRB	\N	\N	f	 	7	\N
24060	EXCNZ2pAAlZY5axC	\N	\N	f	 	7	\N
24061	EXCNZ2pAAlZY5XhA	\N	\N	f	 	7	\N
24062	EXCNZ2pAAlZY5TB9	\N	\N	f	 	7	\N
24063	EXCNZ2pAAlZY5PBE	\N	\N	f	 	7	\N
24064	EXCNZ2pAAlZY5KRA	\N	\N	f	 	7	\N
24065	EXCNZ2pAAlZY5HxF	\N	\N	f	 	7	\N
24066	EXCNZ2pAAlZY5DxE	\N	\N	f	 	7	\N
24067	EXCNZ2pAAlZY4_R2	\N	\N	f	 	7	\N
24068	EXCNZ2pAAlZY47x1	\N	\N	f	 	7	\N
24069	EXCNZ2pAAlZY43R0	\N	\N	f	 	7	\N
24070	EXCNZ2pAAlZY4zR1	\N	\N	f	 	7	\N
24071	EXCNZ2pAAlZY4uR2	\N	\N	f	 	7	\N
24072	EXCNZ2pAAlZY4qx1	\N	\N	f	 	7	\N
24073	EXCNZ2pAAlZY4nx6	\N	\N	f	 	7	\N
24074	EXCNZ2pAAlZY4iR1	\N	\N	f	 	7	\N
24075	EXCNZ2pAAlZY4fRA	\N	\N	f	 	7	\N
24076	EXCNZ2pAAlZY4bBA	\N	\N	f	 	7	\N
24077	EXCNZ2pAAlZY4XB9	\N	\N	f	 	7	\N
24078	EXCNZ2pAAlZY4TB8	\N	\N	f	 	7	\N
24079	EXCNZ2pAAlZY4ORA	\N	\N	f	 	7	\N
24080	EXCNZ2pAAlZY4LBE	\N	\N	f	 	7	\N
24081	EXCNZ2pAAlZY4HBD	\N	\N	f	 	7	\N
24082	EXCNZ2pAAlZY4DRD	\N	\N	f	 	7	\N
24083	EXCNZ2pAAlZY3_BC	\N	\N	f	 	7	\N
24084	EXCNZ2pAAlZY36R8	\N	\N	f	 	7	\N
24085	EXCNZ2pAAlZY33xD	\N	\N	f	 	7	\N
24086	EXCNZ2pAAlZY3yh9	\N	\N	f	 	7	\N
24087	EXCNZ2pAAlZY3uxF	\N	\N	f	 	7	\N
24088	EXCNZ2pAAlZY3rB9	\N	\N	f	 	7	\N
24089	EXCNZ2pAAlZY3nRB	\N	\N	f	 	7	\N
24090	EXCNZ2pAAlZY3ihD	\N	\N	f	 	7	\N
24091	EXCNZ2pAAlZY3fR5	\N	\N	f	 	7	\N
24092	EXCNZ2pAAlZY3aR0	\N	\N	f	 	7	\N
24093	EXCNZ2pAAlZY3Xx5	\N	\N	f	 	7	\N
24094	EXCNZ2pAAlZY3TB7	\N	\N	f	 	7	\N
24095	EXCNZ2pAAlZY3PR1	\N	\N	f	 	7	\N
24096	EXCNZ2pAAlZY3Lx2	\N	\N	f	 	7	\N
24097	EXCNZ2pAAlZY3HB2	\N	\N	f	 	7	\N
24098	EXCNZ2pAAlZY3DR2	\N	\N	f	 	7	\N
24099	EXCNZ2pAAlZY2_RC	\N	\N	f	 	7	\N
24100	EXCNZ2pAAlZY27xF	\N	\N	f	 	7	\N
24101	EXCNZ2pAAlZY22RA	\N	\N	f	 	7	\N
24102	EXCNZ2pAAlZY2yRB	\N	\N	f	 	7	\N
24103	EXCNZ2pAAlZY2vR8	\N	\N	f	 	7	\N
24104	EXCNZ2pAAlZY2qRD	\N	\N	f	 	7	\N
24105	EXCNZ2pAAlZY2mRE	\N	\N	f	 	7	\N
24106	EXCNZ2pAAlZY2iRF	\N	\N	f	 	7	\N
24107	EXCNZ2pAAlZY2fx6	\N	\N	f	 	7	\N
24108	EXCNZ2pAAlZY2bR5	\N	\N	f	 	7	\N
24109	EXCNZ2pAAlZY2Wh1	\N	\N	f	 	7	\N
24110	EXCNZ2pAAlZY2TR7	\N	\N	f	 	7	\N
24111	EXCNZ2pAAlZY2PB1	\N	\N	f	 	7	\N
24112	EXCNZ2pAAlZY2Kx7	\N	\N	f	 	7	\N
24113	EXCNZ2pAAlZY2GR6	\N	\N	f	 	7	\N
24114	EXCNZ2pAAlZY2Ch4	\N	\N	f	 	7	\N
24115	EXCNZ2pAAlZY1-x9	\N	\N	f	 	7	\N
24116	EXCNZ2pAAlZY16h9	\N	\N	f	 	7	\N
24117	EXCNZ2pAAlZY_PQ8	\N	\N	f	 	7	\N
24118	EXCNZ2pAAlZY_LwB	\N	\N	f	 	7	\N
24119	EXCNZ2pAAlZY_HQA	\N	\N	f	 	7	\N
24120	EXCNZ2pAAlZY_Dw9	\N	\N	f	 	7	\N
24121	EXCNZ2pAAlZY-_w7	\N	\N	f	 	7	\N
24122	EXCNZ2pAAlZY-6Q0	\N	\N	f	 	7	\N
24123	EXCNZ2pAAlZY-3Q7	\N	\N	f	 	7	\N
24124	EXCNZ2pAAlZY-zg5	\N	\N	f	 	7	\N
24125	EXCNZ2pAAlZY-vA0	\N	\N	f	 	7	\N
24126	EXCNZ2pAAlZY-rw2	\N	\N	f	 	7	\N
24127	EXCNZ2pAAlZY-nQ3	\N	\N	f	 	7	\N
24128	EXCNZ2pAAlZY-jw0	\N	\N	f	 	7	\N
24129	EXCNZ2pAAlZY-fwF	\N	\N	f	 	7	\N
24130	EXCNZ2pAAlZY-aQ8	\N	\N	f	 	7	\N
24131	EXCNZ2pAAlZY-XQF	\N	\N	f	 	7	\N
24132	EXCNZ2pAAlZY-Sg9	\N	\N	f	 	7	\N
24133	EXCNZ2pAAlZY-PwB	\N	\N	f	 	7	\N
24134	EXCNZ2pAAlZY-LwA	\N	\N	f	 	7	\N
24135	EXCNZ2pAAlZY-GgC	\N	\N	f	 	7	\N
24136	EXCNZ2pAAlZY-Dg9	\N	\N	f	 	7	\N
24137	EXCNZ2pAAlZY9_A7	\N	\N	f	 	7	\N
24138	EXCNZ2pAAlZY96g0	\N	\N	f	 	7	\N
24139	EXCNZ2pAAlZY93g7	\N	\N	f	 	7	\N
24140	EXCNZ2pAAlZY9yQ1	\N	\N	f	 	7	\N
24141	EXCNZ2pAAlZY9ug5	\N	\N	f	 	7	\N
24142	EXCNZ2pAAlZY9rQ3	\N	\N	f	 	7	\N
24143	EXCNZ2pAAlZY9ng3	\N	\N	f	 	7	\N
24144	EXCNZ2pAAlZY9iw7	\N	\N	f	 	7	\N
24145	EXCNZ2pAAlZY9ew8	\N	\N	f	 	7	\N
24146	EXCNZ2pAAlZY9bAE	\N	\N	f	 	7	\N
24147	EXCNZ2pAAlZY9XQC	\N	\N	f	 	7	\N
24148	EXCNZ2pAAlZY9SQ9	\N	\N	f	 	7	\N
24149	EXCNZ2pAAlZY9Pw8	\N	\N	f	 	7	\N
24150	EXCNZ2pAAlZY9KgC	\N	\N	f	 	7	\N
24151	EXCNZ2pAAlZY9GwE	\N	\N	f	 	7	\N
24152	EXCNZ2pAAlZY9DA8	\N	\N	f	 	7	\N
24153	EXCNZ2pAAlZY8_A6	\N	\N	f	 	7	\N
24154	EXCNZ2pAAlZY86Q2	\N	\N	f	 	7	\N
24155	EXCNZ2pAAlZY82Q1	\N	\N	f	 	7	\N
24156	EXCNZ2pAAlZY8zQ4	\N	\N	f	 	7	\N
24157	EXCNZ2pAAlZY8ug4	\N	\N	f	 	7	\N
24158	EXCNZ2pAAlZY8qQ6	\N	\N	f	 	7	\N
24159	EXCNZ2pAAlZY8mQ5	\N	\N	f	 	7	\N
24160	EXCNZ2pAAlZY8iQ4	\N	\N	f	 	7	\N
24161	EXCNZ2pAAlZY8ew9	\N	\N	f	 	7	\N
24162	EXCNZ2pAAlZY8bgD	\N	\N	f	 	7	\N
24163	EXCNZ2pAAlZY8WQ9	\N	\N	f	 	7	\N
24164	EXCNZ2pAAlZY8TwE	\N	\N	f	 	7	\N
24165	EXCNZ2pAAlZY8OgC	\N	\N	f	 	7	\N
24166	EXCNZ2pAAlZY8KgD	\N	\N	f	 	7	\N
24167	EXCNZ2pAAlZY8HA8	\N	\N	f	 	7	\N
24168	EXCNZ2pAAlZY8CwE	\N	\N	f	 	7	\N
24169	EXCNZ2pAAlZY7-Q4	\N	\N	f	 	7	\N
24170	EXCNZ2pAAlZY76w7	\N	\N	f	 	7	\N
24171	EXCNZ2pAAlZY73g1	\N	\N	f	 	7	\N
24172	EXCNZ2pAAlZY7yQ7	\N	\N	f	 	7	\N
24173	EXCNZ2pAAlZY7vA5	\N	\N	f	 	7	\N
24174	EXCNZ2pAAlZY7rQ5	\N	\N	f	 	7	\N
24175	EXCNZ2pAAlZY7ng5	\N	\N	f	 	7	\N
24176	EXCNZ2pAAlZY7jQ7	\N	\N	f	 	7	\N
24177	EXCNZ2pAAlZY7fQ8	\N	\N	f	 	7	\N
24178	EXCNZ2pAAlZY7bQ9	\N	\N	f	 	7	\N
24179	EXCNZ2pAAlZY7Xg9	\N	\N	f	 	7	\N
24180	EXCNZ2pAAlZY7TQB	\N	\N	f	 	7	\N
24181	EXCNZ2pAAlZY7PwE	\N	\N	f	 	7	\N
24182	EXCNZ2pAAlZY7LgE	\N	\N	f	 	7	\N
24183	EXCNZ2pAAlZY7Gw8	\N	\N	f	 	7	\N
24184	EXCNZ2pAAlZY7DQF	\N	\N	f	 	7	\N
24185	EXCNZ2pAAlZY6_g2	\N	\N	f	 	7	\N
24186	EXCNZ2pAAlZY66g7	\N	\N	f	 	7	\N
24187	EXCNZ2pAAlZY63Q3	\N	\N	f	 	7	\N
24188	EXCNZ2pAAlZY6zw0	\N	\N	f	 	7	\N
24189	EXCNZ2pAAlZY6vA4	\N	\N	f	 	7	\N
24190	EXCNZ2pAAlZY6rA5	\N	\N	f	 	7	\N
24191	EXCNZ2pAAlZY6nA6	\N	\N	f	 	7	\N
24192	EXCNZ2pAAlZY6jg5	\N	\N	f	 	7	\N
24193	EXCNZ2pAAlZY6fA8	\N	\N	f	 	7	\N
24194	EXCNZ2pAAlZY6bwA	\N	\N	f	 	7	\N
24195	EXCNZ2pAAlZY6Xw9	\N	\N	f	 	7	\N
24196	EXCNZ2pAAlZY6TQA	\N	\N	f	 	7	\N
24197	EXCNZ2pAAlZY6OQ9	\N	\N	f	 	7	\N
24198	EXCNZ2pAAlZY6LAD	\N	\N	f	 	7	\N
24199	EXCNZ2pAAlZY6HgC	\N	\N	f	 	7	\N
24200	EXCNZ2pAAlZY6CQA	\N	\N	f	 	7	\N
24201	EXCNZ2pAAlZY5-g5	\N	\N	f	 	7	\N
24202	EXCNZ2pAAlZY57g0	\N	\N	f	 	7	\N
24203	EXCNZ2pAAlZY53w2	\N	\N	f	 	7	\N
24204	EXCNZ2pAAlZY5yw7	\N	\N	f	 	7	\N
24205	EXCNZ2pAAlZY5vw4	\N	\N	f	 	7	\N
24206	EXCNZ2pAAlZY5rA6	\N	\N	f	 	7	\N
24207	EXCNZ2pAAlZY5nA5	\N	\N	f	 	7	\N
24208	EXCNZ2pAAlZY5iQ1	\N	\N	f	 	7	\N
24209	EXCNZ2pAAlZY5fw8	\N	\N	f	 	7	\N
24210	EXCNZ2pAAlZY5agC	\N	\N	f	 	7	\N
24211	EXCNZ2pAAlZY5WgF	\N	\N	f	 	7	\N
24212	EXCNZ2pAAlZY5TQ9	\N	\N	f	 	7	\N
24213	EXCNZ2pAAlZY5OQA	\N	\N	f	 	7	\N
24214	EXCNZ2pAAlZY5Kw9	\N	\N	f	 	7	\N
24215	EXCNZ2pAAlZY5HQC	\N	\N	f	 	7	\N
24216	EXCNZ2pAAlZY5CgA	\N	\N	f	 	7	\N
24217	EXCNZ2pAAlZY4_w1	\N	\N	f	 	7	\N
24218	EXCNZ2pAAlZY47w0	\N	\N	f	 	7	\N
24219	EXCNZ2pAAlZY42Q5	\N	\N	f	 	7	\N
24220	EXCNZ2pAAlZY4yw6	\N	\N	f	 	7	\N
24221	EXCNZ2pAAlZY4vw5	\N	\N	f	 	7	\N
24222	EXCNZ2pAAlZY4rQ6	\N	\N	f	 	7	\N
24223	EXCNZ2pAAlZY9XiD	\N	\N	f	 	7	\N
24224	EXCNZ2pAAlZY9TCE	\N	\N	f	 	7	\N
24225	EXCNZ2pAAlZY9PC9	\N	\N	f	 	7	\N
24226	EXCNZ2pAAlZY9KiE	\N	\N	f	 	7	\N
24227	EXCNZ2pAAlZY9Hy8	\N	\N	f	 	7	\N
24228	EXCNZ2pAAlZY9Dy9	\N	\N	f	 	7	\N
24229	EXCNZ2pAAlZY8-y3	\N	\N	f	 	7	\N
24230	EXCNZ2pAAlZY86y2	\N	\N	f	 	7	\N
24231	EXCNZ2pAAlZY83y5	\N	\N	f	 	7	\N
24232	EXCNZ2pAAlZY8yS2	\N	\N	f	 	7	\N
24233	EXCNZ2pAAlZY8vC0	\N	\N	f	 	7	\N
24234	EXCNZ2pAAlZY8qi7	\N	\N	f	 	7	\N
24235	EXCNZ2pAAlZY8my5	\N	\N	f	 	7	\N
24236	EXCNZ2pAAlZY8jC3	\N	\N	f	 	7	\N
24237	EXCNZ2pAAlZY8eyB	\N	\N	f	 	7	\N
24238	EXCNZ2pAAlZY8bCD	\N	\N	f	 	7	\N
24239	EXCNZ2pAAlZY8WSB	\N	\N	f	 	7	\N
24240	EXCNZ2pAAlZY8TCF	\N	\N	f	 	7	\N
24241	EXCNZ2pAAlZY8OyF	\N	\N	f	 	7	\N
24242	EXCNZ2pAAlZY8LS8	\N	\N	f	 	7	\N
24243	EXCNZ2pAAlZY8GSF	\N	\N	f	 	7	\N
24244	EXCNZ2pAAlZY8CiD	\N	\N	f	 	7	\N
24245	EXCNZ2pAAlZY7_C3	\N	\N	f	 	7	\N
24246	EXCNZ2pAAlZY77y1	\N	\N	f	 	7	\N
24247	EXCNZ2pAAlZY73i3	\N	\N	f	 	7	\N
24248	EXCNZ2pAAlZY7yi6	\N	\N	f	 	7	\N
24249	EXCNZ2pAAlZY7uy0	\N	\N	f	 	7	\N
24250	EXCNZ2pAAlZY7ri4	\N	\N	f	 	7	\N
24251	EXCNZ2pAAlZY7mS0	\N	\N	f	 	7	\N
24252	EXCNZ2pAAlZY7jy7	\N	\N	f	 	7	\N
24253	EXCNZ2pAAlZY7eyC	\N	\N	f	 	7	\N
24254	EXCNZ2pAAlZY7bi8	\N	\N	f	 	7	\N
24255	EXCNZ2pAAlZY7WyE	\N	\N	f	 	7	\N
24256	EXCNZ2pAAlZY7SSD	\N	\N	f	 	7	\N
24257	EXCNZ2pAAlZY7Oy8	\N	\N	f	 	7	\N
24258	EXCNZ2pAAlZY7LiC	\N	\N	f	 	7	\N
24259	EXCNZ2pAAlZY7HiF	\N	\N	f	 	7	\N
24260	EXCNZ2pAAlZY7DiE	\N	\N	f	 	7	\N
24261	EXCNZ2pAAlZY6_C2	\N	\N	f	 	7	\N
24262	EXCNZ2pAAlZY66S6	\N	\N	f	 	7	\N
24263	EXCNZ2pAAlZY62S5	\N	\N	f	 	7	\N
24264	EXCNZ2pAAlZY6yS4	\N	\N	f	 	7	\N
24265	EXCNZ2pAAlZY6uy1	\N	\N	f	 	7	\N
24266	EXCNZ2pAAlZY6qy0	\N	\N	f	 	7	\N
24267	EXCNZ2pAAlZY6nC4	\N	\N	f	 	7	\N
24268	EXCNZ2pAAlZY6ii3	\N	\N	f	 	7	\N
24269	EXCNZ2pAAlZY6fCA	\N	\N	f	 	7	\N
24270	EXCNZ2pAAlZY6ayC	\N	\N	f	 	7	\N
24271	EXCNZ2pAAlZY6XC8	\N	\N	f	 	7	\N
24272	EXCNZ2pAAlZY6TC9	\N	\N	f	 	7	\N
24273	EXCNZ2pAAlZY6OSB	\N	\N	f	 	7	\N
24274	EXCNZ2pAAlZY6Ky8	\N	\N	f	 	7	\N
24275	EXCNZ2pAAlZY6GiA	\N	\N	f	 	7	\N
24276	EXCNZ2pAAlZY6CS8	\N	\N	f	 	7	\N
24277	EXCNZ2pAAlZY5-y6	\N	\N	f	 	7	\N
24278	EXCNZ2pAAlZY56i6	\N	\N	f	 	7	\N
24279	EXCNZ2pAAlZY53y0	\N	\N	f	 	7	\N
24280	EXCNZ2pAAlZY5yy5	\N	\N	f	 	7	\N
24281	EXCNZ2pAAlZY5uy2	\N	\N	f	 	7	\N
24282	EXCNZ2pAAlZY5qS1	\N	\N	f	 	7	\N
24283	EXCNZ2pAAlZY5nS6	\N	\N	f	 	7	\N
24284	EXCNZ2pAAlZY5jC6	\N	\N	f	 	7	\N
24285	EXCNZ2pAAlZY5eSC	\N	\N	f	 	7	\N
24286	EXCNZ2pAAlZY5bC8	\N	\N	f	 	7	\N
24287	EXCNZ2pAAlZY5Xy8	\N	\N	f	 	7	\N
24288	EXCNZ2pAAlZY5TCA	\N	\N	f	 	7	\N
24289	EXCNZ2pAAlZY5OS8	\N	\N	f	 	7	\N
24290	EXCNZ2pAAlZY5LCC	\N	\N	f	 	7	\N
24291	EXCNZ2pAAlZY5HSE	\N	\N	f	 	7	\N
24292	EXCNZ2pAAlZY5DSF	\N	\N	f	 	7	\N
24293	EXCNZ2pAAlZY4-i6	\N	\N	f	 	7	\N
24294	EXCNZ2pAAlZY47S0	\N	\N	f	 	7	\N
24295	EXCNZ2pAAlZY42i4	\N	\N	f	 	7	\N
24296	EXCNZ2pAAlZY4zC3	\N	\N	f	 	7	\N
24297	EXCNZ2pAAlZY4vy7	\N	\N	f	 	7	\N
24298	EXCNZ2pAAlZY4qy2	\N	\N	f	 	7	\N
24299	EXCNZ2pAAlZY4mS3	\N	\N	f	 	7	\N
24300	EXCNZ2pAAlZY4jy4	\N	\N	f	 	7	\N
24301	EXCNZ2pAAlZY4eyF	\N	\N	f	 	7	\N
24302	EXCNZ2pAAlZY4aSC	\N	\N	f	 	7	\N
24303	EXCNZ2pAAlZY4Xy9	\N	\N	f	 	7	\N
24304	EXCNZ2pAAlZY4TSA	\N	\N	f	 	7	\N
24305	EXCNZ2pAAlZY4PyF	\N	\N	f	 	7	\N
24306	EXCNZ2pAAlZY4KyA	\N	\N	f	 	7	\N
24307	EXCNZ2pAAlZY4HCE	\N	\N	f	 	7	\N
24308	EXCNZ2pAAlZY4DSE	\N	\N	f	 	7	\N
24309	EXCNZ2pAAlZY3_CF	\N	\N	f	 	7	\N
24310	EXCNZ2pAAlZY37yD	\N	\N	f	 	7	\N
24311	EXCNZ2pAAlZY33CD	\N	\N	f	 	7	\N
24312	EXCNZ2pAAlZY3zSD	\N	\N	f	 	7	\N
24313	EXCNZ2pAAlZY3vi9	\N	\N	f	 	7	\N
24314	EXCNZ2pAAlZY3qSF	\N	\N	f	 	7	\N
24315	EXCNZ2pAAlZY3miF	\N	\N	f	 	7	\N
24316	EXCNZ2pAAlZY3iyF	\N	\N	f	 	7	\N
24317	EXCNZ2pAAlZY3fC7	\N	\N	f	 	7	\N
24318	EXCNZ2pAAlZY3ay1	\N	\N	f	 	7	\N
24319	EXCNZ2pAAlZY3Xy6	\N	\N	f	 	7	\N
24320	EXCNZ2pAAlZY3Si2	\N	\N	f	 	7	\N
24321	EXCNZ2pAAlZY3Py0	\N	\N	f	 	7	\N
24322	EXCNZ2pAAlZY3Ki4	\N	\N	f	 	7	\N
24323	EXCNZ2pAAlZY3HS0	\N	\N	f	 	7	\N
24324	EXCNZ2pAAlZY3CS5	\N	\N	f	 	7	\N
24325	EXCNZ2pAAlZY2_yD	\N	\N	f	 	7	\N
24326	EXCNZ2pAAlZY27yC	\N	\N	f	 	7	\N
24327	EXCNZ2pAAlZY22S9	\N	\N	f	 	7	\N
24328	EXCNZ2pAAlZY2yiB	\N	\N	f	 	7	\N
24329	EXCNZ2pAAlZY2vy9	\N	\N	f	 	7	\N
24330	EXCNZ2pAAlZY2ry8	\N	\N	f	 	7	\N
24331	EXCNZ2pAAlZY2nC8	\N	\N	f	 	7	\N
24332	EXCNZ2pAAlZY2iiF	\N	\N	f	 	7	\N
24333	EXCNZ2pAAlZY2fi4	\N	\N	f	 	7	\N
24334	EXCNZ2pAAlZY2by4	\N	\N	f	 	7	\N
24335	EXCNZ2pAAlZY2WS1	\N	\N	f	 	7	\N
24336	EXCNZ2pAAlZY2Sy2	\N	\N	f	 	7	\N
24337	EXCNZ2pAAlZY2Oy5	\N	\N	f	 	7	\N
24338	EXCNZ2pAAlZY2LC3	\N	\N	f	 	7	\N
24339	EXCNZ2pAAlZY2HS1	\N	\N	f	 	7	\N
24340	EXCNZ2pAAlZY2Dy2	\N	\N	f	 	7	\N
24341	EXCNZ2pAAlZY1_CD	\N	\N	f	 	7	\N
24342	EXCNZ2pAAlZY16S9	\N	\N	f	 	7	\N
24343	EXCNZ2pAAlZY13SE	\N	\N	f	 	7	\N
24344	EXCNZ2pAAlZY1zyD	\N	\N	f	 	7	\N
24345	EXCNZ2pAAlZY1vyA	\N	\N	f	 	7	\N
24346	EXCNZ2pAAlZY1rS9	\N	\N	f	 	7	\N
24347	EXCNZ2pAAlZY1miD	\N	\N	f	 	7	\N
24348	EXCNZ2pAAlZY1jSB	\N	\N	f	 	7	\N
24349	EXCNZ2pAAlZY1ei3	\N	\N	f	 	7	\N
24350	EXCNZ2pAAlZY1bi6	\N	\N	f	 	7	\N
24351	EXCNZ2pAAlZY1WS2	\N	\N	f	 	7	\N
24352	EXCNZ2pAAlZY1Ty5	\N	\N	f	 	7	\N
24353	EXCNZ2pAAlZY1Pi3	\N	\N	f	 	7	\N
24354	EXCNZ2pAAlZY1LC0	\N	\N	f	 	7	\N
24355	EXCNZ2pAAlZY1Gi5	\N	\N	f	 	7	\N
24356	EXCNZ2pAAlZY1Ci4	\N	\N	f	 	7	\N
24357	EXCNZ2pAAlZY0_CC	\N	\N	f	 	7	\N
24358	EXCNZ2pAAlZY06S8	\N	\N	f	 	7	\N
24359	EXCNZ2pAAlZY02y9	\N	\N	f	 	7	\N
24360	EXCNZ2pAAlZY0yy8	\N	\N	f	 	7	\N
24361	EXCNZ2pAAlZY0viA	\N	\N	f	 	7	\N
24362	EXCNZ2pAAlZY0rC9	\N	\N	f	 	7	\N
24363	EXCNZ2pAAlZY0ni8	\N	\N	f	 	7	\N
24364	EXCNZ2pAAlZY0jCB	\N	\N	f	 	7	\N
24365	EXCNZ2pAAlZY0fS5	\N	\N	f	 	7	\N
24366	EXCNZ2pAAlZY0bC5	\N	\N	f	 	7	\N
24367	EXCNZ2pAAlZY0Wy1	\N	\N	f	 	7	\N
24368	EXCNZ2pAAlZY0TS6	\N	\N	f	 	7	\N
24369	EXCNZ2pAAlZY0Oi6	\N	\N	f	 	7	\N
24370	EXCNZ2pAAlZY0Ky6	\N	\N	f	 	7	\N
24371	EXCNZ2pAAlZY0Hy1	\N	\N	f	 	7	\N
24372	EXCNZ2pAAlZY0Cy4	\N	\N	f	 	7	\N
24373	EXCNZ2pAAlZYz_i9	\N	\N	f	 	7	\N
24374	EXCNZ2pAAlZYz7SB	\N	\N	f	 	7	\N
24375	EXCNZ2pAAlZYz2SC	\N	\N	f	 	7	\N
24376	EXCNZ2pAAlZYzzyB	\N	\N	f	 	7	\N
24377	EXCNZ2pAAlZYzui9	\N	\N	f	 	7	\N
24378	EXCNZ2pAAlZYzriC	\N	\N	f	 	7	\N
24379	EXCNZ2pAAlZYzmyA	\N	\N	f	 	7	\N
24380	EXCNZ2pAAlZYziyB	\N	\N	f	 	7	\N
24381	EXCNZ2pAAlZYzei5	\N	\N	f	 	7	\N
24382	EXCNZ2pAAlZYzaS7	\N	\N	f	 	7	\N
24383	EXCNZ2pAAlZY4ng6	\N	\N	f	 	7	\N
24384	EXCNZ2pAAlZY4iw2	\N	\N	f	 	7	\N
24385	EXCNZ2pAAlZY4egC	\N	\N	f	 	7	\N
24386	EXCNZ2pAAlZY4awC	\N	\N	f	 	7	\N
24387	EXCNZ2pAAlZY4WwF	\N	\N	f	 	7	\N
24388	EXCNZ2pAAlZY4SwE	\N	\N	f	 	7	\N
24389	EXCNZ2pAAlZY4Ow9	\N	\N	f	 	7	\N
24390	EXCNZ2pAAlZY4LgD	\N	\N	f	 	7	\N
24391	EXCNZ2pAAlZY4GwB	\N	\N	f	 	7	\N
24392	EXCNZ2pAAlZY4DgF	\N	\N	f	 	7	\N
24393	EXCNZ2pAAlZY3_wE	\N	\N	f	 	7	\N
24394	EXCNZ2pAAlZY36wB	\N	\N	f	 	7	\N
24395	EXCNZ2pAAlZY33gD	\N	\N	f	 	7	\N
24396	EXCNZ2pAAlZY3yg8	\N	\N	f	 	7	\N
24397	EXCNZ2pAAlZY3ugF	\N	\N	f	 	7	\N
24398	EXCNZ2pAAlZY3qQD	\N	\N	f	 	7	\N
24399	EXCNZ2pAAlZY3nw8	\N	\N	f	 	7	\N
24400	EXCNZ2pAAlZY3igC	\N	\N	f	 	7	\N
24401	EXCNZ2pAAlZY3eg3	\N	\N	f	 	7	\N
24402	EXCNZ2pAAlZY3ag2	\N	\N	f	 	7	\N
24403	EXCNZ2pAAlZY3WQ2	\N	\N	f	 	7	\N
24404	EXCNZ2pAAlZY3Tg4	\N	\N	f	 	7	\N
24405	EXCNZ2pAAlZY3Pg3	\N	\N	f	 	7	\N
24406	EXCNZ2pAAlZY3Lw3	\N	\N	f	 	7	\N
24407	EXCNZ2pAAlZY3GQ6	\N	\N	f	 	7	\N
24408	EXCNZ2pAAlZY3Cw5	\N	\N	f	 	7	\N
24409	EXCNZ2pAAlZY2_gE	\N	\N	f	 	7	\N
24410	EXCNZ2pAAlZY27gF	\N	\N	f	 	7	\N
24411	EXCNZ2pAAlZY23QF	\N	\N	f	 	7	\N
24412	EXCNZ2pAAlZY2zQE	\N	\N	f	 	7	\N
24413	EXCNZ2pAAlZY2vQ9	\N	\N	f	 	7	\N
24414	EXCNZ2pAAlZY2rgB	\N	\N	f	 	7	\N
24415	EXCNZ2pAAlZY2nw9	\N	\N	f	 	7	\N
24416	EXCNZ2pAAlZY2jAB	\N	\N	f	 	7	\N
24417	EXCNZ2pAAlZY2eg2	\N	\N	f	 	7	\N
24418	EXCNZ2pAAlZY2bg7	\N	\N	f	 	7	\N
24419	EXCNZ2pAAlZY2Wg0	\N	\N	f	 	7	\N
24420	EXCNZ2pAAlZY2TQ6	\N	\N	f	 	7	\N
24421	EXCNZ2pAAlZY2PQ1	\N	\N	f	 	7	\N
24422	EXCNZ2pAAlZY2LQ0	\N	\N	f	 	7	\N
24423	EXCNZ2pAAlZY2HQ3	\N	\N	f	 	7	\N
24424	EXCNZ2pAAlZY2Cw4	\N	\N	f	 	7	\N
24425	EXCNZ2pAAlZY1-w8	\N	\N	f	 	7	\N
24426	EXCNZ2pAAlZY17gC	\N	\N	f	 	7	\N
24427	EXCNZ2pAAlZY12Q8	\N	\N	f	 	7	\N
24428	EXCNZ2pAAlZY1zAC	\N	\N	f	 	7	\N
24429	EXCNZ2pAAlZY1vw8	\N	\N	f	 	7	\N
24430	EXCNZ2pAAlZY1qwD	\N	\N	f	 	7	\N
24431	EXCNZ2pAAlZY1nA9	\N	\N	f	 	7	\N
24432	EXCNZ2pAAlZY1igE	\N	\N	f	 	7	\N
24433	EXCNZ2pAAlZY1ew0	\N	\N	f	 	7	\N
24434	EXCNZ2pAAlZY1bQ7	\N	\N	f	 	7	\N
24435	EXCNZ2pAAlZY1XA5	\N	\N	f	 	7	\N
24436	EXCNZ2pAAlZY1Tg6	\N	\N	f	 	7	\N
24437	EXCNZ2pAAlZY1OQ6	\N	\N	f	 	7	\N
24438	EXCNZ2pAAlZY1LA2	\N	\N	f	 	7	\N
24439	EXCNZ2pAAlZY1Gw6	\N	\N	f	 	7	\N
24440	EXCNZ2pAAlZY1Cw7	\N	\N	f	 	7	\N
24441	EXCNZ2pAAlZY0-w9	\N	\N	f	 	7	\N
24442	EXCNZ2pAAlZY06w8	\N	\N	f	 	7	\N
24443	EXCNZ2pAAlZY03AC	\N	\N	f	 	7	\N
24444	EXCNZ2pAAlZY0zwE	\N	\N	f	 	7	\N
24445	EXCNZ2pAAlZY0uQF	\N	\N	f	 	7	\N
24446	EXCNZ2pAAlZY0rQA	\N	\N	f	 	7	\N
24447	EXCNZ2pAAlZY0mwF	\N	\N	f	 	7	\N
24448	EXCNZ2pAAlZY0iwE	\N	\N	f	 	7	\N
24449	EXCNZ2pAAlZY0fw5	\N	\N	f	 	7	\N
24450	EXCNZ2pAAlZY0bA7	\N	\N	f	 	7	\N
24451	EXCNZ2pAAlZY0Xw7	\N	\N	f	 	7	\N
24452	EXCNZ2pAAlZY0Sw2	\N	\N	f	 	7	\N
24453	EXCNZ2pAAlZY0PQ3	\N	\N	f	 	7	\N
24454	EXCNZ2pAAlZY0LQ2	\N	\N	f	 	7	\N
24455	EXCNZ2pAAlZY0Hw3	\N	\N	f	 	7	\N
24456	EXCNZ2pAAlZY0Dg3	\N	\N	f	 	7	\N
24457	EXCNZ2pAAlZYz_Q8	\N	\N	f	 	7	\N
24458	EXCNZ2pAAlZYz7gA	\N	\N	f	 	7	\N
24459	EXCNZ2pAAlZYz3w8	\N	\N	f	 	7	\N
24460	EXCNZ2pAAlZYzywD	\N	\N	f	 	7	\N
24461	EXCNZ2pAAlZYzuQ8	\N	\N	f	 	7	\N
24462	EXCNZ2pAAlZYzrgE	\N	\N	f	 	7	\N
24463	EXCNZ2pAAlZYznQE	\N	\N	f	 	7	\N
24464	EXCNZ2pAAlZYzjQF	\N	\N	f	 	7	\N
24465	EXCNZ2pAAlZYzfg3	\N	\N	f	 	7	\N
24466	EXCNZ2pAAlZYzbg2	\N	\N	f	 	7	\N
24467	EXCNZ2pAAlZYzWg5	\N	\N	f	 	7	\N
24468	EXCNZ2pAAlZYzTw1	\N	\N	f	 	7	\N
24469	EXCNZ2pAAlZYzPA5	\N	\N	f	 	7	\N
24470	EXCNZ2pAAlZYzLQ5	\N	\N	f	 	7	\N
24471	EXCNZ2pAAlZYzHg5	\N	\N	f	 	7	\N
24472	EXCNZ2pAAlZYzDg4	\N	\N	f	 	7	\N
24473	EXCNZ2pAAlZYy_gA	\N	\N	f	 	7	\N
24474	EXCNZ2pAAlZYy7wA	\N	\N	f	 	7	\N
24475	EXCNZ2pAAlZYy2QF	\N	\N	f	 	7	\N
24476	EXCNZ2pAAlZYyywC	\N	\N	f	 	7	\N
24477	EXCNZ2pAAlZYyuwB	\N	\N	f	 	7	\N
24478	EXCNZ2pAAlZYyrwE	\N	\N	f	 	7	\N
24479	EXCNZ2pAAlZYynwD	\N	\N	f	 	7	\N
24480	EXCNZ2pAAlZYyiQA	\N	\N	f	 	7	\N
24481	EXCNZ2pAAlZYyew7	\N	\N	f	 	7	\N
24482	EXCNZ2pAAlZYybQ0	\N	\N	f	 	7	\N
24483	EXCNZ2pAAlZYyWw5	\N	\N	f	 	7	\N
24484	EXCNZ2pAAlZYyTw0	\N	\N	f	 	7	\N
24485	EXCNZ2pAAlZYyPQ5	\N	\N	f	 	7	\N
24486	EXCNZ2pAAlZYyKg3	\N	\N	f	 	7	\N
24487	EXCNZ2pAAlZYyHA6	\N	\N	f	 	7	\N
24488	EXCNZ2pAAlZYyDQ6	\N	\N	f	 	7	\N
24489	EXCNZ2pAAlZYx-wC	\N	\N	f	 	7	\N
24490	EXCNZ2pAAlZYx6gC	\N	\N	f	 	7	\N
24491	EXCNZ2pAAlZYx3A9	\N	\N	f	 	7	\N
24492	EXCNZ2pAAlZYxzgA	\N	\N	f	 	7	\N
24493	EXCNZ2pAAlZY13xF	\N	\N	f	 	7	\N
24494	EXCNZ2pAAlZY1zBD	\N	\N	f	 	7	\N
24495	EXCNZ2pAAlZY1vRB	\N	\N	f	 	7	\N
24496	EXCNZ2pAAlZY1rx8	\N	\N	f	 	7	\N
24497	EXCNZ2pAAlZY1nR9	\N	\N	f	 	7	\N
24498	EXCNZ2pAAlZY1iRC	\N	\N	f	 	7	\N
24499	EXCNZ2pAAlZY1eh0	\N	\N	f	 	7	\N
24500	EXCNZ2pAAlZY1ah1	\N	\N	f	 	7	\N
24501	EXCNZ2pAAlZY1XB4	\N	\N	f	 	7	\N
24502	EXCNZ2pAAlZY1Sx2	\N	\N	f	 	7	\N
24503	EXCNZ2pAAlZY1Ph0	\N	\N	f	 	7	\N
24504	EXCNZ2pAAlZY1LR2	\N	\N	f	 	7	\N
24505	EXCNZ2pAAlZY1GR5	\N	\N	f	 	7	\N
24506	EXCNZ2pAAlZY1Dx2	\N	\N	f	 	7	\N
24507	EXCNZ2pAAlZY0_hD	\N	\N	f	 	7	\N
24508	EXCNZ2pAAlZY07RF	\N	\N	f	 	7	\N
24509	EXCNZ2pAAlZY03hF	\N	\N	f	 	7	\N
24510	EXCNZ2pAAlZY0yhA	\N	\N	f	 	7	\N
24511	EXCNZ2pAAlZY0uxC	\N	\N	f	 	7	\N
24512	EXCNZ2pAAlZY0qRF	\N	\N	f	 	7	\N
24513	EXCNZ2pAAlZY0nxA	\N	\N	f	 	7	\N
24514	EXCNZ2pAAlZY0iRD	\N	\N	f	 	7	\N
24515	EXCNZ2pAAlZY0fB7	\N	\N	f	 	7	\N
24516	EXCNZ2pAAlZY0ax1	\N	\N	f	 	7	\N
24517	EXCNZ2pAAlZY0Xx6	\N	\N	f	 	7	\N
24518	EXCNZ2pAAlZY0Th6	\N	\N	f	 	7	\N
24519	EXCNZ2pAAlZY0Ph1	\N	\N	f	 	7	\N
24520	EXCNZ2pAAlZY0Kx5	\N	\N	f	 	7	\N
24521	EXCNZ2pAAlZY0Hx2	\N	\N	f	 	7	\N
24522	EXCNZ2pAAlZY0CR5	\N	\N	f	 	7	\N
24523	EXCNZ2pAAlZYz_B8	\N	\N	f	 	7	\N
24524	EXCNZ2pAAlZYz7xA	\N	\N	f	 	7	\N
24525	EXCNZ2pAAlZYz2RF	\N	\N	f	 	7	\N
24526	EXCNZ2pAAlZYzzx8	\N	\N	f	 	7	\N
24527	EXCNZ2pAAlZYzuxB	\N	\N	f	 	7	\N
24528	EXCNZ2pAAlZYzrxE	\N	\N	f	 	7	\N
24529	EXCNZ2pAAlZYzmx9	\N	\N	f	 	7	\N
24530	EXCNZ2pAAlZYzjhD	\N	\N	f	 	7	\N
24531	EXCNZ2pAAlZYzfR1	\N	\N	f	 	7	\N
24532	EXCNZ2pAAlZYzah7	\N	\N	f	 	7	\N
24533	EXCNZ2pAAlZYzXh0	\N	\N	f	 	7	\N
24534	EXCNZ2pAAlZYzTh1	\N	\N	f	 	7	\N
24535	EXCNZ2pAAlZYzPh6	\N	\N	f	 	7	\N
24536	EXCNZ2pAAlZYzKx2	\N	\N	f	 	7	\N
24537	EXCNZ2pAAlZYzGh0	\N	\N	f	 	7	\N
24538	EXCNZ2pAAlZYzDh5	\N	\N	f	 	7	\N
24539	EXCNZ2pAAlZYy_hB	\N	\N	f	 	7	\N
24541	EXCNZ2pAAlZYy2hD	\N	\N	f	 	7	\N
24542	EXCNZ2pAAlZYyzx9	\N	\N	f	 	7	\N
24543	EXCNZ2pAAlZYyuxA	\N	\N	f	 	7	\N
24544	EXCNZ2pAAlZYyrBC	\N	\N	f	 	7	\N
24545	EXCNZ2pAAlZYynRE	\N	\N	f	 	7	\N
24546	EXCNZ2pAAlZYyjhC	\N	\N	f	 	7	\N
24547	EXCNZ2pAAlZYyfh3	\N	\N	f	 	7	\N
24548	EXCNZ2pAAlZYybx3	\N	\N	f	 	7	\N
24549	EXCNZ2pAAlZYyXR2	\N	\N	f	 	7	\N
24550	EXCNZ2pAAlZYyTR3	\N	\N	f	 	7	\N
24551	EXCNZ2pAAlZYyOh3	\N	\N	f	 	7	\N
24552	EXCNZ2pAAlZYyLx7	\N	\N	f	 	7	\N
24553	EXCNZ2pAAlZYyHx4	\N	\N	f	 	7	\N
24554	EXCNZ2pAAlZYyDh4	\N	\N	f	 	7	\N
24555	EXCNZ2pAAlZYx_RB	\N	\N	f	 	7	\N
24556	EXCNZ2pAAlZYx7BB	\N	\N	f	 	7	\N
24557	EXCNZ2pAAlZYx3xB	\N	\N	f	 	7	\N
24558	EXCNZ2pAAlZYxzhB	\N	\N	f	 	7	\N
24559	EXCNZ2pAAlZYxux9	\N	\N	f	 	7	\N
24560	EXCNZ2pAAlZYxrBF	\N	\N	f	 	7	\N
24561	EXCNZ2pAAlZYxnRD	\N	\N	f	 	7	\N
24562	EXCNZ2pAAlZYxjBD	\N	\N	f	 	7	\N
24563	EXCNZ2pAAlZYxeR7	\N	\N	f	 	7	\N
24564	EXCNZ2pAAlZYxbB3	\N	\N	f	 	7	\N
24565	EXCNZ2pAAlZYxXR1	\N	\N	f	 	7	\N
24566	EXCNZ2pAAlZYxTR0	\N	\N	f	 	7	\N
24567	EXCNZ2pAAlZYxPx5	\N	\N	f	 	7	\N
24568	EXCNZ2pAAlZYxKx0	\N	\N	f	 	7	\N
24569	EXCNZ2pAAlZYxGh2	\N	\N	f	 	7	\N
24570	EXCNZ2pAAlZYxDB5	\N	\N	f	 	7	\N
24571	EXCNZ2pAAlZYw_h9	\N	\N	f	 	7	\N
24572	EXCNZ2pAAlZYw7h8	\N	\N	f	 	7	\N
24573	EXCNZ2pAAlZYw3xA	\N	\N	f	 	7	\N
24574	EXCNZ2pAAlZYwzhA	\N	\N	f	 	7	\N
24575	EXCNZ2pAAlZYwvxC	\N	\N	f	 	7	\N
24576	EXCNZ2pAAlZYwrRF	\N	\N	f	 	7	\N
24577	EXCNZ2pAAlZYwnhF	\N	\N	f	 	7	\N
24578	EXCNZ2pAAlZYwjhE	\N	\N	f	 	7	\N
24579	EXCNZ2pAAlZYweR6	\N	\N	f	 	7	\N
24580	EXCNZ2pAAlZYwbh0	\N	\N	f	 	7	\N
24581	EXCNZ2pAAlZYwXR0	\N	\N	f	 	7	\N
24582	EXCNZ2pAAlZYwSR5	\N	\N	f	 	7	\N
24583	EXCNZ2pAAlZYwPR6	\N	\N	f	 	7	\N
24584	EXCNZ2pAAlZYwKh0	\N	\N	f	 	7	\N
24585	EXCNZ2pAAlZYwHR4	\N	\N	f	 	7	\N
24586	EXCNZ2pAAlZYwCR1	\N	\N	f	 	7	\N
24587	EXCNZ2pAAlZY_-g3	\N	\N	f	 	7	\N
24588	EXCNZ2pAAlZY_7w7	\N	\N	f	 	7	\N
24589	EXCNZ2pAAlZY_3w4	\N	\N	f	 	7	\N
24590	EXCNZ2pAAlZY_yQ3	\N	\N	f	 	7	\N
24591	EXCNZ2pAAlZY_vw2	\N	\N	f	 	7	\N
24592	EXCNZ2pAAlZY_rg2	\N	\N	f	 	7	\N
24593	EXCNZ2pAAlZY_nA3	\N	\N	f	 	7	\N
24594	EXCNZ2pAAlZY_jQ3	\N	\N	f	 	7	\N
24595	EXCNZ2pAAlZY_fAD	\N	\N	f	 	7	\N
24596	EXCNZ2pAAlZY_bQD	\N	\N	f	 	7	\N
24597	EXCNZ2pAAlZY_XAF	\N	\N	f	 	7	\N
24598	EXCNZ2pAAlZY_TQF	\N	\N	f	 	7	\N
24599	EXCNZ2pAAlZYxuQA	\N	\N	f	 	7	\N
24600	EXCNZ2pAAlZYxqQB	\N	\N	f	 	7	\N
24601	EXCNZ2pAAlZYxnAD	\N	\N	f	 	7	\N
24602	EXCNZ2pAAlZYxjgE	\N	\N	f	 	7	\N
24603	EXCNZ2pAAlZYxeQ6	\N	\N	f	 	7	\N
24604	EXCNZ2pAAlZYxaQ7	\N	\N	f	 	7	\N
24605	EXCNZ2pAAlZYxWQ4	\N	\N	f	 	7	\N
24606	EXCNZ2pAAlZYxTQ1	\N	\N	f	 	7	\N
24607	EXCNZ2pAAlZYxOg1	\N	\N	f	 	7	\N
24608	EXCNZ2pAAlZYxKg0	\N	\N	f	 	7	\N
24609	EXCNZ2pAAlZYxHQ4	\N	\N	f	 	7	\N
24610	EXCNZ2pAAlZYxDA4	\N	\N	f	 	7	\N
24611	EXCNZ2pAAlZYw-gC	\N	\N	f	 	7	\N
24612	EXCNZ2pAAlZYw6QE	\N	\N	f	 	7	\N
24613	EXCNZ2pAAlZYw3gA	\N	\N	f	 	7	\N
24614	EXCNZ2pAAlZYwygF	\N	\N	f	 	7	\N
24615	EXCNZ2pAAlZYwvwD	\N	\N	f	 	7	\N
24616	EXCNZ2pAAlZYwrQE	\N	\N	f	 	7	\N
24617	EXCNZ2pAAlZYwnwF	\N	\N	f	 	7	\N
24618	EXCNZ2pAAlZYwjQC	\N	\N	f	 	7	\N
24619	EXCNZ2pAAlZYweg4	\N	\N	f	 	7	\N
24620	EXCNZ2pAAlZYwag5	\N	\N	f	 	7	\N
24621	EXCNZ2pAAlZYwWg6	\N	\N	f	 	7	\N
24622	EXCNZ2pAAlZYwTw2	\N	\N	f	 	7	\N
24623	EXCNZ2pAAlZYwPA6	\N	\N	f	 	7	\N
24624	EXCNZ2pAAlZYwKg1	\N	\N	f	 	7	\N
24625	EXCNZ2pAAlZYwHw7	\N	\N	f	 	7	\N
22539	EXCNZ2pAAlZaciTD	\N	\N	f	 	8	\N
22540	EXCNZ2pAAlZacez0	\N	\N	f	 	8	\N
22541	EXCNZ2pAAlZacaj0	\N	\N	f	 	8	\N
22542	EXCNZ2pAAlZacXz6	\N	\N	f	 	8	\N
22543	EXCNZ2pAAlZacSj2	\N	\N	f	 	8	\N
22544	EXCNZ2pAAlZacOj5	\N	\N	f	 	8	\N
22545	EXCNZ2pAAlZacKT7	\N	\N	f	 	8	\N
22546	EXCNZ2pAAlZacHT0	\N	\N	f	 	8	\N
22547	EXCNZ2pAAlZacCj6	\N	\N	f	 	8	\N
22548	EXCNZ2pAAlZab_jA	\N	\N	f	 	8	\N
22549	EXCNZ2pAAlZab6zE	\N	\N	f	 	8	\N
22550	EXCNZ2pAAlZab2TF	\N	\N	f	 	8	\N
22551	EXCNZ2pAAlZabzDB	\N	\N	f	 	8	\N
22552	EXCNZ2pAAlZabvTD	\N	\N	f	 	8	\N
22553	EXCNZ2pAAlZabrTC	\N	\N	f	 	8	\N
22554	EXCNZ2pAAlZabmz9	\N	\N	f	 	8	\N
22555	EXCNZ2pAAlZabij9	\N	\N	f	 	8	\N
22556	EXCNZ2pAAlZabfj2	\N	\N	f	 	8	\N
22557	EXCNZ2pAAlZabaz6	\N	\N	f	 	8	\N
22558	EXCNZ2pAAlZabXD2	\N	\N	f	 	8	\N
22559	EXCNZ2pAAlZabSj5	\N	\N	f	 	8	\N
22560	EXCNZ2pAAlZabOj2	\N	\N	f	 	8	\N
22561	EXCNZ2pAAlZabKz2	\N	\N	f	 	8	\N
22562	EXCNZ2pAAlZabGz1	\N	\N	f	 	8	\N
22563	EXCNZ2pAAlZabCj1	\N	\N	f	 	8	\N
22564	EXCNZ2pAAlZaa-TC	\N	\N	f	 	8	\N
22565	EXCNZ2pAAlZaa7jA	\N	\N	f	 	8	\N
22566	EXCNZ2pAAlZaa2zC	\N	\N	f	 	8	\N
22567	EXCNZ2pAAlZaazDA	\N	\N	f	 	8	\N
22568	EXCNZ2pAAlZaavDD	\N	\N	f	 	8	\N
22569	EXCNZ2pAAlZaaqjA	\N	\N	f	 	8	\N
22570	EXCNZ2pAAlZaamj9	\N	\N	f	 	8	\N
22571	EXCNZ2pAAlZaajzD	\N	\N	f	 	8	\N
22572	EXCNZ2pAAlZaaeT4	\N	\N	f	 	8	\N
22573	EXCNZ2pAAlZaaaT5	\N	\N	f	 	8	\N
22574	EXCNZ2pAAlZaaWz4	\N	\N	f	 	8	\N
22575	EXCNZ2pAAlZaaSj4	\N	\N	f	 	8	\N
22576	EXCNZ2pAAlZaaPT4	\N	\N	f	 	8	\N
22577	EXCNZ2pAAlZaaLT5	\N	\N	f	 	8	\N
22578	EXCNZ2pAAlZaaHj5	\N	\N	f	 	8	\N
22579	EXCNZ2pAAlZaaCz1	\N	\N	f	 	8	\N
22580	EXCNZ2pAAlZaZ_DA	\N	\N	f	 	8	\N
22581	EXCNZ2pAAlZaZ6TE	\N	\N	f	 	8	\N
22582	EXCNZ2pAAlZaZ3jA	\N	\N	f	 	8	\N
22583	EXCNZ2pAAlZaZyzE	\N	\N	f	 	8	\N
22584	EXCNZ2pAAlZaZvTF	\N	\N	f	 	8	\N
22585	EXCNZ2pAAlZaZrDF	\N	\N	f	 	8	\N
22586	EXCNZ2pAAlZaZnDC	\N	\N	f	 	8	\N
22587	EXCNZ2pAAlZaZjjF	\N	\N	f	 	8	\N
22588	EXCNZ2pAAlZaZej4	\N	\N	f	 	8	\N
22589	EXCNZ2pAAlZaZbT2	\N	\N	f	 	8	\N
22590	EXCNZ2pAAlZaZWj6	\N	\N	f	 	8	\N
22591	EXCNZ2pAAlZaZGT1	\N	\N	f	 	8	\N
22592	EXCNZ2pAAlZaZCz2	\N	\N	f	 	8	\N
22593	EXCNZ2pAAlZaY-zC	\N	\N	f	 	8	\N
22594	EXCNZ2pAAlZaY6jC	\N	\N	f	 	8	\N
22595	EXCNZ2pAAlZaY2zE	\N	\N	f	 	8	\N
22596	EXCNZ2pAAlZaYyzF	\N	\N	f	 	8	\N
22597	EXCNZ2pAAlZaYuj9	\N	\N	f	 	8	\N
22598	EXCNZ2pAAlZaYqz9	\N	\N	f	 	8	\N
22599	EXCNZ2pAAlZaYnTC	\N	\N	f	 	8	\N
22600	EXCNZ2pAAlZaYjDC	\N	\N	f	 	8	\N
22601	EXCNZ2pAAlZaYez4	\N	\N	f	 	8	\N
22602	EXCNZ2pAAlZaYbz1	\N	\N	f	 	8	\N
22603	EXCNZ2pAAlZaYWj7	\N	\N	f	 	8	\N
22604	EXCNZ2pAAlZaYST5	\N	\N	f	 	8	\N
22605	EXCNZ2pAAlZaYOj1	\N	\N	f	 	8	\N
22606	EXCNZ2pAAlZaYLz5	\N	\N	f	 	8	\N
22607	EXCNZ2pAAlZaYHD5	\N	\N	f	 	8	\N
22608	EXCNZ2pAAlZaYCz3	\N	\N	f	 	8	\N
22609	EXCNZ2pAAlZaX_j6	\N	\N	f	 	8	\N
22610	EXCNZ2pAAlZaX7z6	\N	\N	f	 	8	\N
22611	EXCNZ2pAAlZaX2j0	\N	\N	f	 	8	\N
22612	EXCNZ2pAAlZaXyj1	\N	\N	f	 	8	\N
22613	EXCNZ2pAAlZaXvT1	\N	\N	f	 	8	\N
22614	EXCNZ2pAAlZaXrT0	\N	\N	f	 	8	\N
22615	EXCNZ2pAAlZaXnz1	\N	\N	f	 	8	\N
22616	EXCNZ2pAAlZaXij5	\N	\N	f	 	8	\N
22617	EXCNZ2pAAlZaXeT9	\N	\N	f	 	8	\N
22618	EXCNZ2pAAlZaXbTC	\N	\N	f	 	8	\N
22619	EXCNZ2pAAlZaXWTB	\N	\N	f	 	8	\N
22620	EXCNZ2pAAlZaXTDF	\N	\N	f	 	8	\N
22621	EXCNZ2pAAlZaXPD8	\N	\N	f	 	8	\N
22622	EXCNZ2pAAlZaXKTC	\N	\N	f	 	8	\N
22623	EXCNZ2pAAlZaXHz9	\N	\N	f	 	8	\N
22624	EXCNZ2pAAlZaXDTA	\N	\N	f	 	8	\N
22625	EXCNZ2pAAlZaW-z2	\N	\N	f	 	8	\N
22626	EXCNZ2pAAlZaW7j6	\N	\N	f	 	8	\N
22627	EXCNZ2pAAlZaW2j1	\N	\N	f	 	8	\N
22628	EXCNZ2pAAlZaWzD6	\N	\N	f	 	8	\N
22629	EXCNZ2pAAlZaWuz6	\N	\N	f	 	8	\N
22630	EXCNZ2pAAlZaWrD0	\N	\N	f	 	8	\N
22631	EXCNZ2pAAlZaWnT2	\N	\N	f	 	8	\N
22632	EXCNZ2pAAlZaWjj0	\N	\N	f	 	8	\N
22633	EXCNZ2pAAlZaWfDD	\N	\N	f	 	8	\N
22634	EXCNZ2pAAlZaWaT9	\N	\N	f	 	8	\N
22635	EXCNZ2pAAlZaWXzC	\N	\N	f	 	8	\N
22636	EXCNZ2pAAlZaWSj8	\N	\N	f	 	8	\N
22637	EXCNZ2pAAlZaWPT8	\N	\N	f	 	8	\N
22638	EXCNZ2pAAlZaWLjA	\N	\N	f	 	8	\N
22639	EXCNZ2pAAlZaWGTE	\N	\N	f	 	8	\N
22640	EXCNZ2pAAlZaWDj8	\N	\N	f	 	8	\N
22641	EXCNZ2pAAlZaV_j4	\N	\N	f	 	8	\N
22642	EXCNZ2pAAlZaV7D7	\N	\N	f	 	8	\N
22643	EXCNZ2pAAlZaV2T1	\N	\N	f	 	8	\N
22644	EXCNZ2pAAlZaVzT4	\N	\N	f	 	8	\N
22645	EXCNZ2pAAlZaVvD2	\N	\N	f	 	8	\N
22646	EXCNZ2pAAlZaVrz0	\N	\N	f	 	8	\N
22647	EXCNZ2pAAlZaVmz7	\N	\N	f	 	8	\N
22648	EXCNZ2pAAlZaViT4	\N	\N	f	 	8	\N
22649	EXCNZ2pAAlZaVfTF	\N	\N	f	 	8	\N
22650	EXCNZ2pAAlZaVbDF	\N	\N	f	 	8	\N
22651	EXCNZ2pAAlZaVXzF	\N	\N	f	 	8	\N
22652	EXCNZ2pAAlZaVST8	\N	\N	f	 	8	\N
22653	EXCNZ2pAAlZaVPz9	\N	\N	f	 	8	\N
22654	EXCNZ2pAAlZaVLTA	\N	\N	f	 	8	\N
22655	EXCNZ2pAAlZaVHzB	\N	\N	f	 	8	\N
22656	EXCNZ2pAAlZaVDjB	\N	\N	f	 	8	\N
22657	EXCNZ2pAAlZaU-z0	\N	\N	f	 	8	\N
22658	EXCNZ2pAAlZaU7j4	\N	\N	f	 	8	\N
22659	EXCNZ2pAAlZaU2z2	\N	\N	f	 	8	\N
22660	EXCNZ2pAAlZaUzj6	\N	\N	f	 	8	\N
22661	EXCNZ2pAAlZaUvT2	\N	\N	f	 	8	\N
22662	EXCNZ2pAAlZaUqj4	\N	\N	f	 	8	\N
22663	EXCNZ2pAAlZaUmj7	\N	\N	f	 	8	\N
22664	EXCNZ2pAAlZaUiz7	\N	\N	f	 	8	\N
22665	EXCNZ2pAAlZaUez8	\N	\N	f	 	8	\N
22666	EXCNZ2pAAlZaUbTF	\N	\N	f	 	8	\N
22667	EXCNZ2pAAlZaUXzE	\N	\N	f	 	8	\N
22668	EXCNZ2pAAlZaUSzB	\N	\N	f	 	8	\N
22669	EXCNZ2pAAlZaUPDB	\N	\N	f	 	8	\N
22670	EXCNZ2pAAlZaULz9	\N	\N	f	 	8	\N
22671	EXCNZ2pAAlZaUHT8	\N	\N	f	 	8	\N
22672	EXCNZ2pAAlZaUDT9	\N	\N	f	 	8	\N
22673	EXCNZ2pAAlZaT-z7	\N	\N	f	 	8	\N
22674	EXCNZ2pAAlZaT7j3	\N	\N	f	 	8	\N
22675	EXCNZ2pAAlZaT3z1	\N	\N	f	 	8	\N
22676	EXCNZ2pAAlZaTyj5	\N	\N	f	 	8	\N
22677	EXCNZ2pAAlZaTvz7	\N	\N	f	 	8	\N
22678	EXCNZ2pAAlZaTrD5	\N	\N	f	 	8	\N
22679	EXCNZ2pAAlZaTnj4	\N	\N	f	 	8	\N
22680	EXCNZ2pAAlZaTjD7	\N	\N	f	 	8	\N
22681	EXCNZ2pAAlZaTfD8	\N	\N	f	 	8	\N
22682	EXCNZ2pAAlZaTajF	\N	\N	f	 	8	\N
22683	EXCNZ2pAAlZaTXj8	\N	\N	f	 	8	\N
22684	EXCNZ2pAAlZaTSTE	\N	\N	f	 	8	\N
22685	EXCNZ2pAAlZaTOT9	\N	\N	f	 	8	\N
22686	EXCNZ2pAAlZaTLjF	\N	\N	f	 	8	\N
22687	EXCNZ2pAAlZaTHjC	\N	\N	f	 	8	\N
22688	EXCNZ2pAAlZaTCTA	\N	\N	f	 	8	\N
22689	EXCNZ2pAAlZaS-j7	\N	\N	f	 	8	\N
22690	EXCNZ2pAAlZaS7D0	\N	\N	f	 	8	\N
22691	EXCNZ2pAAlZaS3T2	\N	\N	f	 	8	\N
22692	EXCNZ2pAAlZaSyT7	\N	\N	f	 	8	\N
22693	EXCNZ2pAAlZaSuj3	\N	\N	f	 	8	\N
22694	EXCNZ2pAAlZaSrz7	\N	\N	f	 	8	\N
22695	EXCNZ2pAAlZaSnj5	\N	\N	f	 	8	\N
22696	EXCNZ2pAAlZaSjD6	\N	\N	f	 	8	\N
22697	EXCNZ2pAAlZaSfzA	\N	\N	f	 	8	\N
22698	EXCNZ2pAAlZaSbT9	\N	\N	f	 	8	\N
22699	EXCNZ2pAAlZaSXTA	\N	\N	f	 	8	\N
22700	EXCNZ2pAAlZaSTz9	\N	\N	f	 	8	\N
22701	EXCNZ2pAAlZaSOT8	\N	\N	f	 	8	\N
22702	EXCNZ2pAAlZaSLDC	\N	\N	f	 	8	\N
22703	EXCNZ2pAAlZaSHTE	\N	\N	f	 	8	\N
22704	EXCNZ2pAAlZaSDDE	\N	\N	f	 	8	\N
22705	EXCNZ2pAAlZaR-z5	\N	\N	f	 	8	\N
22706	EXCNZ2pAAlZaR7z0	\N	\N	f	 	8	\N
22707	EXCNZ2pAAlZaR2j6	\N	\N	f	 	8	\N
22708	EXCNZ2pAAlZaRzT0	\N	\N	f	 	8	\N
22709	EXCNZ2pAAlZaRvj4	\N	\N	f	 	8	\N
22710	EXCNZ2pAAlZaRqz0	\N	\N	f	 	8	\N
22711	EXCNZ2pAAlZaRnj6	\N	\N	f	 	8	\N
22712	EXCNZ2pAAlZaRij3	\N	\N	f	 	8	\N
22713	EXCNZ2pAAlZaRezD	\N	\N	f	 	8	\N
22714	EXCNZ2pAAlZaRbz8	\N	\N	f	 	8	\N
22715	EXCNZ2pAAlZaRWzF	\N	\N	f	 	8	\N
22716	EXCNZ2pAAlZaRTT8	\N	\N	f	 	8	\N
22717	EXCNZ2pAAlZaROTB	\N	\N	f	 	8	\N
22718	EXCNZ2pAAlZaRLjD	\N	\N	f	 	8	\N
22719	EXCNZ2pAAlZaRGzB	\N	\N	f	 	8	\N
22720	EXCNZ2pAAlZaRDDD	\N	\N	f	 	8	\N
22721	EXCNZ2pAAlZaQ_j1	\N	\N	f	 	8	\N
22722	EXCNZ2pAAlZaQ7j0	\N	\N	f	 	8	\N
22723	EXCNZ2pAAlZaQ3z2	\N	\N	f	 	8	\N
22724	EXCNZ2pAAlZaQyT5	\N	\N	f	 	8	\N
22725	EXCNZ2pAAlZaQvj5	\N	\N	f	 	8	\N
22726	EXCNZ2pAAlZaQqz1	\N	\N	f	 	8	\N
22727	EXCNZ2pAAlZaQnD5	\N	\N	f	 	8	\N
22728	EXCNZ2pAAlZaQjT5	\N	\N	f	 	8	\N
22729	EXCNZ2pAAlZaQezC	\N	\N	f	 	8	\N
22730	EXCNZ2pAAlZaQazD	\N	\N	f	 	8	\N
22731	EXCNZ2pAAlZaQXD9	\N	\N	f	 	8	\N
22732	EXCNZ2pAAlZaQSjE	\N	\N	f	 	8	\N
22733	EXCNZ2pAAlZaQOj9	\N	\N	f	 	8	\N
22734	EXCNZ2pAAlZaQLjC	\N	\N	f	 	8	\N
22735	EXCNZ2pAAlZaQGzA	\N	\N	f	 	8	\N
22736	EXCNZ2pAAlZaQDTD	\N	\N	f	 	8	\N
22737	EXCNZ2pAAlZaf_yE	\N	\N	f	 	8	\N
22738	EXCNZ2pAAlZaf7CC	\N	\N	f	 	8	\N
22739	EXCNZ2pAAlZaf2SA	\N	\N	f	 	8	\N
22740	EXCNZ2pAAlZafzSF	\N	\N	f	 	8	\N
22741	EXCNZ2pAAlZafvS8	\N	\N	f	 	8	\N
22742	EXCNZ2pAAlZafriA	\N	\N	f	 	8	\N
22743	EXCNZ2pAAlZafmSE	\N	\N	f	 	8	\N
22744	EXCNZ2pAAlZafiyD	\N	\N	f	 	8	\N
22745	EXCNZ2pAAlZaffS4	\N	\N	f	 	8	\N
22746	EXCNZ2pAAlZafbC4	\N	\N	f	 	8	\N
22747	EXCNZ2pAAlZafXC7	\N	\N	f	 	8	\N
22748	EXCNZ2pAAlZafTi4	\N	\N	f	 	8	\N
22749	EXCNZ2pAAlZafPi3	\N	\N	f	 	8	\N
22750	EXCNZ2pAAlZafLy3	\N	\N	f	 	8	\N
22751	EXCNZ2pAAlZafGS6	\N	\N	f	 	8	\N
22752	EXCNZ2pAAlZafDS3	\N	\N	f	 	8	\N
22753	EXCNZ2pAAlZae-iA	\N	\N	f	 	8	\N
22754	EXCNZ2pAAlZae6yA	\N	\N	f	 	8	\N
22755	EXCNZ2pAAlZae3CE	\N	\N	f	 	8	\N
22756	EXCNZ2pAAlZaezyC	\N	\N	f	 	8	\N
22757	EXCNZ2pAAlZaevS9	\N	\N	f	 	8	\N
22758	EXCNZ2pAAlZaeryA	\N	\N	f	 	8	\N
22759	EXCNZ2pAAlZaemyD	\N	\N	f	 	8	\N
22760	EXCNZ2pAAlZaeiyC	\N	\N	f	 	8	\N
22761	EXCNZ2pAAlZaefS5	\N	\N	f	 	8	\N
22762	EXCNZ2pAAlZaebS4	\N	\N	f	 	8	\N
22763	EXCNZ2pAAlZaeXC6	\N	\N	f	 	8	\N
22764	EXCNZ2pAAlZaeSS2	\N	\N	f	 	8	\N
22765	EXCNZ2pAAlZaePy3	\N	\N	f	 	8	\N
22766	EXCNZ2pAAlZaeLy2	\N	\N	f	 	8	\N
22767	EXCNZ2pAAlZaeGS7	\N	\N	f	 	8	\N
22768	EXCNZ2pAAlZaeDy0	\N	\N	f	 	8	\N
22769	EXCNZ2pAAlZad-y8	\N	\N	f	 	8	\N
22770	EXCNZ2pAAlZad6y9	\N	\N	f	 	8	\N
22771	EXCNZ2pAAlZad3CD	\N	\N	f	 	8	\N
22772	EXCNZ2pAAlZadziE	\N	\N	f	 	8	\N
22773	EXCNZ2pAAlZadvSA	\N	\N	f	 	8	\N
22774	EXCNZ2pAAlZadry9	\N	\N	f	 	8	\N
22775	EXCNZ2pAAlZadnS8	\N	\N	f	 	8	\N
22776	EXCNZ2pAAlZadjyB	\N	\N	f	 	8	\N
22777	EXCNZ2pAAlZadeS2	\N	\N	f	 	8	\N
22778	EXCNZ2pAAlZadbS7	\N	\N	f	 	8	\N
22779	EXCNZ2pAAlZadXi7	\N	\N	f	 	8	\N
22780	EXCNZ2pAAlZadTC4	\N	\N	f	 	8	\N
22781	EXCNZ2pAAlZadPy0	\N	\N	f	 	8	\N
22782	EXCNZ2pAAlZadLC2	\N	\N	f	 	8	\N
22783	EXCNZ2pAAlZadHy2	\N	\N	f	 	8	\N
22784	EXCNZ2pAAlZadCi6	\N	\N	f	 	8	\N
22785	EXCNZ2pAAlZac-i8	\N	\N	f	 	8	\N
22786	EXCNZ2pAAlZac7iD	\N	\N	f	 	8	\N
22787	EXCNZ2pAAlZac2iA	\N	\N	f	 	8	\N
22788	EXCNZ2pAAlZaczCD	\N	\N	f	 	8	\N
22789	EXCNZ2pAAlZacvy9	\N	\N	f	 	8	\N
22790	EXCNZ2pAAlZacqSE	\N	\N	f	 	8	\N
22791	EXCNZ2pAAlZacnyB	\N	\N	f	 	8	\N
22792	EXCNZ2pAAlZaciyE	\N	\N	f	 	8	\N
22793	EXCNZ2pAAlZaceS3	\N	\N	f	 	8	\N
22794	EXCNZ2pAAlZacay0	\N	\N	f	 	8	\N
22795	EXCNZ2pAAlZacWy3	\N	\N	f	 	8	\N
22796	EXCNZ2pAAlZacTy6	\N	\N	f	 	8	\N
22797	EXCNZ2pAAlZacOy5	\N	\N	f	 	8	\N
22798	EXCNZ2pAAlZacLC3	\N	\N	f	 	8	\N
22799	EXCNZ2pAAlZacHC0	\N	\N	f	 	8	\N
22800	EXCNZ2pAAlZacCS4	\N	\N	f	 	8	\N
22801	EXCNZ2pAAlZab-SC	\N	\N	f	 	8	\N
22802	EXCNZ2pAAlZab7iA	\N	\N	f	 	8	\N
22803	EXCNZ2pAAlZab2yC	\N	\N	f	 	8	\N
22804	EXCNZ2pAAlZabzSB	\N	\N	f	 	8	\N
22805	EXCNZ2pAAlZabuyA	\N	\N	f	 	8	\N
22806	EXCNZ2pAAlZabriE	\N	\N	f	 	8	\N
22807	EXCNZ2pAAlZaXPyA	\N	\N	f	 	8	\N
22808	EXCNZ2pAAlZaXLiA	\N	\N	f	 	8	\N
22809	EXCNZ2pAAlZaXHCB	\N	\N	f	 	8	\N
22810	EXCNZ2pAAlZaXCSF	\N	\N	f	 	8	\N
22811	EXCNZ2pAAlZaW-S1	\N	\N	f	 	8	\N
22812	EXCNZ2pAAlZaW7C5	\N	\N	f	 	8	\N
22813	EXCNZ2pAAlZaW2i0	\N	\N	f	 	8	\N
22814	EXCNZ2pAAlZaWzC7	\N	\N	f	 	8	\N
22815	EXCNZ2pAAlZaWvS1	\N	\N	f	 	8	\N
22816	EXCNZ2pAAlZaWqy6	\N	\N	f	 	8	\N
22817	EXCNZ2pAAlZaWnC2	\N	\N	f	 	8	\N
22818	EXCNZ2pAAlZaWjy0	\N	\N	f	 	8	\N
22819	EXCNZ2pAAlZaWeiA	\N	\N	f	 	8	\N
22820	EXCNZ2pAAlZaWbyE	\N	\N	f	 	8	\N
22821	EXCNZ2pAAlZaWWSB	\N	\N	f	 	8	\N
22822	EXCNZ2pAAlZaWSy8	\N	\N	f	 	8	\N
22823	EXCNZ2pAAlZaWOSD	\N	\N	f	 	8	\N
22824	EXCNZ2pAAlZaWLiB	\N	\N	f	 	8	\N
22825	EXCNZ2pAAlZaWHy9	\N	\N	f	 	8	\N
22826	EXCNZ2pAAlZaWCSE	\N	\N	f	 	8	\N
22827	EXCNZ2pAAlZaV-S2	\N	\N	f	 	8	\N
22828	EXCNZ2pAAlZaV6i0	\N	\N	f	 	8	\N
22829	EXCNZ2pAAlZaV3S4	\N	\N	f	 	8	\N
22830	EXCNZ2pAAlZaVzS5	\N	\N	f	 	8	\N
22831	EXCNZ2pAAlZaVuy4	\N	\N	f	 	8	\N
22832	EXCNZ2pAAlZaVrS3	\N	\N	f	 	8	\N
22833	EXCNZ2pAAlZaVmy6	\N	\N	f	 	8	\N
22834	EXCNZ2pAAlZaVjS1	\N	\N	f	 	8	\N
22835	EXCNZ2pAAlZaVfSE	\N	\N	f	 	8	\N
22836	EXCNZ2pAAlZaVbyD	\N	\N	f	 	8	\N
22837	EXCNZ2pAAlZaVWS8	\N	\N	f	 	8	\N
22838	EXCNZ2pAAlZaVSiA	\N	\N	f	 	8	\N
22839	EXCNZ2pAAlZaVPy8	\N	\N	f	 	8	\N
22840	EXCNZ2pAAlZaVLi8	\N	\N	f	 	8	\N
22841	EXCNZ2pAAlZaVHyA	\N	\N	f	 	8	\N
22842	EXCNZ2pAAlZaVDC8	\N	\N	f	 	8	\N
22843	EXCNZ2pAAlZaU-y1	\N	\N	f	 	8	\N
22844	EXCNZ2pAAlZaU7y4	\N	\N	f	 	8	\N
22845	EXCNZ2pAAlZaZTT0	\N	\N	f	 	8	\N
22846	EXCNZ2pAAlZaZPT7	\N	\N	f	 	8	\N
22847	EXCNZ2pAAlZaZKj1	\N	\N	f	 	8	\N
22848	EXCNZ2pAAlZaU3i6	\N	\N	f	 	8	\N
22849	EXCNZ2pAAlZaUzS4	\N	\N	f	 	8	\N
22850	EXCNZ2pAAlZaUuS7	\N	\N	f	 	8	\N
22851	EXCNZ2pAAlZaUqy4	\N	\N	f	 	8	\N
22852	EXCNZ2pAAlZaUnS1	\N	\N	f	 	8	\N
22853	EXCNZ2pAAlZaUji3	\N	\N	f	 	8	\N
22854	EXCNZ2pAAlZaUfiC	\N	\N	f	 	8	\N
22855	EXCNZ2pAAlZaUbCF	\N	\N	f	 	8	\N
22856	EXCNZ2pAAlZaUXSD	\N	\N	f	 	8	\N
22857	EXCNZ2pAAlZaUSyA	\N	\N	f	 	8	\N
22858	EXCNZ2pAAlZaUPCA	\N	\N	f	 	8	\N
22859	EXCNZ2pAAlZaUKiD	\N	\N	f	 	8	\N
22860	EXCNZ2pAAlZaUHS9	\N	\N	f	 	8	\N
22861	EXCNZ2pAAlZaUDyA	\N	\N	f	 	8	\N
22862	EXCNZ2pAAlZaT_C1	\N	\N	f	 	8	\N
22863	EXCNZ2pAAlZaT7C0	\N	\N	f	 	8	\N
22864	EXCNZ2pAAlZaT2i5	\N	\N	f	 	8	\N
22865	EXCNZ2pAAlZaTyi4	\N	\N	f	 	8	\N
22866	EXCNZ2pAAlZaTuS0	\N	\N	f	 	8	\N
22867	EXCNZ2pAAlZaTry7	\N	\N	f	 	8	\N
22868	EXCNZ2pAAlZaTmy0	\N	\N	f	 	8	\N
22869	EXCNZ2pAAlZaTii0	\N	\N	f	 	8	\N
22870	EXCNZ2pAAlZaTfyA	\N	\N	f	 	8	\N
22871	EXCNZ2pAAlZaTayF	\N	\N	f	 	8	\N
22872	EXCNZ2pAAlZaTWyC	\N	\N	f	 	8	\N
22873	EXCNZ2pAAlZaTTSB	\N	\N	f	 	8	\N
22874	EXCNZ2pAAlZaTPiF	\N	\N	f	 	8	\N
22875	EXCNZ2pAAlZaTLiE	\N	\N	f	 	8	\N
22876	EXCNZ2pAAlZaTGSA	\N	\N	f	 	8	\N
22877	EXCNZ2pAAlZaTCy9	\N	\N	f	 	8	\N
22878	EXCNZ2pAAlZaS-i6	\N	\N	f	 	8	\N
22879	EXCNZ2pAAlZaS6i7	\N	\N	f	 	8	\N
22880	EXCNZ2pAAlZaS2i4	\N	\N	f	 	8	\N
22881	EXCNZ2pAAlZaSzC3	\N	\N	f	 	8	\N
22882	EXCNZ2pAAlZaSvi6	\N	\N	f	 	8	\N
22883	EXCNZ2pAAlZaSqi3	\N	\N	f	 	8	\N
22884	EXCNZ2pAAlZaSmS3	\N	\N	f	 	8	\N
22885	EXCNZ2pAAlZaSiy0	\N	\N	f	 	8	\N
22886	EXCNZ2pAAlZaSfiA	\N	\N	f	 	8	\N
22887	EXCNZ2pAAlZaSbS8	\N	\N	f	 	8	\N
22888	EXCNZ2pAAlZaSWiC	\N	\N	f	 	8	\N
22889	EXCNZ2pAAlZaSSSE	\N	\N	f	 	8	\N
22890	EXCNZ2pAAlZaSPCC	\N	\N	f	 	8	\N
22891	EXCNZ2pAAlZaSKiB	\N	\N	f	 	8	\N
22892	EXCNZ2pAAlZaSHiC	\N	\N	f	 	8	\N
22893	EXCNZ2pAAlZaSCi9	\N	\N	f	 	8	\N
22894	EXCNZ2pAAlZaR-y4	\N	\N	f	 	8	\N
22895	EXCNZ2pAAlZaR6y5	\N	\N	f	 	8	\N
22896	EXCNZ2pAAlZaR3S0	\N	\N	f	 	8	\N
22897	EXCNZ2pAAlZaRzS1	\N	\N	f	 	8	\N
22898	EXCNZ2pAAlZaRui1	\N	\N	f	 	8	\N
22899	EXCNZ2pAAlZaRrC6	\N	\N	f	 	8	\N
22900	EXCNZ2pAAlZaRmS0	\N	\N	f	 	8	\N
22901	EXCNZ2pAAlZaRjy7	\N	\N	f	 	8	\N
22902	EXCNZ2pAAlZaRfy8	\N	\N	f	 	8	\N
22903	EXCNZ2pAAlZaRbi8	\N	\N	f	 	8	\N
22904	EXCNZ2pAAlZaRXiB	\N	\N	f	 	8	\N
22905	EXCNZ2pAAlZaRSyF	\N	\N	f	 	8	\N
22906	EXCNZ2pAAlZaRPCF	\N	\N	f	 	8	\N
22907	EXCNZ2pAAlZaRKy9	\N	\N	f	 	8	\N
22908	EXCNZ2pAAlZaRHSC	\N	\N	f	 	8	\N
22909	EXCNZ2pAAlZaRDiE	\N	\N	f	 	8	\N
22910	EXCNZ2pAAlZaQ_i0	\N	\N	f	 	8	\N
22911	EXCNZ2pAAlZaQ6S6	\N	\N	f	 	8	\N
22912	EXCNZ2pAAlZaQ3y3	\N	\N	f	 	8	\N
22913	EXCNZ2pAAlZaQzS0	\N	\N	f	 	8	\N
22914	EXCNZ2pAAlZaQvS7	\N	\N	f	 	8	\N
22915	EXCNZ2pAAlZaQqi1	\N	\N	f	 	8	\N
22916	EXCNZ2pAAlZaQnS5	\N	\N	f	 	8	\N
22917	EXCNZ2pAAlZaQii3	\N	\N	f	 	8	\N
22918	EXCNZ2pAAlZaQfSB	\N	\N	f	 	8	\N
22919	EXCNZ2pAAlZaQaSE	\N	\N	f	 	8	\N
22920	EXCNZ2pAAlZaQWSD	\N	\N	f	 	8	\N
22921	EXCNZ2pAAlZaQTyA	\N	\N	f	 	8	\N
22922	EXCNZ2pAAlZaQPyD	\N	\N	f	 	8	\N
22923	EXCNZ2pAAlZaQKSA	\N	\N	f	 	8	\N
22924	EXCNZ2pAAlZaQHCC	\N	\N	f	 	8	\N
22925	EXCNZ2pAAlZaQDiF	\N	\N	f	 	8	\N
22926	EXCNZ2pAAlZaf-RB	\N	\N	f	 	8	\N
22927	EXCNZ2pAAlZaf7xC	\N	\N	f	 	8	\N
22928	EXCNZ2pAAlZaf3RD	\N	\N	f	 	8	\N
22929	EXCNZ2pAAlZafyhB	\N	\N	f	 	8	\N
22930	EXCNZ2pAAlZafuxD	\N	\N	f	 	8	\N
22931	EXCNZ2pAAlZafqhD	\N	\N	f	 	8	\N
22932	EXCNZ2pAAlZafmhE	\N	\N	f	 	8	\N
22933	EXCNZ2pAAlZafjhB	\N	\N	f	 	8	\N
22934	EXCNZ2pAAlZaffx5	\N	\N	f	 	8	\N
22935	EXCNZ2pAAlZafaR2	\N	\N	f	 	8	\N
22936	EXCNZ2pAAlZafWR1	\N	\N	f	 	8	\N
22937	EXCNZ2pAAlZafSx2	\N	\N	f	 	8	\N
22938	EXCNZ2pAAlZafOh4	\N	\N	f	 	8	\N
22939	EXCNZ2pAAlZafKR6	\N	\N	f	 	8	\N
22940	EXCNZ2pAAlZafHB0	\N	\N	f	 	8	\N
22941	EXCNZ2pAAlZafDR0	\N	\N	f	 	8	\N
22942	EXCNZ2pAAlZae-RA	\N	\N	f	 	8	\N
22943	EXCNZ2pAAlZae6h8	\N	\N	f	 	8	\N
22944	EXCNZ2pAAlZae3RC	\N	\N	f	 	8	\N
22945	EXCNZ2pAAlZaezhE	\N	\N	f	 	8	\N
22946	EXCNZ2pAAlZaeuxC	\N	\N	f	 	8	\N
22947	EXCNZ2pAAlZaerBA	\N	\N	f	 	8	\N
22948	EXCNZ2pAAlZaemRC	\N	\N	f	 	8	\N
22949	EXCNZ2pAAlZaejR9	\N	\N	f	 	8	\N
22950	EXCNZ2pAAlZaefB7	\N	\N	f	 	8	\N
22951	EXCNZ2pAAlZaebB6	\N	\N	f	 	8	\N
22952	EXCNZ2pAAlZaeXR4	\N	\N	f	 	8	\N
22953	EXCNZ2pAAlZaeSx3	\N	\N	f	 	8	\N
22954	EXCNZ2pAAlZaeOh5	\N	\N	f	 	8	\N
22955	EXCNZ2pAAlZaeLB2	\N	\N	f	 	8	\N
22956	EXCNZ2pAAlZaeGR4	\N	\N	f	 	8	\N
22957	EXCNZ2pAAlZaeDB0	\N	\N	f	 	8	\N
22958	EXCNZ2pAAlZad_xF	\N	\N	f	 	8	\N
22959	EXCNZ2pAAlZad6hB	\N	\N	f	 	8	\N
22960	EXCNZ2pAAlZad2RB	\N	\N	f	 	8	\N
22961	EXCNZ2pAAlZadzhD	\N	\N	f	 	8	\N
22962	EXCNZ2pAAlZadvB8	\N	\N	f	 	8	\N
22963	EXCNZ2pAAlZadrhB	\N	\N	f	 	8	\N
22964	EXCNZ2pAAlZadmxD	\N	\N	f	 	8	\N
22965	EXCNZ2pAAlZadiRE	\N	\N	f	 	8	\N
22966	EXCNZ2pAAlZadfR5	\N	\N	f	 	8	\N
22967	EXCNZ2pAAlZadbB5	\N	\N	f	 	8	\N
22968	EXCNZ2pAAlZadXh4	\N	\N	f	 	8	\N
22969	EXCNZ2pAAlZadSh1	\N	\N	f	 	8	\N
22970	EXCNZ2pAAlZadPh2	\N	\N	f	 	8	\N
22971	EXCNZ2pAAlZadLR0	\N	\N	f	 	8	\N
22972	EXCNZ2pAAlZadHh0	\N	\N	f	 	8	\N
22973	EXCNZ2pAAlZadDh1	\N	\N	f	 	8	\N
22974	EXCNZ2pAAlZac_RC	\N	\N	f	 	8	\N
22975	EXCNZ2pAAlZac7xF	\N	\N	f	 	8	\N
22976	EXCNZ2pAAlZac3xC	\N	\N	f	 	8	\N
22977	EXCNZ2pAAlZacyh8	\N	\N	f	 	8	\N
22978	EXCNZ2pAAlZacuxE	\N	\N	f	 	8	\N
22979	EXCNZ2pAAlZacqhE	\N	\N	f	 	8	\N
22980	EXCNZ2pAAlZacmhD	\N	\N	f	 	8	\N
22981	EXCNZ2pAAlZaciRF	\N	\N	f	 	8	\N
22982	EXCNZ2pAAlZacfR4	\N	\N	f	 	8	\N
22983	EXCNZ2pAAlZacax3	\N	\N	f	 	8	\N
22984	EXCNZ2pAAlZacXh5	\N	\N	f	 	8	\N
22985	EXCNZ2pAAlZacTh4	\N	\N	f	 	8	\N
22986	EXCNZ2pAAlZacPR0	\N	\N	f	 	8	\N
22987	EXCNZ2pAAlZacLB0	\N	\N	f	 	8	\N
22988	EXCNZ2pAAlZacHh1	\N	\N	f	 	8	\N
22989	EXCNZ2pAAlZacCR7	\N	\N	f	 	8	\N
22990	EXCNZ2pAAlZab_BA	\N	\N	f	 	8	\N
22991	EXCNZ2pAAlZab7h9	\N	\N	f	 	8	\N
22992	EXCNZ2pAAlZab2hE	\N	\N	f	 	8	\N
22993	EXCNZ2pAAlZabzB9	\N	\N	f	 	8	\N
22994	EXCNZ2pAAlZabvBE	\N	\N	f	 	8	\N
20526	EXCNZ2pAAlZZ0LT5	\N	\N	f	 	3	\N
20527	EXCNZ2pAAlZZ0Gj1	\N	\N	f	 	3	\N
20528	EXCNZ2pAAlZZ0Dz5	\N	\N	f	 	3	\N
20529	EXCNZ2pAAlZZz_TF	\N	\N	f	 	3	\N
20530	EXCNZ2pAAlZZz6j9	\N	\N	f	 	3	\N
20531	EXCNZ2pAAlZZz3zF	\N	\N	f	 	3	\N
20532	EXCNZ2pAAlZZzyjB	\N	\N	f	 	3	\N
20533	EXCNZ2pAAlZZzujC	\N	\N	f	 	3	\N
20534	EXCNZ2pAAlZZzrj9	\N	\N	f	 	3	\N
20535	EXCNZ2pAAlZZznjA	\N	\N	f	 	3	\N
20536	EXCNZ2pAAlZZzjzA	\N	\N	f	 	3	\N
20537	EXCNZ2pAAlZZzez1	\N	\N	f	 	3	\N
20538	EXCNZ2pAAlZZzbD7	\N	\N	f	 	3	\N
20539	EXCNZ2pAAlZZzXj6	\N	\N	f	 	3	\N
20540	EXCNZ2pAAlZZzTT4	\N	\N	f	 	3	\N
20541	EXCNZ2pAAlZZzPT3	\N	\N	f	 	3	\N
20542	EXCNZ2pAAlZZzLD3	\N	\N	f	 	3	\N
20543	EXCNZ2pAAlZZzHD0	\N	\N	f	 	3	\N
20544	EXCNZ2pAAlZZzCT4	\N	\N	f	 	3	\N
20545	EXCNZ2pAAlZZy-z8	\N	\N	f	 	3	\N
20546	EXCNZ2pAAlZZy6j8	\N	\N	f	 	3	\N
20547	EXCNZ2pAAlZZy3jF	\N	\N	f	 	3	\N
20548	EXCNZ2pAAlZZyyjA	\N	\N	f	 	3	\N
20549	EXCNZ2pAAlZZyvTA	\N	\N	f	 	3	\N
20550	EXCNZ2pAAlZZyrDA	\N	\N	f	 	3	\N
20551	EXCNZ2pAAlZZynD9	\N	\N	f	 	3	\N
20552	EXCNZ2pAAlZZyjjA	\N	\N	f	 	3	\N
20553	EXCNZ2pAAlZZyeT2	\N	\N	f	 	3	\N
20554	EXCNZ2pAAlZZybT7	\N	\N	f	 	3	\N
20555	EXCNZ2pAAlZZyWz2	\N	\N	f	 	3	\N
20556	EXCNZ2pAAlZZySz3	\N	\N	f	 	3	\N
20557	EXCNZ2pAAlZZyPD3	\N	\N	f	 	3	\N
20558	EXCNZ2pAAlZZyLj0	\N	\N	f	 	3	\N
20559	EXCNZ2pAAlZZyGz6	\N	\N	f	 	3	\N
20560	EXCNZ2pAAlZZyDj2	\N	\N	f	 	3	\N
20561	EXCNZ2pAAlZZx-jA	\N	\N	f	 	3	\N
20562	EXCNZ2pAAlZZx7jF	\N	\N	f	 	3	\N
20563	EXCNZ2pAAlZZx2z9	\N	\N	f	 	3	\N
20564	EXCNZ2pAAlZZxzzC	\N	\N	f	 	3	\N
20565	EXCNZ2pAAlZZxvjA	\N	\N	f	 	3	\N
20566	EXCNZ2pAAlZZxqTC	\N	\N	f	 	3	\N
20567	EXCNZ2pAAlZZxnDA	\N	\N	f	 	3	\N
20568	EXCNZ2pAAlZZxjj9	\N	\N	f	 	3	\N
20569	EXCNZ2pAAlZZxfz7	\N	\N	f	 	3	\N
20570	EXCNZ2pAAlZZxaT0	\N	\N	f	 	3	\N
20571	EXCNZ2pAAlZZxWT3	\N	\N	f	 	3	\N
20572	EXCNZ2pAAlZZxTT6	\N	\N	f	 	3	\N
20573	EXCNZ2pAAlZZxOz7	\N	\N	f	 	3	\N
22995	EXCNZ2pAAlZabqRA	\N	\N	f	 	8	\N
22996	EXCNZ2pAAlZabmhA	\N	\N	f	 	8	\N
22997	EXCNZ2pAAlZabjhF	\N	\N	f	 	8	\N
22998	EXCNZ2pAAlZabeR7	\N	\N	f	 	8	\N
22999	EXCNZ2pAAlZabah5	\N	\N	f	 	8	\N
23000	EXCNZ2pAAlZabXB0	\N	\N	f	 	8	\N
23001	EXCNZ2pAAlZabTR0	\N	\N	f	 	8	\N
23002	EXCNZ2pAAlZabPx5	\N	\N	f	 	8	\N
23003	EXCNZ2pAAlZabLx4	\N	\N	f	 	8	\N
23004	EXCNZ2pAAlZabGh2	\N	\N	f	 	8	\N
23005	EXCNZ2pAAlZabDx6	\N	\N	f	 	8	\N
23006	EXCNZ2pAAlZaa-xC	\N	\N	f	 	8	\N
23007	EXCNZ2pAAlZaa7x9	\N	\N	f	 	8	\N
23008	EXCNZ2pAAlZaa3hB	\N	\N	f	 	8	\N
23009	EXCNZ2pAAlZaazhA	\N	\N	f	 	8	\N
23010	EXCNZ2pAAlZaavhD	\N	\N	f	 	8	\N
23011	EXCNZ2pAAlZaarBE	\N	\N	f	 	8	\N
23012	EXCNZ2pAAlZaanBD	\N	\N	f	 	8	\N
23013	EXCNZ2pAAlZaaixB	\N	\N	f	 	8	\N
23014	EXCNZ2pAAlZaafB3	\N	\N	f	 	8	\N
23015	EXCNZ2pAAlZaaah4	\N	\N	f	 	8	\N
23016	EXCNZ2pAAlZaaXR0	\N	\N	f	 	8	\N
23017	EXCNZ2pAAlZaaTR1	\N	\N	f	 	8	\N
23018	EXCNZ2pAAlZaaPx4	\N	\N	f	 	8	\N
23019	EXCNZ2pAAlZaaLB6	\N	\N	f	 	8	\N
23020	EXCNZ2pAAlZaaHR4	\N	\N	f	 	8	\N
23021	EXCNZ2pAAlZaaCR1	\N	\N	f	 	8	\N
23022	EXCNZ2pAAlZaZ-xF	\N	\N	f	 	8	\N
23023	EXCNZ2pAAlZaZ7R8	\N	\N	f	 	8	\N
23024	EXCNZ2pAAlZaZ2xD	\N	\N	f	 	8	\N
23025	EXCNZ2pAAlZaZyxC	\N	\N	f	 	8	\N
23026	EXCNZ2pAAlZaWORE	\N	\N	f	 	8	\N
23027	EXCNZ2pAAlZaWKhC	\N	\N	f	 	8	\N
23028	EXCNZ2pAAlZaWHB9	\N	\N	f	 	8	\N
23029	EXCNZ2pAAlZaWDxB	\N	\N	f	 	8	\N
23030	EXCNZ2pAAlZaV-R1	\N	\N	f	 	8	\N
23031	EXCNZ2pAAlZaV6x2	\N	\N	f	 	8	\N
23032	EXCNZ2pAAlZaV3x5	\N	\N	f	 	8	\N
23033	EXCNZ2pAAlZaVyR2	\N	\N	f	 	8	\N
23034	EXCNZ2pAAlZaVuh6	\N	\N	f	 	8	\N
23035	EXCNZ2pAAlZaVqR4	\N	\N	f	 	8	\N
23036	EXCNZ2pAAlZaVnh0	\N	\N	f	 	8	\N
23037	EXCNZ2pAAlZaVjh1	\N	\N	f	 	8	\N
23038	EXCNZ2pAAlZaVexB	\N	\N	f	 	8	\N
23039	EXCNZ2pAAlZaVbBD	\N	\N	f	 	8	\N
23040	EXCNZ2pAAlZaVXRF	\N	\N	f	 	8	\N
23041	EXCNZ2pAAlZaVThD	\N	\N	f	 	8	\N
23042	EXCNZ2pAAlZaVOhE	\N	\N	f	 	8	\N
23043	EXCNZ2pAAlZaVKxE	\N	\N	f	 	8	\N
23044	EXCNZ2pAAlZaVGxD	\N	\N	f	 	8	\N
23045	EXCNZ2pAAlZaVDRA	\N	\N	f	 	8	\N
23046	EXCNZ2pAAlZaU_h7	\N	\N	f	 	8	\N
23047	EXCNZ2pAAlZaU7B4	\N	\N	f	 	8	\N
23048	EXCNZ2pAAlZaU3x4	\N	\N	f	 	8	\N
23049	EXCNZ2pAAlZaUzR7	\N	\N	f	 	8	\N
23050	EXCNZ2pAAlZaUvx2	\N	\N	f	 	8	\N
23051	EXCNZ2pAAlZaUrh2	\N	\N	f	 	8	\N
23052	EXCNZ2pAAlZaUmx4	\N	\N	f	 	8	\N
23053	EXCNZ2pAAlZaUjh0	\N	\N	f	 	8	\N
23054	EXCNZ2pAAlZaUfRC	\N	\N	f	 	8	\N
23055	EXCNZ2pAAlZaUaR9	\N	\N	f	 	8	\N
23056	EXCNZ2pAAlZaUXxC	\N	\N	f	 	8	\N
23057	EXCNZ2pAAlZaUTxD	\N	\N	f	 	8	\N
23058	EXCNZ2pAAlZaUPB9	\N	\N	f	 	8	\N
23059	EXCNZ2pAAlZaULxB	\N	\N	f	 	8	\N
23060	EXCNZ2pAAlZaUGRE	\N	\N	f	 	8	\N
23061	EXCNZ2pAAlZaUChC	\N	\N	f	 	8	\N
23062	EXCNZ2pAAlZaT_h0	\N	\N	f	 	8	\N
23063	EXCNZ2pAAlZaT6R6	\N	\N	f	 	8	\N
23064	EXCNZ2pAAlZabnCF	\N	\N	f	 	8	\N
23065	EXCNZ2pAAlZabjiC	\N	\N	f	 	8	\N
23066	EXCNZ2pAAlZabfS0	\N	\N	f	 	8	\N
23067	EXCNZ2pAAlZabbC0	\N	\N	f	 	8	\N
23068	EXCNZ2pAAlZabXi1	\N	\N	f	 	8	\N
23069	EXCNZ2pAAlZabSy5	\N	\N	f	 	8	\N
23070	EXCNZ2pAAlZabPy6	\N	\N	f	 	8	\N
23071	EXCNZ2pAAlZabKS1	\N	\N	f	 	8	\N
23072	EXCNZ2pAAlZabGi1	\N	\N	f	 	8	\N
23073	EXCNZ2pAAlZabDy5	\N	\N	f	 	8	\N
23074	EXCNZ2pAAlZaa-iE	\N	\N	f	 	8	\N
23075	EXCNZ2pAAlZaa6SC	\N	\N	f	 	8	\N
23076	EXCNZ2pAAlZaa2iC	\N	\N	f	 	8	\N
23077	EXCNZ2pAAlZaazSA	\N	\N	f	 	8	\N
23078	EXCNZ2pAAlZaauiA	\N	\N	f	 	8	\N
23079	EXCNZ2pAAlZaarCD	\N	\N	f	 	8	\N
23080	EXCNZ2pAAlZaami8	\N	\N	f	 	8	\N
23081	EXCNZ2pAAlZaajiD	\N	\N	f	 	8	\N
23082	EXCNZ2pAAlZaaey7	\N	\N	f	 	8	\N
23083	EXCNZ2pAAlZaabC1	\N	\N	f	 	8	\N
23084	EXCNZ2pAAlZaaWy5	\N	\N	f	 	8	\N
23085	EXCNZ2pAAlZaaTC3	\N	\N	f	 	8	\N
23086	EXCNZ2pAAlZaaPS5	\N	\N	f	 	8	\N
23087	EXCNZ2pAAlZaaLy6	\N	\N	f	 	8	\N
23088	EXCNZ2pAAlZaaHS7	\N	\N	f	 	8	\N
23089	EXCNZ2pAAlZaaCy0	\N	\N	f	 	8	\N
23090	EXCNZ2pAAlZaZ-SE	\N	\N	f	 	8	\N
23091	EXCNZ2pAAlZaZ6iC	\N	\N	f	 	8	\N
23092	EXCNZ2pAAlZaZ3S8	\N	\N	f	 	8	\N
23093	EXCNZ2pAAlZaZySD	\N	\N	f	 	8	\N
23094	EXCNZ2pAAlZaZui9	\N	\N	f	 	8	\N
23095	EXCNZ2pAAlZaZryD	\N	\N	f	 	8	\N
23096	EXCNZ2pAAlZaZmiB	\N	\N	f	 	8	\N
23097	EXCNZ2pAAlZaZiS9	\N	\N	f	 	8	\N
23098	EXCNZ2pAAlZaZfi1	\N	\N	f	 	8	\N
23099	EXCNZ2pAAlZaZbC2	\N	\N	f	 	8	\N
23100	EXCNZ2pAAlZaZXy2	\N	\N	f	 	8	\N
23101	EXCNZ2pAAlZaZSi6	\N	\N	f	 	8	\N
23102	EXCNZ2pAAlZaZOS2	\N	\N	f	 	8	\N
23103	EXCNZ2pAAlZaZKi0	\N	\N	f	 	8	\N
23104	EXCNZ2pAAlZaZHy6	\N	\N	f	 	8	\N
23105	EXCNZ2pAAlZaZDS5	\N	\N	f	 	8	\N
23106	EXCNZ2pAAlZaY_y9	\N	\N	f	 	8	\N
23107	EXCNZ2pAAlZaY6SE	\N	\N	f	 	8	\N
23108	EXCNZ2pAAlZaY3C8	\N	\N	f	 	8	\N
23109	EXCNZ2pAAlZaYyyE	\N	\N	f	 	8	\N
23110	EXCNZ2pAAlZaYvyD	\N	\N	f	 	8	\N
23111	EXCNZ2pAAlZaYryC	\N	\N	f	 	8	\N
23112	EXCNZ2pAAlZaYmiA	\N	\N	f	 	8	\N
23113	EXCNZ2pAAlZaYiS8	\N	\N	f	 	8	\N
23114	EXCNZ2pAAlZaYey5	\N	\N	f	 	8	\N
23115	EXCNZ2pAAlZaYbi1	\N	\N	f	 	8	\N
23116	EXCNZ2pAAlZaYXi2	\N	\N	f	 	8	\N
23117	EXCNZ2pAAlZaYTi3	\N	\N	f	 	8	\N
23118	EXCNZ2pAAlZaYPy5	\N	\N	f	 	8	\N
23119	EXCNZ2pAAlZaYKi1	\N	\N	f	 	8	\N
23120	EXCNZ2pAAlZaYHi6	\N	\N	f	 	8	\N
23121	EXCNZ2pAAlZaYCy2	\N	\N	f	 	8	\N
23122	EXCNZ2pAAlZaX-y2	\N	\N	f	 	8	\N
23123	EXCNZ2pAAlZaX7S5	\N	\N	f	 	8	\N
23124	EXCNZ2pAAlZaX3y4	\N	\N	f	 	8	\N
23125	EXCNZ2pAAlZaXyi0	\N	\N	f	 	8	\N
23126	EXCNZ2pAAlZaXvC1	\N	\N	f	 	8	\N
23127	EXCNZ2pAAlZaXrS1	\N	\N	f	 	8	\N
23128	EXCNZ2pAAlZaXmi5	\N	\N	f	 	8	\N
23129	EXCNZ2pAAlZaXjy1	\N	\N	f	 	8	\N
23130	EXCNZ2pAAlZaXfCD	\N	\N	f	 	8	\N
23131	EXCNZ2pAAlZaXayB	\N	\N	f	 	8	\N
23132	EXCNZ2pAAlZaXWy8	\N	\N	f	 	8	\N
23133	EXCNZ2pAAlZaXSi8	\N	\N	f	 	8	\N
23134	EXCNZ2pAAlZaT2x7	\N	\N	f	 	8	\N
23135	EXCNZ2pAAlZaTzh3	\N	\N	f	 	8	\N
23136	EXCNZ2pAAlZaTvB6	\N	\N	f	 	8	\N
23137	EXCNZ2pAAlZaTqx0	\N	\N	f	 	8	\N
23138	EXCNZ2pAAlZaTnx7	\N	\N	f	 	8	\N
23139	EXCNZ2pAAlZaTjh7	\N	\N	f	 	8	\N
23140	EXCNZ2pAAlZaTfBA	\N	\N	f	 	8	\N
23141	EXCNZ2pAAlZaTbBB	\N	\N	f	 	8	\N
23142	EXCNZ2pAAlZaTWxF	\N	\N	f	 	8	\N
23143	EXCNZ2pAAlZaTSRC	\N	\N	f	 	8	\N
23144	EXCNZ2pAAlZaTORB	\N	\N	f	 	8	\N
23145	EXCNZ2pAAlZaTLBF	\N	\N	f	 	8	\N
23146	EXCNZ2pAAlZaTHBC	\N	\N	f	 	8	\N
23147	EXCNZ2pAAlZaTCxA	\N	\N	f	 	8	\N
23148	EXCNZ2pAAlZaS-x4	\N	\N	f	 	8	\N
23149	EXCNZ2pAAlZaS7R3	\N	\N	f	 	8	\N
23150	EXCNZ2pAAlZaS2x6	\N	\N	f	 	8	\N
23151	EXCNZ2pAAlZaSyh6	\N	\N	f	 	8	\N
23152	EXCNZ2pAAlZaSuR2	\N	\N	f	 	8	\N
23153	EXCNZ2pAAlZaSqh0	\N	\N	f	 	8	\N
23154	EXCNZ2pAAlZaSnh7	\N	\N	f	 	8	\N
23155	EXCNZ2pAAlZaSix3	\N	\N	f	 	8	\N
23156	EXCNZ2pAAlZaSfRA	\N	\N	f	 	8	\N
23157	EXCNZ2pAAlZaSbBA	\N	\N	f	 	8	\N
23158	EXCNZ2pAAlZaSWhF	\N	\N	f	 	8	\N
23159	EXCNZ2pAAlZaSTR9	\N	\N	f	 	8	\N
23160	EXCNZ2pAAlZaSPxC	\N	\N	f	 	8	\N
23161	EXCNZ2pAAlZaSLBE	\N	\N	f	 	8	\N
23162	EXCNZ2pAAlZaSHxE	\N	\N	f	 	8	\N
23163	EXCNZ2pAAlZaSDRD	\N	\N	f	 	8	\N
23164	EXCNZ2pAAlZaR-R5	\N	\N	f	 	8	\N
23165	EXCNZ2pAAlZaR7R0	\N	\N	f	 	8	\N
23166	EXCNZ2pAAlZaR2R7	\N	\N	f	 	8	\N
23167	EXCNZ2pAAlZaRzh1	\N	\N	f	 	8	\N
23168	EXCNZ2pAAlZaRvB4	\N	\N	f	 	8	\N
23169	EXCNZ2pAAlZaRqh3	\N	\N	f	 	8	\N
23170	EXCNZ2pAAlZaRnR7	\N	\N	f	 	8	\N
23171	EXCNZ2pAAlZaRix0	\N	\N	f	 	8	\N
23172	EXCNZ2pAAlZaRfxB	\N	\N	f	 	8	\N
23173	EXCNZ2pAAlZaRaxE	\N	\N	f	 	8	\N
23174	EXCNZ2pAAlZaRWxD	\N	\N	f	 	8	\N
23175	EXCNZ2pAAlZaRTx8	\N	\N	f	 	8	\N
23176	EXCNZ2pAAlZaROhA	\N	\N	f	 	8	\N
23177	EXCNZ2pAAlZaRLBD	\N	\N	f	 	8	\N
23178	EXCNZ2pAAlZaRHBE	\N	\N	f	 	8	\N
23179	EXCNZ2pAAlZaRCx8	\N	\N	f	 	8	\N
23180	EXCNZ2pAAlZaQ-R4	\N	\N	f	 	8	\N
23181	EXCNZ2pAAlZaQ7x3	\N	\N	f	 	8	\N
23182	EXCNZ2pAAlZaQ2x4	\N	\N	f	 	8	\N
23183	EXCNZ2pAAlZaQzx1	\N	\N	f	 	8	\N
23184	EXCNZ2pAAlZaQvh7	\N	\N	f	 	8	\N
23185	EXCNZ2pAAlZaQrh6	\N	\N	f	 	8	\N
23186	EXCNZ2pAAlZaQnh5	\N	\N	f	 	8	\N
23187	EXCNZ2pAAlZaQjx5	\N	\N	f	 	8	\N
23188	EXCNZ2pAAlZaQfR8	\N	\N	f	 	8	\N
23189	EXCNZ2pAAlZaQbxB	\N	\N	f	 	8	\N
23190	EXCNZ2pAAlZaQWhD	\N	\N	f	 	8	\N
23191	EXCNZ2pAAlZaQTh8	\N	\N	f	 	8	\N
23192	EXCNZ2pAAlZaQPBD	\N	\N	f	 	8	\N
23193	EXCNZ2pAAlZaQLxF	\N	\N	f	 	8	\N
23194	EXCNZ2pAAlZaQHhD	\N	\N	f	 	8	\N
23195	EXCNZ2pAAlZaQCh8	\N	\N	f	 	8	\N
23196	EXCNZ2pAAlZaf_gD	\N	\N	f	 	8	\N
23197	EXCNZ2pAAlZaf7QF	\N	\N	f	 	8	\N
23198	EXCNZ2pAAlZaf3gF	\N	\N	f	 	8	\N
23199	EXCNZ2pAAlZafzQD	\N	\N	f	 	8	\N
23200	EXCNZ2pAAlZafvQA	\N	\N	f	 	8	\N
23201	EXCNZ2pAAlZafqQF	\N	\N	f	 	8	\N
23202	EXCNZ2pAAlZafngB	\N	\N	f	 	8	\N
23203	EXCNZ2pAAlZafiwF	\N	\N	f	 	8	\N
23204	EXCNZ2pAAlZafeQ2	\N	\N	f	 	8	\N
23205	EXCNZ2pAAlZafbA6	\N	\N	f	 	8	\N
23206	EXCNZ2pAAlZafXw6	\N	\N	f	 	8	\N
23207	EXCNZ2pAAlZafTQ5	\N	\N	f	 	8	\N
23208	EXCNZ2pAAlZafPw0	\N	\N	f	 	8	\N
23209	EXCNZ2pAAlZafKg4	\N	\N	f	 	8	\N
23210	EXCNZ2pAAlZafHg3	\N	\N	f	 	8	\N
23211	EXCNZ2pAAlZafDw3	\N	\N	f	 	8	\N
23212	EXCNZ2pAAlZae-g8	\N	\N	f	 	8	\N
23213	EXCNZ2pAAlZae6g9	\N	\N	f	 	8	\N
23214	EXCNZ2pAAlZae2gA	\N	\N	f	 	8	\N
23215	EXCNZ2pAAlZaezAD	\N	\N	f	 	8	\N
23216	EXCNZ2pAAlZaevAA	\N	\N	f	 	8	\N
23217	EXCNZ2pAAlZaerw8	\N	\N	f	 	8	\N
23218	EXCNZ2pAAlZaemgE	\N	\N	f	 	8	\N
23219	EXCNZ2pAAlZaeiQC	\N	\N	f	 	8	\N
23220	EXCNZ2pAAlZaeeg0	\N	\N	f	 	8	\N
23221	EXCNZ2pAAlZaeag1	\N	\N	f	 	8	\N
23222	EXCNZ2pAAlZaeXg6	\N	\N	f	 	8	\N
23223	EXCNZ2pAAlZaeSw2	\N	\N	f	 	8	\N
23224	EXCNZ2pAAlZaeOw5	\N	\N	f	 	8	\N
23225	EXCNZ2pAAlZaeLg1	\N	\N	f	 	8	\N
23226	EXCNZ2pAAlZaeGg6	\N	\N	f	 	8	\N
23227	EXCNZ2pAAlZaeCw6	\N	\N	f	 	8	\N
23228	EXCNZ2pAAlZad_wE	\N	\N	f	 	8	\N
23229	EXCNZ2pAAlZad6Q9	\N	\N	f	 	8	\N
23230	EXCNZ2pAAlZad2w8	\N	\N	f	 	8	\N
23231	EXCNZ2pAAlZadzwD	\N	\N	f	 	8	\N
23232	EXCNZ2pAAlZaduwE	\N	\N	f	 	8	\N
23233	EXCNZ2pAAlZadqgE	\N	\N	f	 	8	\N
23234	EXCNZ2pAAlZadmwC	\N	\N	f	 	8	\N
23235	EXCNZ2pAAlZadjAA	\N	\N	f	 	8	\N
23236	EXCNZ2pAAlZadeQ0	\N	\N	f	 	8	\N
23237	EXCNZ2pAAlZadag2	\N	\N	f	 	8	\N
23238	EXCNZ2pAAlZadXA7	\N	\N	f	 	8	\N
23239	EXCNZ2pAAlZadTA6	\N	\N	f	 	8	\N
23240	EXCNZ2pAAlZadPg3	\N	\N	f	 	8	\N
23241	EXCNZ2pAAlZadKg6	\N	\N	f	 	8	\N
23242	EXCNZ2pAAlZadHw0	\N	\N	f	 	8	\N
23243	EXCNZ2pAAlZadCQ7	\N	\N	f	 	8	\N
23244	EXCNZ2pAAlZac_QD	\N	\N	f	 	8	\N
23245	EXCNZ2pAAlZac6gB	\N	\N	f	 	8	\N
23246	EXCNZ2pAAlZac3wD	\N	\N	f	 	8	\N
23247	EXCNZ2pAAlZacyw8	\N	\N	f	 	8	\N
23248	EXCNZ2pAAlZacvA8	\N	\N	f	 	8	\N
23249	EXCNZ2pAAlZacrQ8	\N	\N	f	 	8	\N
23250	EXCNZ2pAAlZacnQB	\N	\N	f	 	8	\N
23251	EXCNZ2pAAlZacigD	\N	\N	f	 	8	\N
23252	EXCNZ2pAAlZaceQ1	\N	\N	f	 	8	\N
23253	EXCNZ2pAAlZacaQ0	\N	\N	f	 	8	\N
23254	EXCNZ2pAAlZacWg0	\N	\N	f	 	8	\N
23255	EXCNZ2pAAlZacSQ2	\N	\N	f	 	8	\N
23256	EXCNZ2pAAlZacOQ5	\N	\N	f	 	8	\N
23257	EXCNZ2pAAlZacLw2	\N	\N	f	 	8	\N
23258	EXCNZ2pAAlZacGw5	\N	\N	f	 	8	\N
23259	EXCNZ2pAAlZacCQ6	\N	\N	f	 	8	\N
23260	EXCNZ2pAAlZab-wC	\N	\N	f	 	8	\N
23261	EXCNZ2pAAlZab6QF	\N	\N	f	 	8	\N
23262	EXCNZ2pAAlZab3wA	\N	\N	f	 	8	\N
23263	EXCNZ2pAAlZabywF	\N	\N	f	 	8	\N
23264	EXCNZ2pAAlZabvQE	\N	\N	f	 	8	\N
23265	EXCNZ2pAAlZabrgC	\N	\N	f	 	8	\N
23266	EXCNZ2pAAlZabnAD	\N	\N	f	 	8	\N
23267	EXCNZ2pAAlZabjgE	\N	\N	f	 	8	\N
23268	EXCNZ2pAAlZabfA3	\N	\N	f	 	8	\N
23269	EXCNZ2pAAlZabaQ7	\N	\N	f	 	8	\N
23270	EXCNZ2pAAlZabXQ0	\N	\N	f	 	8	\N
23271	EXCNZ2pAAlZabTA0	\N	\N	f	 	8	\N
23272	EXCNZ2pAAlZabPQ6	\N	\N	f	 	8	\N
23273	EXCNZ2pAAlZabLQ7	\N	\N	f	 	8	\N
23274	EXCNZ2pAAlZabHg7	\N	\N	f	 	8	\N
23275	EXCNZ2pAAlZabCg2	\N	\N	f	 	8	\N
23276	EXCNZ2pAAlZaa-gC	\N	\N	f	 	8	\N
23277	EXCNZ2pAAlZaa6wC	\N	\N	f	 	8	\N
23278	EXCNZ2pAAlZaa2QD	\N	\N	f	 	8	\N
23279	EXCNZ2pAAlZaayQC	\N	\N	f	 	8	\N
23280	EXCNZ2pAAlZaauQB	\N	\N	f	 	8	\N
23281	EXCNZ2pAAlZaarAF	\N	\N	f	 	8	\N
23282	EXCNZ2pAAlZaamgA	\N	\N	f	 	8	\N
23283	EXCNZ2pAAlZaajwE	\N	\N	f	 	8	\N
23284	EXCNZ2pAAlZaaew5	\N	\N	f	 	8	\N
23285	EXCNZ2pAAlZaabw0	\N	\N	f	 	8	\N
23286	EXCNZ2pAAlZaaXA0	\N	\N	f	 	8	\N
23287	EXCNZ2pAAlZaaTw2	\N	\N	f	 	8	\N
23288	EXCNZ2pAAlZaaPA6	\N	\N	f	 	8	\N
23289	EXCNZ2pAAlZaaKg1	\N	\N	f	 	8	\N
23290	EXCNZ2pAAlZaaHA4	\N	\N	f	 	8	\N
23291	EXCNZ2pAAlZaaDw6	\N	\N	f	 	8	\N
23292	EXCNZ2pAAlZaZ_gB	\N	\N	f	 	8	\N
23293	EXCNZ2pAAlZaZ7gA	\N	\N	f	 	8	\N
23294	EXCNZ2pAAlZaZ2QE	\N	\N	f	 	8	\N
23295	EXCNZ2pAAlZaZywD	\N	\N	f	 	8	\N
23296	EXCNZ2pAAlZaZvAD	\N	\N	f	 	8	\N
23297	EXCNZ2pAAlZaZrAC	\N	\N	f	 	8	\N
23298	EXCNZ2pAAlZaZnQE	\N	\N	f	 	8	\N
23299	EXCNZ2pAAlZaZiQB	\N	\N	f	 	8	\N
23300	EXCNZ2pAAlZaZeQ4	\N	\N	f	 	8	\N
23301	EXCNZ2pAAlZaZbw3	\N	\N	f	 	8	\N
23302	EXCNZ2pAAlZaZXA3	\N	\N	f	 	8	\N
23303	EXCNZ2pAAlZaZSg4	\N	\N	f	 	8	\N
23304	EXCNZ2pAAlZaZOw2	\N	\N	f	 	8	\N
23305	EXCNZ2pAAlZaZLg6	\N	\N	f	 	8	\N
23306	EXCNZ2pAAlZaZHg5	\N	\N	f	 	8	\N
23307	EXCNZ2pAAlZaZDg4	\N	\N	f	 	8	\N
23308	EXCNZ2pAAlZaY-gE	\N	\N	f	 	8	\N
23309	EXCNZ2pAAlZaY7A9	\N	\N	f	 	8	\N
23310	EXCNZ2pAAlZaY2wD	\N	\N	f	 	8	\N
23311	EXCNZ2pAAlZaYywC	\N	\N	f	 	8	\N
23312	EXCNZ2pAAlZaVbwF	\N	\N	f	 	8	\N
23313	EXCNZ2pAAlZaVXQE	\N	\N	f	 	8	\N
23314	EXCNZ2pAAlZaVTwD	\N	\N	f	 	8	\N
23315	EXCNZ2pAAlZaVOQC	\N	\N	f	 	8	\N
23316	EXCNZ2pAAlZaVKgE	\N	\N	f	 	8	\N
23317	EXCNZ2pAAlZaVHAB	\N	\N	f	 	8	\N
23318	EXCNZ2pAAlZaVCgC	\N	\N	f	 	8	\N
23319	EXCNZ2pAAlZaU_w7	\N	\N	f	 	8	\N
23320	EXCNZ2pAAlZaU6w2	\N	\N	f	 	8	\N
23321	EXCNZ2pAAlZaU2Q3	\N	\N	f	 	8	\N
23322	EXCNZ2pAAlZaUzw4	\N	\N	f	 	8	\N
23323	EXCNZ2pAAlZaUvg2	\N	\N	f	 	8	\N
23324	EXCNZ2pAAlZaUrA1	\N	\N	f	 	8	\N
23325	EXCNZ2pAAlZaUmw5	\N	\N	f	 	8	\N
23326	EXCNZ2pAAlZaUjg1	\N	\N	f	 	8	\N
23327	EXCNZ2pAAlZaUfgE	\N	\N	f	 	8	\N
23328	EXCNZ2pAAlZaUbgF	\N	\N	f	 	8	\N
23329	EXCNZ2pAAlZaUXgC	\N	\N	f	 	8	\N
23330	EXCNZ2pAAlZaUTAF	\N	\N	f	 	8	\N
23331	EXCNZ2pAAlZaUPA8	\N	\N	f	 	8	\N
23332	EXCNZ2pAAlZaUKQC	\N	\N	f	 	8	\N
23333	EXCNZ2pAAlZaUHw9	\N	\N	f	 	8	\N
23334	EXCNZ2pAAlZaUDw8	\N	\N	f	 	8	\N
23335	EXCNZ2pAAlZaT_g1	\N	\N	f	 	8	\N
23336	EXCNZ2pAAlZaT7g0	\N	\N	f	 	8	\N
23337	EXCNZ2pAAlZaT2w6	\N	\N	f	 	8	\N
23338	EXCNZ2pAAlZaTyg6	\N	\N	f	 	8	\N
23339	EXCNZ2pAAlZaTug1	\N	\N	f	 	8	\N
23340	EXCNZ2pAAlZaTrg4	\N	\N	f	 	8	\N
23341	EXCNZ2pAAlZaTnA5	\N	\N	f	 	8	\N
23342	EXCNZ2pAAlZaTiQ1	\N	\N	f	 	8	\N
23343	EXCNZ2pAAlZaTfg9	\N	\N	f	 	8	\N
23344	EXCNZ2pAAlZaTagC	\N	\N	f	 	8	\N
23345	EXCNZ2pAAlZaTWwE	\N	\N	f	 	8	\N
23346	EXCNZ2pAAlZaTSwF	\N	\N	f	 	8	\N
23347	EXCNZ2pAAlZaTPgD	\N	\N	f	 	8	\N
23348	EXCNZ2pAAlZaTKQB	\N	\N	f	 	8	\N
23349	EXCNZ2pAAlZaTHwE	\N	\N	f	 	8	\N
23350	EXCNZ2pAAlZaZvBC	\N	\N	f	 	8	\N
23351	EXCNZ2pAAlZaZrhF	\N	\N	f	 	8	\N
23352	EXCNZ2pAAlZaZmx9	\N	\N	f	 	8	\N
23353	EXCNZ2pAAlZaZiRA	\N	\N	f	 	8	\N
23354	EXCNZ2pAAlZaZfx3	\N	\N	f	 	8	\N
23355	EXCNZ2pAAlZaZah7	\N	\N	f	 	8	\N
23356	EXCNZ2pAAlZaZXh0	\N	\N	f	 	8	\N
23357	EXCNZ2pAAlZaZSR6	\N	\N	f	 	8	\N
23358	EXCNZ2pAAlZaZPB4	\N	\N	f	 	8	\N
23359	EXCNZ2pAAlZaZKR0	\N	\N	f	 	8	\N
23360	EXCNZ2pAAlZaZHB6	\N	\N	f	 	8	\N
23361	EXCNZ2pAAlZaZCh1	\N	\N	f	 	8	\N
23362	EXCNZ2pAAlZaY-hF	\N	\N	f	 	8	\N
23363	EXCNZ2pAAlZaY7B8	\N	\N	f	 	8	\N
23364	EXCNZ2pAAlZaY2RE	\N	\N	f	 	8	\N
23365	EXCNZ2pAAlZaYyxD	\N	\N	f	 	8	\N
23366	EXCNZ2pAAlZaYvhF	\N	\N	f	 	8	\N
23367	EXCNZ2pAAlZaYqxB	\N	\N	f	 	8	\N
23368	EXCNZ2pAAlZaYmh9	\N	\N	f	 	8	\N
23369	EXCNZ2pAAlZaYjBE	\N	\N	f	 	8	\N
23370	EXCNZ2pAAlZaYfB1	\N	\N	f	 	8	\N
23371	EXCNZ2pAAlZaYah6	\N	\N	f	 	8	\N
23372	EXCNZ2pAAlZaYXx0	\N	\N	f	 	8	\N
23373	EXCNZ2pAAlZaYTh0	\N	\N	f	 	8	\N
23374	EXCNZ2pAAlZaYPx6	\N	\N	f	 	8	\N
23375	EXCNZ2pAAlZaYLx7	\N	\N	f	 	8	\N
23376	EXCNZ2pAAlZaYGh1	\N	\N	f	 	8	\N
23377	EXCNZ2pAAlZaYDB6	\N	\N	f	 	8	\N
23378	EXCNZ2pAAlZaX_h4	\N	\N	f	 	8	\N
23379	EXCNZ2pAAlZaX7B7	\N	\N	f	 	8	\N
23380	EXCNZ2pAAlZaX2x3	\N	\N	f	 	8	\N
23381	EXCNZ2pAAlZaXyh3	\N	\N	f	 	8	\N
23382	EXCNZ2pAAlZaXvh0	\N	\N	f	 	8	\N
23383	EXCNZ2pAAlZaXrR2	\N	\N	f	 	8	\N
23384	EXCNZ2pAAlZaXnh2	\N	\N	f	 	8	\N
23385	EXCNZ2pAAlZaXix6	\N	\N	f	 	8	\N
23386	EXCNZ2pAAlZaXfRF	\N	\N	f	 	8	\N
23387	EXCNZ2pAAlZaXbBF	\N	\N	f	 	8	\N
23388	EXCNZ2pAAlZaXXxF	\N	\N	f	 	8	\N
23389	EXCNZ2pAAlZaXShB	\N	\N	f	 	8	\N
23390	EXCNZ2pAAlZaXOxD	\N	\N	f	 	8	\N
23391	EXCNZ2pAAlZaXLh9	\N	\N	f	 	8	\N
23392	EXCNZ2pAAlZaXHhA	\N	\N	f	 	8	\N
23393	EXCNZ2pAAlZaXDR8	\N	\N	f	 	8	\N
23394	EXCNZ2pAAlZaW_x4	\N	\N	f	 	8	\N
23395	EXCNZ2pAAlZaW7x5	\N	\N	f	 	8	\N
23396	EXCNZ2pAAlZaW2h3	\N	\N	f	 	8	\N
23397	EXCNZ2pAAlZaWzx7	\N	\N	f	 	8	\N
23398	EXCNZ2pAAlZaWvB3	\N	\N	f	 	8	\N
23399	EXCNZ2pAAlZaWqR7	\N	\N	f	 	8	\N
23400	EXCNZ2pAAlZaWnh3	\N	\N	f	 	8	\N
23401	EXCNZ2pAAlZaWjB0	\N	\N	f	 	8	\N
23402	EXCNZ2pAAlZaWfRE	\N	\N	f	 	8	\N
23403	EXCNZ2pAAlZaWbxD	\N	\N	f	 	8	\N
23404	EXCNZ2pAAlZaWWR8	\N	\N	f	 	8	\N
23405	EXCNZ2pAAlZaWThE	\N	\N	f	 	8	\N
23406	EXCNZ2pAAlZaTCgA	\N	\N	f	 	8	\N
23407	EXCNZ2pAAlZaS_w1	\N	\N	f	 	8	\N
23408	EXCNZ2pAAlZaS6w4	\N	\N	f	 	8	\N
23409	EXCNZ2pAAlZaS3A0	\N	\N	f	 	8	\N
23410	EXCNZ2pAAlZaSzA1	\N	\N	f	 	8	\N
23411	EXCNZ2pAAlZaSvQ7	\N	\N	f	 	8	\N
23412	EXCNZ2pAAlZaSqw0	\N	\N	f	 	8	\N
23413	EXCNZ2pAAlZaSmw3	\N	\N	f	 	8	\N
23414	EXCNZ2pAAlZaSiQ0	\N	\N	f	 	8	\N
23415	EXCNZ2pAAlZaSfw9	\N	\N	f	 	8	\N
23416	EXCNZ2pAAlZaSagD	\N	\N	f	 	8	\N
23417	EXCNZ2pAAlZaSXQ9	\N	\N	f	 	8	\N
23418	EXCNZ2pAAlZaSSQC	\N	\N	f	 	8	\N
23419	EXCNZ2pAAlZaSPQF	\N	\N	f	 	8	\N
23420	EXCNZ2pAAlZaSLwC	\N	\N	f	 	8	\N
23421	EXCNZ2pAAlZaSGgA	\N	\N	f	 	8	\N
23422	EXCNZ2pAAlZaSCwA	\N	\N	f	 	8	\N
23423	EXCNZ2pAAlZaR-g7	\N	\N	f	 	8	\N
23424	EXCNZ2pAAlZaR6g6	\N	\N	f	 	8	\N
23425	EXCNZ2pAAlZaR3g1	\N	\N	f	 	8	\N
23426	EXCNZ2pAAlZaRzA2	\N	\N	f	 	8	\N
23427	EXCNZ2pAAlZaRvQ4	\N	\N	f	 	8	\N
23428	EXCNZ2pAAlZaRrg6	\N	\N	f	 	8	\N
23429	EXCNZ2pAAlZaRng5	\N	\N	f	 	8	\N
23430	EXCNZ2pAAlZaRjQ7	\N	\N	f	 	8	\N
23431	EXCNZ2pAAlZaRfQ8	\N	\N	f	 	8	\N
23432	EXCNZ2pAAlZaRagE	\N	\N	f	 	8	\N
23433	EXCNZ2pAAlZaRXQA	\N	\N	f	 	8	\N
23434	EXCNZ2pAAlZaRTw9	\N	\N	f	 	8	\N
23435	EXCNZ2pAAlZaROgB	\N	\N	f	 	8	\N
23436	EXCNZ2pAAlZaRLAC	\N	\N	f	 	8	\N
23437	EXCNZ2pAAlZaRHwC	\N	\N	f	 	8	\N
23438	EXCNZ2pAAlZaRCg8	\N	\N	f	 	8	\N
23439	EXCNZ2pAAlZaQ-w7	\N	\N	f	 	8	\N
23440	EXCNZ2pAAlZaQ6w6	\N	\N	f	 	8	\N
23441	EXCNZ2pAAlZaQ3Q3	\N	\N	f	 	8	\N
23442	EXCNZ2pAAlZaQyw4	\N	\N	f	 	8	\N
23443	EXCNZ2pAAlZaQvg6	\N	\N	f	 	8	\N
23444	EXCNZ2pAAlZaQqw2	\N	\N	f	 	8	\N
23445	EXCNZ2pAAlZaQnQ7	\N	\N	f	 	8	\N
23446	EXCNZ2pAAlZaQiQ2	\N	\N	f	 	8	\N
23447	EXCNZ2pAAlZaQfgA	\N	\N	f	 	8	\N
23448	EXCNZ2pAAlZaQbA9	\N	\N	f	 	8	\N
23449	EXCNZ2pAAlZaQWQF	\N	\N	f	 	8	\N
23450	EXCNZ2pAAlZaQTw8	\N	\N	f	 	8	\N
23451	EXCNZ2pAAlZaQPwF	\N	\N	f	 	8	\N
23452	EXCNZ2pAAlZaQKwA	\N	\N	f	 	8	\N
23453	EXCNZ2pAAlZaQHQF	\N	\N	f	 	8	\N
23454	EXCNZ2pAAlZaeizD	\N	\N	f	 	8	\N
23455	EXCNZ2pAAlZaeez2	\N	\N	f	 	8	\N
23456	EXCNZ2pAAlZaebT5	\N	\N	f	 	8	\N
23457	EXCNZ2pAAlZaeWj1	\N	\N	f	 	8	\N
23458	EXCNZ2pAAlZaeTj4	\N	\N	f	 	8	\N
23459	EXCNZ2pAAlZaePj3	\N	\N	f	 	8	\N
23460	EXCNZ2pAAlZaeLj2	\N	\N	f	 	8	\N
23461	EXCNZ2pAAlZaeHz0	\N	\N	f	 	8	\N
23462	EXCNZ2pAAlZaeCT7	\N	\N	f	 	8	\N
23463	EXCNZ2pAAlZad_TF	\N	\N	f	 	8	\N
23464	EXCNZ2pAAlZad7TE	\N	\N	f	 	8	\N
23465	EXCNZ2pAAlZad3jE	\N	\N	f	 	8	\N
23466	EXCNZ2pAAlZadzTC	\N	\N	f	 	8	\N
23467	EXCNZ2pAAlZaduzD	\N	\N	f	 	8	\N
23468	EXCNZ2pAAlZadrTA	\N	\N	f	 	8	\N
23469	EXCNZ2pAAlZadnjA	\N	\N	f	 	8	\N
23470	EXCNZ2pAAlZadjzA	\N	\N	f	 	8	\N
23471	EXCNZ2pAAlZadfj4	\N	\N	f	 	8	\N
23472	EXCNZ2pAAlZadbz4	\N	\N	f	 	8	\N
23473	EXCNZ2pAAlZaYugA	\N	\N	f	 	8	\N
23474	EXCNZ2pAAlZaYrQC	\N	\N	f	 	8	\N
23475	EXCNZ2pAAlZaYmg8	\N	\N	f	 	8	\N
23476	EXCNZ2pAAlZaYjgD	\N	\N	f	 	8	\N
23477	EXCNZ2pAAlZaYeg6	\N	\N	f	 	8	\N
23478	EXCNZ2pAAlZaYbA1	\N	\N	f	 	8	\N
23479	EXCNZ2pAAlZaYXA2	\N	\N	f	 	8	\N
23480	EXCNZ2pAAlZaYTA3	\N	\N	f	 	8	\N
23481	EXCNZ2pAAlZaYPA4	\N	\N	f	 	8	\N
23482	EXCNZ2pAAlZaYKw2	\N	\N	f	 	8	\N
23483	EXCNZ2pAAlZaYHg4	\N	\N	f	 	8	\N
23484	EXCNZ2pAAlZaYDg5	\N	\N	f	 	8	\N
23485	EXCNZ2pAAlZaX_A7	\N	\N	f	 	8	\N
23486	EXCNZ2pAAlZaX7w5	\N	\N	f	 	8	\N
23487	EXCNZ2pAAlZaX2g3	\N	\N	f	 	8	\N
23488	EXCNZ2pAAlZaXzA4	\N	\N	f	 	8	\N
23489	EXCNZ2pAAlZaXvA3	\N	\N	f	 	8	\N
16426	EXCNZ2pAAlZV4_g7	2017-12-01	\N	t	 	1	26
16692	EXCNZ2pAAlZV2bT0	\N	\N	f	 	1	\N
21526	EXCNZ2pAAlZaEvT3	\N	\N	f	 	4	\N
21527	EXCNZ2pAAlZaErz0	\N	\N	f	 	4	\N
21528	EXCNZ2pAAlZaEmz7	\N	\N	f	 	4	\N
21529	EXCNZ2pAAlZaEjj3	\N	\N	f	 	4	\N
21530	EXCNZ2pAAlZaEeTB	\N	\N	f	 	4	\N
21531	EXCNZ2pAAlZaEaz8	\N	\N	f	 	4	\N
21532	EXCNZ2pAAlZaEXTD	\N	\N	f	 	4	\N
21533	EXCNZ2pAAlZaETDD	\N	\N	f	 	4	\N
21534	EXCNZ2pAAlZaEOzD	\N	\N	f	 	4	\N
21535	EXCNZ2pAAlZaELDB	\N	\N	f	 	4	\N
21536	EXCNZ2pAAlZaEGjE	\N	\N	f	 	4	\N
21537	EXCNZ2pAAlZaEDT8	\N	\N	f	 	4	\N
21538	EXCNZ2pAAlZaD_T0	\N	\N	f	 	4	\N
21539	EXCNZ2pAAlZaD6z7	\N	\N	f	 	4	\N
21551	EXCNZ2pAAlZY0zE9	\N	\N	f	 	7	\N
16765	EXCNZ2pAAlZVx2jB	\N	\N	f	 	1	\N
17468	EXCNZ2pAAlZV6HB8	\N	\N	f	 	1	\N
17469	EXCNZ2pAAlZV6DB9	\N	\N	f	 	1	\N
17470	EXCNZ2pAAlZV5_x6	\N	\N	f	 	1	\N
17471	EXCNZ2pAAlZV57x7	\N	\N	f	 	1	\N
17472	EXCNZ2pAAlZV53x4	\N	\N	f	 	1	\N
17473	EXCNZ2pAAlZV5yR3	\N	\N	f	 	1	\N
17474	EXCNZ2pAAlZV5vR0	\N	\N	f	 	1	\N
17475	EXCNZ2pAAlZV5rB0	\N	\N	f	 	1	\N
17476	EXCNZ2pAAlZV5mR6	\N	\N	f	 	1	\N
17477	EXCNZ2pAAlZV5jh0	\N	\N	f	 	1	\N
17478	EXCNZ2pAAlZV5ehB	\N	\N	f	 	1	\N
17479	EXCNZ2pAAlZV5bhE	\N	\N	f	 	1	\N
17480	EXCNZ2pAAlZV5WRA	\N	\N	f	 	1	\N
17481	EXCNZ2pAAlZV5ThC	\N	\N	f	 	1	\N
17482	EXCNZ2pAAlZV5PB9	\N	\N	f	 	1	\N
17483	EXCNZ2pAAlZV5LxB	\N	\N	f	 	1	\N
17484	EXCNZ2pAAlZV5Hh9	\N	\N	f	 	1	\N
17485	EXCNZ2pAAlZV5DRB	\N	\N	f	 	1	\N
17486	EXCNZ2pAAlZV4_R5	\N	\N	f	 	1	\N
17487	EXCNZ2pAAlZV47R4	\N	\N	f	 	1	\N
17488	EXCNZ2pAAlZV42x1	\N	\N	f	 	1	\N
17489	EXCNZ2pAAlZV4zR6	\N	\N	f	 	1	\N
17490	EXCNZ2pAAlZV4vB0	\N	\N	f	 	1	\N
17491	EXCNZ2pAAlZV4rx2	\N	\N	f	 	1	\N
17492	EXCNZ2pAAlZV7HA8	\N	\N	f	 	1	\N
17493	EXCNZ2pAAlZV7CQC	\N	\N	f	 	1	\N
17494	EXCNZ2pAAlZV6-Q2	\N	\N	f	 	1	\N
17495	EXCNZ2pAAlZV66g0	\N	\N	f	 	1	\N
17496	EXCNZ2pAAlZV62w2	\N	\N	f	 	1	\N
17497	EXCNZ2pAAlZV6zw7	\N	\N	f	 	1	\N
17498	EXCNZ2pAAlZV6vA3	\N	\N	f	 	1	\N
17499	EXCNZ2pAAlZV6rw1	\N	\N	f	 	1	\N
17500	EXCNZ2pAAlZV6nA1	\N	\N	f	 	1	\N
17501	EXCNZ2pAAlZV6iQ5	\N	\N	f	 	1	\N
17502	EXCNZ2pAAlZV6fgD	\N	\N	f	 	1	\N
22526	EXCNZ2pAAlZadXD4	\N	\N	f	 	8	\N
22527	EXCNZ2pAAlZadTj7	\N	\N	f	 	8	\N
22528	EXCNZ2pAAlZadPD2	\N	\N	f	 	8	\N
22529	EXCNZ2pAAlZadLD3	\N	\N	f	 	8	\N
22530	EXCNZ2pAAlZadGj6	\N	\N	f	 	8	\N
22531	EXCNZ2pAAlZadDz2	\N	\N	f	 	8	\N
22532	EXCNZ2pAAlZac-z8	\N	\N	f	 	8	\N
22533	EXCNZ2pAAlZac6z9	\N	\N	f	 	8	\N
22534	EXCNZ2pAAlZac2zA	\N	\N	f	 	8	\N
22535	EXCNZ2pAAlZaczjE	\N	\N	f	 	8	\N
22536	EXCNZ2pAAlZacuzC	\N	\N	f	 	8	\N
22537	EXCNZ2pAAlZacrTB	\N	\N	f	 	8	\N
22538	EXCNZ2pAAlZacnzA	\N	\N	f	 	8	\N
19527	EXCNZ2pAAlZZueTF	\N	\N	f	 	2	\N
19528	EXCNZ2pAAlZZubTA	\N	\N	f	 	2	\N
19529	EXCNZ2pAAlZZuXjA	\N	\N	f	 	2	\N
19530	EXCNZ2pAAlZZuSjF	\N	\N	f	 	2	\N
19531	EXCNZ2pAAlZZuPTF	\N	\N	f	 	2	\N
19532	EXCNZ2pAAlZZuKTA	\N	\N	f	 	2	\N
19533	EXCNZ2pAAlZZuHTD	\N	\N	f	 	2	\N
19534	EXCNZ2pAAlZZuDjF	\N	\N	f	 	2	\N
19535	EXCNZ2pAAlZZt-z6	\N	\N	f	 	2	\N
19536	EXCNZ2pAAlZZt6j6	\N	\N	f	 	2	\N
19537	EXCNZ2pAAlZZt2T6	\N	\N	f	 	2	\N
19538	EXCNZ2pAAlZZtyT7	\N	\N	f	 	2	\N
19539	EXCNZ2pAAlZZtvD5	\N	\N	f	 	2	\N
19540	EXCNZ2pAAlZZtqj2	\N	\N	f	 	2	\N
19541	EXCNZ2pAAlZZtnz4	\N	\N	f	 	2	\N
19542	EXCNZ2pAAlZZtjD6	\N	\N	f	 	2	\N
19543	EXCNZ2pAAlZZtezE	\N	\N	f	 	2	\N
19544	EXCNZ2pAAlZZtbD8	\N	\N	f	 	2	\N
19545	EXCNZ2pAAlZZtXTA	\N	\N	f	 	2	\N
19546	EXCNZ2pAAlZZtTj8	\N	\N	f	 	2	\N
19547	EXCNZ2pAAlZZtOT8	\N	\N	f	 	2	\N
19548	EXCNZ2pAAlZZtLTD	\N	\N	f	 	2	\N
19549	EXCNZ2pAAlZZtHjD	\N	\N	f	 	2	\N
19550	EXCNZ2pAAlZZtDjC	\N	\N	f	 	2	\N
19551	EXCNZ2pAAlZZs-j6	\N	\N	f	 	2	\N
19552	EXCNZ2pAAlZZs7D1	\N	\N	f	 	2	\N
19553	EXCNZ2pAAlZZs3z1	\N	\N	f	 	2	\N
19554	EXCNZ2pAAlZZszT2	\N	\N	f	 	2	\N
19555	EXCNZ2pAAlZZsvD4	\N	\N	f	 	2	\N
19556	EXCNZ2pAAlZZsrT4	\N	\N	f	 	2	\N
19557	EXCNZ2pAAlZZsmz1	\N	\N	f	 	2	\N
19558	EXCNZ2pAAlZZsiz0	\N	\N	f	 	2	\N
19559	EXCNZ2pAAlZZsfD8	\N	\N	f	 	2	\N
19560	EXCNZ2pAAlZZsbT8	\N	\N	f	 	2	\N
19561	EXCNZ2pAAlZZsWzD	\N	\N	f	 	2	\N
19562	EXCNZ2pAAlZZsTz8	\N	\N	f	 	2	\N
19563	EXCNZ2pAAlZZsOT9	\N	\N	f	 	2	\N
19564	EXCNZ2pAAlZZsLTC	\N	\N	f	 	2	\N
19565	EXCNZ2pAAlZZsGj8	\N	\N	f	 	2	\N
19566	EXCNZ2pAAlZZsDDF	\N	\N	f	 	2	\N
19567	EXCNZ2pAAlZZr_D7	\N	\N	f	 	2	\N
19568	EXCNZ2pAAlZZr6j0	\N	\N	f	 	2	\N
19569	EXCNZ2pAAlZZr3j7	\N	\N	f	 	2	\N
19570	EXCNZ2pAAlZZrzz7	\N	\N	f	 	2	\N
19571	EXCNZ2pAAlZZrvj1	\N	\N	f	 	2	\N
19572	EXCNZ2pAAlZZrrD2	\N	\N	f	 	2	\N
19573	EXCNZ2pAAlZZrmj7	\N	\N	f	 	2	\N
19574	EXCNZ2pAAlZZriz7	\N	\N	f	 	2	\N
19575	EXCNZ2pAAlZZreTA	\N	\N	f	 	2	\N
19576	EXCNZ2pAAlZZrbDE	\N	\N	f	 	2	\N
19577	EXCNZ2pAAlZZrXTC	\N	\N	f	 	2	\N
19578	EXCNZ2pAAlZZrST9	\N	\N	f	 	2	\N
19579	EXCNZ2pAAlZZrPj9	\N	\N	f	 	2	\N
19580	EXCNZ2pAAlZZrLTB	\N	\N	f	 	2	\N
19581	EXCNZ2pAAlZZrGzE	\N	\N	f	 	2	\N
19582	EXCNZ2pAAlZZrDD8	\N	\N	f	 	2	\N
19583	EXCNZ2pAAlZZlez6	\N	\N	f	 	2	\N
19584	EXCNZ2pAAlZZlbT1	\N	\N	f	 	2	\N
19585	EXCNZ2pAAlZZlXT2	\N	\N	f	 	2	\N
19586	EXCNZ2pAAlZZlST7	\N	\N	f	 	2	\N
19587	EXCNZ2pAAlZZlPD5	\N	\N	f	 	2	\N
19588	EXCNZ2pAAlZZlKj2	\N	\N	f	 	2	\N
19589	EXCNZ2pAAlZZlHD7	\N	\N	f	 	2	\N
19590	EXCNZ2pAAlZZlDD6	\N	\N	f	 	2	\N
19591	EXCNZ2pAAlZZk_T9	\N	\N	f	 	2	\N
19592	EXCNZ2pAAlZZk6jF	\N	\N	f	 	2	\N
19593	EXCNZ2pAAlZZk3DA	\N	\N	f	 	2	\N
19594	EXCNZ2pAAlZZkyjD	\N	\N	f	 	2	\N
19595	EXCNZ2pAAlZZkvTD	\N	\N	f	 	2	\N
19596	EXCNZ2pAAlZZkrzE	\N	\N	f	 	2	\N
19597	EXCNZ2pAAlZZkmj8	\N	\N	f	 	2	\N
19598	EXCNZ2pAAlZZkjDF	\N	\N	f	 	2	\N
19599	EXCNZ2pAAlZZkeT5	\N	\N	f	 	2	\N
19600	EXCNZ2pAAlZZkaj7	\N	\N	f	 	2	\N
19601	EXCNZ2pAAlZZkXz1	\N	\N	f	 	2	\N
19602	EXCNZ2pAAlZZkTz0	\N	\N	f	 	2	\N
19603	EXCNZ2pAAlZZkPz7	\N	\N	f	 	2	\N
19604	EXCNZ2pAAlZZkKz2	\N	\N	f	 	2	\N
19605	EXCNZ2pAAlZZkGz1	\N	\N	f	 	2	\N
19606	EXCNZ2pAAlZZkDD7	\N	\N	f	 	2	\N
19607	EXCNZ2pAAlZZj_TE	\N	\N	f	 	2	\N
19608	EXCNZ2pAAlZZj7DE	\N	\N	f	 	2	\N
19609	EXCNZ2pAAlZZj3TC	\N	\N	f	 	2	\N
19610	EXCNZ2pAAlZZjzTD	\N	\N	f	 	2	\N
19611	EXCNZ2pAAlZZjvz8	\N	\N	f	 	2	\N
19612	EXCNZ2pAAlZZjqzD	\N	\N	f	 	2	\N
19613	EXCNZ2pAAlZZjnzA	\N	\N	f	 	2	\N
19614	EXCNZ2pAAlZZjjT9	\N	\N	f	 	2	\N
19615	EXCNZ2pAAlZZjfz4	\N	\N	f	 	2	\N
19616	EXCNZ2pAAlZZjaT3	\N	\N	f	 	2	\N
19617	EXCNZ2pAAlZZjXj7	\N	\N	f	 	2	\N
19618	EXCNZ2pAAlZZjSj2	\N	\N	f	 	2	\N
19619	EXCNZ2pAAlZZjPT2	\N	\N	f	 	2	\N
19620	EXCNZ2pAAlZZjLD2	\N	\N	f	 	2	\N
19621	EXCNZ2pAAlZZjGz6	\N	\N	f	 	2	\N
19622	EXCNZ2pAAlZZjCz7	\N	\N	f	 	2	\N
19623	EXCNZ2pAAlZZi-TB	\N	\N	f	 	2	\N
19624	EXCNZ2pAAlZZi7TE	\N	\N	f	 	2	\N
19625	EXCNZ2pAAlZZi3jE	\N	\N	f	 	2	\N
19626	EXCNZ2pAAlZZizDD	\N	\N	f	 	2	\N
19627	EXCNZ2pAAlZZiuzD	\N	\N	f	 	2	\N
19628	EXCNZ2pAAlZZiqTE	\N	\N	f	 	2	\N
19629	EXCNZ2pAAlZZimjE	\N	\N	f	 	2	\N
19630	EXCNZ2pAAlZZijzA	\N	\N	f	 	2	\N
19631	EXCNZ2pAAlZZifD6	\N	\N	f	 	2	\N
19632	EXCNZ2pAAlZZibj5	\N	\N	f	 	2	\N
19633	EXCNZ2pAAlZZiWz3	\N	\N	f	 	2	\N
19634	EXCNZ2pAAlZZiTj7	\N	\N	f	 	2	\N
19635	EXCNZ2pAAlZZiOj4	\N	\N	f	 	2	\N
19636	EXCNZ2pAAlZZiKz4	\N	\N	f	 	2	\N
19637	EXCNZ2pAAlZZiHj2	\N	\N	f	 	2	\N
19638	EXCNZ2pAAlZZiDj3	\N	\N	f	 	2	\N
19639	EXCNZ2pAAlZZh_TC	\N	\N	f	 	2	\N
19640	EXCNZ2pAAlZZh7jE	\N	\N	f	 	2	\N
19641	EXCNZ2pAAlZZh3zC	\N	\N	f	 	2	\N
19642	EXCNZ2pAAlZZhzTF	\N	\N	f	 	2	\N
19643	EXCNZ2pAAlZZhvD9	\N	\N	f	 	2	\N
19644	EXCNZ2pAAlZZhrD8	\N	\N	f	 	2	\N
19645	EXCNZ2pAAlZZhnz8	\N	\N	f	 	2	\N
19646	EXCNZ2pAAlZZhjTB	\N	\N	f	 	2	\N
19647	EXCNZ2pAAlZZhfj7	\N	\N	f	 	2	\N
19648	EXCNZ2pAAlZZhbz7	\N	\N	f	 	2	\N
19649	EXCNZ2pAAlZZhWz0	\N	\N	f	 	2	\N
19650	EXCNZ2pAAlZZhTz5	\N	\N	f	 	2	\N
19651	EXCNZ2pAAlZZhPj3	\N	\N	f	 	2	\N
19652	EXCNZ2pAAlZZhLT1	\N	\N	f	 	2	\N
19653	EXCNZ2pAAlZZhHj1	\N	\N	f	 	2	\N
19654	EXCNZ2pAAlZZhCj4	\N	\N	f	 	2	\N
19655	EXCNZ2pAAlZZg_zF	\N	\N	f	 	2	\N
19656	EXCNZ2pAAlZZg7jF	\N	\N	f	 	2	\N
19657	EXCNZ2pAAlZZg3jC	\N	\N	f	 	2	\N
19658	EXCNZ2pAAlZZgzDF	\N	\N	f	 	2	\N
19659	EXCNZ2pAAlZZgujE	\N	\N	f	 	2	\N
19660	EXCNZ2pAAlZZgqjF	\N	\N	f	 	2	\N
19661	EXCNZ2pAAlZZgnDA	\N	\N	f	 	2	\N
19662	EXCNZ2pAAlZZgjTA	\N	\N	f	 	2	\N
19663	EXCNZ2pAAlZZgfT5	\N	\N	f	 	2	\N
19664	EXCNZ2pAAlZZgaz2	\N	\N	f	 	2	\N
19665	EXCNZ2pAAlZZgXj4	\N	\N	f	 	2	\N
19666	EXCNZ2pAAlZZgTD7	\N	\N	f	 	2	\N
19667	EXCNZ2pAAlZZgPj2	\N	\N	f	 	2	\N
19668	EXCNZ2pAAlZZgLj3	\N	\N	f	 	2	\N
19669	EXCNZ2pAAlZZgGz5	\N	\N	f	 	2	\N
19670	EXCNZ2pAAlZZgCz4	\N	\N	f	 	2	\N
19671	EXCNZ2pAAlZZv_y1	\N	\N	f	 	2	\N
19672	EXCNZ2pAAlZZv6y4	\N	\N	f	 	2	\N
19673	EXCNZ2pAAlZZv3C0	\N	\N	f	 	2	\N
19674	EXCNZ2pAAlZZvyy6	\N	\N	f	 	2	\N
19675	EXCNZ2pAAlZZvvi4	\N	\N	f	 	2	\N
19676	EXCNZ2pAAlZZvrC7	\N	\N	f	 	2	\N
19677	EXCNZ2pAAlZZvmS1	\N	\N	f	 	2	\N
19678	EXCNZ2pAAlZZvjC5	\N	\N	f	 	2	\N
19679	EXCNZ2pAAlZZvfCA	\N	\N	f	 	2	\N
19680	EXCNZ2pAAlZZvby8	\N	\N	f	 	2	\N
19681	EXCNZ2pAAlZZvXS9	\N	\N	f	 	2	\N
19682	EXCNZ2pAAlZZvSSC	\N	\N	f	 	2	\N
19683	EXCNZ2pAAlZZvPSF	\N	\N	f	 	2	\N
19684	EXCNZ2pAAlZZvKi9	\N	\N	f	 	2	\N
19685	EXCNZ2pAAlZZvGyB	\N	\N	f	 	2	\N
19686	EXCNZ2pAAlZZvCiB	\N	\N	f	 	2	\N
19687	EXCNZ2pAAlZZu_C3	\N	\N	f	 	2	\N
19688	EXCNZ2pAAlZZu6S7	\N	\N	f	 	2	\N
19689	EXCNZ2pAAlZZu3y2	\N	\N	f	 	2	\N
19690	EXCNZ2pAAlZZuzi2	\N	\N	f	 	2	\N
19691	EXCNZ2pAAlZZuui1	\N	\N	f	 	2	\N
19692	EXCNZ2pAAlZZuqS3	\N	\N	f	 	2	\N
19693	EXCNZ2pAAlZZuny6	\N	\N	f	 	2	\N
19694	EXCNZ2pAAlZZuiS1	\N	\N	f	 	2	\N
19695	EXCNZ2pAAlZZufSA	\N	\N	f	 	2	\N
19696	EXCNZ2pAAlZZuaiC	\N	\N	f	 	2	\N
19697	EXCNZ2pAAlZZuWSC	\N	\N	f	 	2	\N
19698	EXCNZ2pAAlZZuSiE	\N	\N	f	 	2	\N
19699	EXCNZ2pAAlZZuOi9	\N	\N	f	 	2	\N
19700	EXCNZ2pAAlZZuKi8	\N	\N	f	 	2	\N
19701	EXCNZ2pAAlZZuHyE	\N	\N	f	 	2	\N
19702	EXCNZ2pAAlZZuDCC	\N	\N	f	 	2	\N
19703	EXCNZ2pAAlZZt-y7	\N	\N	f	 	2	\N
19704	EXCNZ2pAAlZZt7y2	\N	\N	f	 	2	\N
19705	EXCNZ2pAAlZZt3S3	\N	\N	f	 	2	\N
19706	EXCNZ2pAAlZZtzS2	\N	\N	f	 	2	\N
19707	EXCNZ2pAAlZZtvS5	\N	\N	f	 	2	\N
19708	EXCNZ2pAAlZZtrS4	\N	\N	f	 	2	\N
19709	EXCNZ2pAAlZZtni4	\N	\N	f	 	2	\N
19710	EXCNZ2pAAlZZtjC7	\N	\N	f	 	2	\N
19711	EXCNZ2pAAlZZtfyB	\N	\N	f	 	2	\N
19712	EXCNZ2pAAlZZtaSC	\N	\N	f	 	2	\N
19713	EXCNZ2pAAlZZtXSB	\N	\N	f	 	2	\N
19714	EXCNZ2pAAlZZtTSA	\N	\N	f	 	2	\N
19715	EXCNZ2pAAlZZtOyB	\N	\N	f	 	2	\N
19716	EXCNZ2pAAlZZtKS8	\N	\N	f	 	2	\N
19717	EXCNZ2pAAlZZtGy9	\N	\N	f	 	2	\N
19718	EXCNZ2pAAlZZtCy8	\N	\N	f	 	2	\N
19719	EXCNZ2pAAlZZs-y6	\N	\N	f	 	2	\N
19720	EXCNZ2pAAlZZs7C0	\N	\N	f	 	2	\N
19721	EXCNZ2pAAlZZs3C3	\N	\N	f	 	2	\N
19722	EXCNZ2pAAlZZszS3	\N	\N	f	 	2	\N
19723	EXCNZ2pAAlZZsvC5	\N	\N	f	 	2	\N
19724	EXCNZ2pAAlZZsqS1	\N	\N	f	 	2	\N
19725	EXCNZ2pAAlZZsnC7	\N	\N	f	 	2	\N
19726	EXCNZ2pAAlZZsjC6	\N	\N	f	 	2	\N
19727	EXCNZ2pAAlZZsfiB	\N	\N	f	 	2	\N
19728	EXCNZ2pAAlZZsbC8	\N	\N	f	 	2	\N
19729	EXCNZ2pAAlZZsWSE	\N	\N	f	 	2	\N
19730	EXCNZ2pAAlZZsTSB	\N	\N	f	 	2	\N
19731	EXCNZ2pAAlZZsPyE	\N	\N	f	 	2	\N
19732	EXCNZ2pAAlZZsKyB	\N	\N	f	 	2	\N
19733	EXCNZ2pAAlZZsGSA	\N	\N	f	 	2	\N
19734	EXCNZ2pAAlZZsCi8	\N	\N	f	 	2	\N
19735	EXCNZ2pAAlZZr-y1	\N	\N	f	 	2	\N
19736	EXCNZ2pAAlZZr6y0	\N	\N	f	 	2	\N
19737	EXCNZ2pAAlZZr3S5	\N	\N	f	 	2	\N
19738	EXCNZ2pAAlZZryi3	\N	\N	f	 	2	\N
19739	EXCNZ2pAAlZZrvS3	\N	\N	f	 	2	\N
19740	EXCNZ2pAAlZZrrC3	\N	\N	f	 	2	\N
19741	EXCNZ2pAAlZZrmi6	\N	\N	f	 	2	\N
23527	EXCNZ2pAAlZY0uUB	\N	\N	f	 	7	\N
23490	EXCNZ2pAAlZaXrQ3	\N	\N	f	 	8	\N
23491	EXCNZ2pAAlZaXng3	\N	\N	f	 	8	\N
23492	EXCNZ2pAAlZaXjQ1	\N	\N	f	 	8	\N
23493	EXCNZ2pAAlZaXfwC	\N	\N	f	 	8	\N
23494	EXCNZ2pAAlZaXbAE	\N	\N	f	 	8	\N
23495	EXCNZ2pAAlZaXXgF	\N	\N	f	 	8	\N
23496	EXCNZ2pAAlZaXSQ9	\N	\N	f	 	8	\N
23497	EXCNZ2pAAlZaXPw8	\N	\N	f	 	8	\N
23498	EXCNZ2pAAlZaXKgC	\N	\N	f	 	8	\N
23499	EXCNZ2pAAlZaXGgF	\N	\N	f	 	8	\N
23500	EXCNZ2pAAlZaXDQ9	\N	\N	f	 	8	\N
23501	EXCNZ2pAAlZaW_Q7	\N	\N	f	 	8	\N
23502	EXCNZ2pAAlZaW6g1	\N	\N	f	 	8	\N
23503	EXCNZ2pAAlZaW2w3	\N	\N	f	 	8	\N
23504	EXCNZ2pAAlZaWzg7	\N	\N	f	 	8	\N
23505	EXCNZ2pAAlZaWug4	\N	\N	f	 	8	\N
23506	EXCNZ2pAAlZaWqQ6	\N	\N	f	 	8	\N
23507	EXCNZ2pAAlZaWmQ5	\N	\N	f	 	8	\N
23508	EXCNZ2pAAlZaWjg3	\N	\N	f	 	8	\N
23509	EXCNZ2pAAlZaWfwD	\N	\N	f	 	8	\N
23510	EXCNZ2pAAlZaWaw8	\N	\N	f	 	8	\N
23511	EXCNZ2pAAlZaWXwF	\N	\N	f	 	8	\N
23512	EXCNZ2pAAlZaWTQC	\N	\N	f	 	8	\N
23513	EXCNZ2pAAlZaWOQF	\N	\N	f	 	8	\N
23514	EXCNZ2pAAlZaWLw8	\N	\N	f	 	8	\N
23515	EXCNZ2pAAlZaWGwF	\N	\N	f	 	8	\N
23516	EXCNZ2pAAlZaWCgF	\N	\N	f	 	8	\N
23517	EXCNZ2pAAlZaV_A5	\N	\N	f	 	8	\N
23518	EXCNZ2pAAlZaV7A4	\N	\N	f	 	8	\N
23519	EXCNZ2pAAlZaV3g5	\N	\N	f	 	8	\N
23520	EXCNZ2pAAlZaVyQ3	\N	\N	f	 	8	\N
23521	EXCNZ2pAAlZaVvQ0	\N	\N	f	 	8	\N
23522	EXCNZ2pAAlZaVrg2	\N	\N	f	 	8	\N
23523	EXCNZ2pAAlZaVmg5	\N	\N	f	 	8	\N
23524	EXCNZ2pAAlZaVjg0	\N	\N	f	 	8	\N
23525	EXCNZ2pAAlZaVeQ8	\N	\N	f	 	8	\N
19742	EXCNZ2pAAlZZrii7	\N	\N	f	 	2	\N
19743	EXCNZ2pAAlZZrfCE	\N	\N	f	 	2	\N
19744	EXCNZ2pAAlZZrbSE	\N	\N	f	 	2	\N
19745	EXCNZ2pAAlZZrXyF	\N	\N	f	 	2	\N
19746	EXCNZ2pAAlZZrSS8	\N	\N	f	 	2	\N
19747	EXCNZ2pAAlZZrPSB	\N	\N	f	 	2	\N
19748	EXCNZ2pAAlZZrLi9	\N	\N	f	 	2	\N
19749	EXCNZ2pAAlZZrGyF	\N	\N	f	 	2	\N
19750	EXCNZ2pAAlZZrDS8	\N	\N	f	 	2	\N
19751	EXCNZ2pAAlZZq_y4	\N	\N	f	 	2	\N
19752	EXCNZ2pAAlZZq7C6	\N	\N	f	 	2	\N
19753	EXCNZ2pAAlZZq3y6	\N	\N	f	 	2	\N
19754	EXCNZ2pAAlZZqyy3	\N	\N	f	 	2	\N
19755	EXCNZ2pAAlZZquS6	\N	\N	f	 	2	\N
19756	EXCNZ2pAAlZZqri0	\N	\N	f	 	2	\N
19757	EXCNZ2pAAlZZqny2	\N	\N	f	 	2	\N
19758	EXCNZ2pAAlZZqiS5	\N	\N	f	 	2	\N
19759	EXCNZ2pAAlZZqfSE	\N	\N	f	 	2	\N
19760	EXCNZ2pAAlZZqai8	\N	\N	f	 	2	\N
19761	EXCNZ2pAAlZZqXiF	\N	\N	f	 	2	\N
19762	EXCNZ2pAAlZZqSS9	\N	\N	f	 	2	\N
19763	EXCNZ2pAAlZZqPSA	\N	\N	f	 	2	\N
19764	EXCNZ2pAAlZZqLCA	\N	\N	f	 	2	\N
19765	EXCNZ2pAAlZZqHyA	\N	\N	f	 	2	\N
19766	EXCNZ2pAAlZZqCiE	\N	\N	f	 	2	\N
19767	EXCNZ2pAAlZZp_C4	\N	\N	f	 	2	\N
19768	EXCNZ2pAAlZZp6i3	\N	\N	f	 	2	\N
19769	EXCNZ2pAAlZZp2i0	\N	\N	f	 	2	\N
19770	EXCNZ2pAAlZZpzS6	\N	\N	f	 	2	\N
19771	EXCNZ2pAAlZZpvC0	\N	\N	f	 	2	\N
19772	EXCNZ2pAAlZZpry2	\N	\N	f	 	2	\N
19773	EXCNZ2pAAlZZpmS7	\N	\N	f	 	2	\N
19774	EXCNZ2pAAlZZpjy0	\N	\N	f	 	2	\N
19775	EXCNZ2pAAlZZpfyF	\N	\N	f	 	2	\N
19776	EXCNZ2pAAlZZpbCD	\N	\N	f	 	2	\N
19777	EXCNZ2pAAlZZpWi8	\N	\N	f	 	2	\N
19778	EXCNZ2pAAlZZpSi9	\N	\N	f	 	2	\N
19779	EXCNZ2pAAlZZpPS9	\N	\N	f	 	2	\N
19780	EXCNZ2pAAlZZpLS8	\N	\N	f	 	2	\N
19781	EXCNZ2pAAlZZpHy9	\N	\N	f	 	2	\N
19782	EXCNZ2pAAlZZpCiD	\N	\N	f	 	2	\N
19783	EXCNZ2pAAlZZo_i7	\N	\N	f	 	2	\N
19784	EXCNZ2pAAlZZo7S5	\N	\N	f	 	2	\N
19785	EXCNZ2pAAlZZo2i1	\N	\N	f	 	2	\N
19786	EXCNZ2pAAlZZozi4	\N	\N	f	 	2	\N
19787	EXCNZ2pAAlZZoui7	\N	\N	f	 	2	\N
19788	EXCNZ2pAAlZZory3	\N	\N	f	 	2	\N
19789	EXCNZ2pAAlZZony0	\N	\N	f	 	2	\N
19790	EXCNZ2pAAlZZoiS7	\N	\N	f	 	2	\N
19791	EXCNZ2pAAlZZoeyA	\N	\N	f	 	2	\N
19792	EXCNZ2pAAlZZoaiA	\N	\N	f	 	2	\N
19793	EXCNZ2pAAlZZoXSE	\N	\N	f	 	2	\N
19794	EXCNZ2pAAlZZoTCE	\N	\N	f	 	2	\N
19795	EXCNZ2pAAlZZoOyE	\N	\N	f	 	2	\N
19796	EXCNZ2pAAlZZoLC8	\N	\N	f	 	2	\N
19797	EXCNZ2pAAlZZoHSA	\N	\N	f	 	2	\N
19798	EXCNZ2pAAlZZoDy9	\N	\N	f	 	2	\N
19799	EXCNZ2pAAlZZk6SD	\N	\N	f	 	2	\N
19800	EXCNZ2pAAlZZk2SE	\N	\N	f	 	2	\N
19801	EXCNZ2pAAlZZkzi8	\N	\N	f	 	2	\N
19802	EXCNZ2pAAlZZkuyA	\N	\N	f	 	2	\N
19803	EXCNZ2pAAlZZkqiA	\N	\N	f	 	2	\N
19804	EXCNZ2pAAlZZkmi9	\N	\N	f	 	2	\N
19805	EXCNZ2pAAlZZkiy9	\N	\N	f	 	2	\N
19806	EXCNZ2pAAlZZkeS4	\N	\N	f	 	2	\N
19807	EXCNZ2pAAlZZkby3	\N	\N	f	 	2	\N
19808	EXCNZ2pAAlZZkWS6	\N	\N	f	 	2	\N
19809	EXCNZ2pAAlZZkSS7	\N	\N	f	 	2	\N
19810	EXCNZ2pAAlZZkOi3	\N	\N	f	 	2	\N
19811	EXCNZ2pAAlZZkKy3	\N	\N	f	 	2	\N
19812	EXCNZ2pAAlZZkHi5	\N	\N	f	 	2	\N
19813	EXCNZ2pAAlZZkDy5	\N	\N	f	 	2	\N
19814	EXCNZ2pAAlZZj-y9	\N	\N	f	 	2	\N
19815	EXCNZ2pAAlZZj6y8	\N	\N	f	 	2	\N
19816	EXCNZ2pAAlZZj3yF	\N	\N	f	 	2	\N
19817	EXCNZ2pAAlZZjziF	\N	\N	f	 	2	\N
19818	EXCNZ2pAAlZZjuiC	\N	\N	f	 	2	\N
19819	EXCNZ2pAAlZZjrCB	\N	\N	f	 	2	\N
19820	EXCNZ2pAAlZZjniA	\N	\N	f	 	2	\N
19821	EXCNZ2pAAlZZjjS8	\N	\N	f	 	2	\N
19822	EXCNZ2pAAlZZjfi4	\N	\N	f	 	2	\N
19823	EXCNZ2pAAlZZjbS6	\N	\N	f	 	2	\N
19824	EXCNZ2pAAlZZjXy7	\N	\N	f	 	2	\N
19825	EXCNZ2pAAlZZjSS0	\N	\N	f	 	2	\N
19826	EXCNZ2pAAlZZjPi0	\N	\N	f	 	2	\N
19827	EXCNZ2pAAlZZjLC3	\N	\N	f	 	2	\N
19828	EXCNZ2pAAlZZjGi6	\N	\N	f	 	2	\N
19829	EXCNZ2pAAlZZjDy2	\N	\N	f	 	2	\N
19830	EXCNZ2pAAlZZi_yC	\N	\N	f	 	2	\N
19831	EXCNZ2pAAlZZi6SB	\N	\N	f	 	2	\N
19832	EXCNZ2pAAlZZi3CD	\N	\N	f	 	2	\N
19833	EXCNZ2pAAlZZiyS9	\N	\N	f	 	2	\N
19834	EXCNZ2pAAlZZiuSE	\N	\N	f	 	2	\N
19835	EXCNZ2pAAlZZirCA	\N	\N	f	 	2	\N
19836	EXCNZ2pAAlZZinC9	\N	\N	f	 	2	\N
19837	EXCNZ2pAAlZZiiiE	\N	\N	f	 	2	\N
19838	EXCNZ2pAAlZZifC7	\N	\N	f	 	2	\N
19839	EXCNZ2pAAlZZiaS3	\N	\N	f	 	2	\N
19840	EXCNZ2pAAlZZiWy2	\N	\N	f	 	2	\N
19841	EXCNZ2pAAlZZiSi2	\N	\N	f	 	2	\N
19842	EXCNZ2pAAlZZiOy4	\N	\N	f	 	2	\N
19843	EXCNZ2pAAlZZiLi0	\N	\N	f	 	2	\N
19844	EXCNZ2pAAlZZiHy2	\N	\N	f	 	2	\N
19845	EXCNZ2pAAlZZiCi6	\N	\N	f	 	2	\N
19846	EXCNZ2pAAlZZh_SD	\N	\N	f	 	2	\N
19847	EXCNZ2pAAlZZh6yA	\N	\N	f	 	2	\N
19848	EXCNZ2pAAlZZh2SB	\N	\N	f	 	2	\N
19849	EXCNZ2pAAlZZhzyC	\N	\N	f	 	2	\N
19850	EXCNZ2pAAlZZhuSD	\N	\N	f	 	2	\N
19851	EXCNZ2pAAlZZhqSC	\N	\N	f	 	2	\N
19852	EXCNZ2pAAlZZhny9	\N	\N	f	 	2	\N
19853	EXCNZ2pAAlZZhiiD	\N	\N	f	 	2	\N
19854	EXCNZ2pAAlZZhfC4	\N	\N	f	 	2	\N
19855	EXCNZ2pAAlZZhay2	\N	\N	f	 	2	\N
19856	EXCNZ2pAAlZZhXS7	\N	\N	f	 	2	\N
19857	EXCNZ2pAAlZZhTy4	\N	\N	f	 	2	\N
19858	EXCNZ2pAAlZZhOi6	\N	\N	f	 	2	\N
19859	EXCNZ2pAAlZZhLi3	\N	\N	f	 	2	\N
19860	EXCNZ2pAAlZZhGi4	\N	\N	f	 	2	\N
19861	EXCNZ2pAAlZZhCy4	\N	\N	f	 	2	\N
19862	EXCNZ2pAAlZZg_yE	\N	\N	f	 	2	\N
19863	EXCNZ2pAAlZZg6S9	\N	\N	f	 	2	\N
19864	EXCNZ2pAAlZZg3yC	\N	\N	f	 	2	\N
19865	EXCNZ2pAAlZZgyi8	\N	\N	f	 	2	\N
19866	EXCNZ2pAAlZZgviB	\N	\N	f	 	2	\N
19867	EXCNZ2pAAlZZgqiE	\N	\N	f	 	2	\N
19868	EXCNZ2pAAlZZgni9	\N	\N	f	 	2	\N
19869	EXCNZ2pAAlZZgjy9	\N	\N	f	 	2	\N
19870	EXCNZ2pAAlZZgeS0	\N	\N	f	 	2	\N
19871	EXCNZ2pAAlZZgby7	\N	\N	f	 	2	\N
19872	EXCNZ2pAAlZZgXC7	\N	\N	f	 	2	\N
19873	EXCNZ2pAAlZZgSS3	\N	\N	f	 	2	\N
19874	EXCNZ2pAAlZZgPS0	\N	\N	f	 	2	\N
19875	EXCNZ2pAAlZZgLy3	\N	\N	f	 	2	\N
19876	EXCNZ2pAAlZZgGy4	\N	\N	f	 	2	\N
19877	EXCNZ2pAAlZZgCy5	\N	\N	f	 	2	\N
19878	EXCNZ2pAAlZZv_h3	\N	\N	f	 	2	\N
19879	EXCNZ2pAAlZZv6x7	\N	\N	f	 	2	\N
19880	EXCNZ2pAAlZZv3B3	\N	\N	f	 	2	\N
19881	EXCNZ2pAAlZZvyR7	\N	\N	f	 	2	\N
19882	EXCNZ2pAAlZZvvR4	\N	\N	f	 	2	\N
19883	EXCNZ2pAAlZZvrR5	\N	\N	f	 	2	\N
19884	EXCNZ2pAAlZZvmh1	\N	\N	f	 	2	\N
19885	EXCNZ2pAAlZZvih0	\N	\N	f	 	2	\N
19886	EXCNZ2pAAlZZvehF	\N	\N	f	 	2	\N
19887	EXCNZ2pAAlZZvahE	\N	\N	f	 	2	\N
19888	EXCNZ2pAAlZZvXRA	\N	\N	f	 	2	\N
19889	EXCNZ2pAAlZZvTRB	\N	\N	f	 	2	\N
19890	EXCNZ2pAAlZZvPxE	\N	\N	f	 	2	\N
19891	EXCNZ2pAAlZZvLhE	\N	\N	f	 	2	\N
19892	EXCNZ2pAAlZZvGh9	\N	\N	f	 	2	\N
19893	EXCNZ2pAAlZZvCx9	\N	\N	f	 	2	\N
19894	EXCNZ2pAAlZZq_D6	\N	\N	f	 	2	\N
19895	EXCNZ2pAAlZZq6z0	\N	\N	f	 	2	\N
19896	EXCNZ2pAAlZZq3z7	\N	\N	f	 	2	\N
19897	EXCNZ2pAAlZZqzT4	\N	\N	f	 	2	\N
19898	EXCNZ2pAAlZZqvz1	\N	\N	f	 	2	\N
19899	EXCNZ2pAAlZZqrT2	\N	\N	f	 	2	\N
19900	EXCNZ2pAAlZZqnT1	\N	\N	f	 	2	\N
19901	EXCNZ2pAAlZZqiT4	\N	\N	f	 	2	\N
19902	EXCNZ2pAAlZZqfDE	\N	\N	f	 	2	\N
19903	EXCNZ2pAAlZZqbTE	\N	\N	f	 	2	\N
19904	EXCNZ2pAAlZZqWjA	\N	\N	f	 	2	\N
19905	EXCNZ2pAAlZZqSzA	\N	\N	f	 	2	\N
19906	EXCNZ2pAAlZZqOzD	\N	\N	f	 	2	\N
19907	EXCNZ2pAAlZZqLDB	\N	\N	f	 	2	\N
19908	EXCNZ2pAAlZZqGjE	\N	\N	f	 	2	\N
19909	EXCNZ2pAAlZZqDjB	\N	\N	f	 	2	\N
19910	EXCNZ2pAAlZZp_T4	\N	\N	f	 	2	\N
19911	EXCNZ2pAAlZZp7D4	\N	\N	f	 	2	\N
19912	EXCNZ2pAAlZZp2z0	\N	\N	f	 	2	\N
19913	EXCNZ2pAAlZZpzD6	\N	\N	f	 	2	\N
19914	EXCNZ2pAAlZZpvj3	\N	\N	f	 	2	\N
19915	EXCNZ2pAAlZZprj2	\N	\N	f	 	2	\N
19916	EXCNZ2pAAlZZpnD3	\N	\N	f	 	2	\N
19917	EXCNZ2pAAlZZpiT7	\N	\N	f	 	2	\N
19918	EXCNZ2pAAlZZpfTC	\N	\N	f	 	2	\N
19919	EXCNZ2pAAlZZpbjE	\N	\N	f	 	2	\N
19920	EXCNZ2pAAlZZpWTA	\N	\N	f	 	2	\N
19921	EXCNZ2pAAlZZpSTB	\N	\N	f	 	2	\N
19922	EXCNZ2pAAlZZpPzA	\N	\N	f	 	2	\N
19923	EXCNZ2pAAlZZpKjE	\N	\N	f	 	2	\N
19924	EXCNZ2pAAlZZpHDB	\N	\N	f	 	2	\N
19925	EXCNZ2pAAlZZpDTB	\N	\N	f	 	2	\N
19926	EXCNZ2pAAlZZo_j6	\N	\N	f	 	2	\N
19927	EXCNZ2pAAlZZo7T4	\N	\N	f	 	2	\N
19928	EXCNZ2pAAlZZo3z5	\N	\N	f	 	2	\N
19929	EXCNZ2pAAlZZozD7	\N	\N	f	 	2	\N
19930	EXCNZ2pAAlZZouz7	\N	\N	f	 	2	\N
19931	EXCNZ2pAAlZZorT0	\N	\N	f	 	2	\N
19932	EXCNZ2pAAlZZonD2	\N	\N	f	 	2	\N
19933	EXCNZ2pAAlZZojj1	\N	\N	f	 	2	\N
19934	EXCNZ2pAAlZZoeT9	\N	\N	f	 	2	\N
19935	EXCNZ2pAAlZZoaT8	\N	\N	f	 	2	\N
19936	EXCNZ2pAAlZZoXjC	\N	\N	f	 	2	\N
19937	EXCNZ2pAAlZZoSz8	\N	\N	f	 	2	\N
19938	EXCNZ2pAAlZZoOjE	\N	\N	f	 	2	\N
19939	EXCNZ2pAAlZZoLzA	\N	\N	f	 	2	\N
19940	EXCNZ2pAAlZZoGjC	\N	\N	f	 	2	\N
19941	EXCNZ2pAAlZZoDj9	\N	\N	f	 	2	\N
19942	EXCNZ2pAAlZZn_TA	\N	\N	f	 	2	\N
19943	EXCNZ2pAAlZZn6jC	\N	\N	f	 	2	\N
19944	EXCNZ2pAAlZZn2zE	\N	\N	f	 	2	\N
19945	EXCNZ2pAAlZZnzT9	\N	\N	f	 	2	\N
19946	EXCNZ2pAAlZZnvTE	\N	\N	f	 	2	\N
19947	EXCNZ2pAAlZZnrTF	\N	\N	f	 	2	\N
19948	EXCNZ2pAAlZZnmT8	\N	\N	f	 	2	\N
19949	EXCNZ2pAAlZZnjzF	\N	\N	f	 	2	\N
19950	EXCNZ2pAAlZZnej5	\N	\N	f	 	2	\N
19951	EXCNZ2pAAlZZnaj4	\N	\N	f	 	2	\N
19952	EXCNZ2pAAlZZnXD1	\N	\N	f	 	2	\N
19953	EXCNZ2pAAlZZnTj2	\N	\N	f	 	2	\N
19954	EXCNZ2pAAlZZnPD7	\N	\N	f	 	2	\N
19955	EXCNZ2pAAlZZnKT3	\N	\N	f	 	2	\N
19956	EXCNZ2pAAlZZnGj3	\N	\N	f	 	2	\N
19957	EXCNZ2pAAlZZnCj2	\N	\N	f	 	2	\N
19958	EXCNZ2pAAlZZm-TF	\N	\N	f	 	2	\N
19959	EXCNZ2pAAlZZm7j9	\N	\N	f	 	2	\N
19960	EXCNZ2pAAlZZm3zB	\N	\N	f	 	2	\N
19961	EXCNZ2pAAlZZmzT8	\N	\N	f	 	2	\N
19962	EXCNZ2pAAlZZmvzD	\N	\N	f	 	2	\N
19963	EXCNZ2pAAlZZmqj9	\N	\N	f	 	2	\N
19964	EXCNZ2pAAlZZmmzB	\N	\N	f	 	2	\N
19965	EXCNZ2pAAlZZmjjF	\N	\N	f	 	2	\N
19966	EXCNZ2pAAlZZmej4	\N	\N	f	 	2	\N
19967	EXCNZ2pAAlZZmbz0	\N	\N	f	 	2	\N
19968	EXCNZ2pAAlZZmXz3	\N	\N	f	 	2	\N
19969	EXCNZ2pAAlZZmTj3	\N	\N	f	 	2	\N
19970	EXCNZ2pAAlZZmPz5	\N	\N	f	 	2	\N
19971	EXCNZ2pAAlZZmLD7	\N	\N	f	 	2	\N
19972	EXCNZ2pAAlZZmGT1	\N	\N	f	 	2	\N
19973	EXCNZ2pAAlZZmCj3	\N	\N	f	 	2	\N
19974	EXCNZ2pAAlZZl_jB	\N	\N	f	 	2	\N
19975	EXCNZ2pAAlZZl7jA	\N	\N	f	 	2	\N
19976	EXCNZ2pAAlZZl2zC	\N	\N	f	 	2	\N
19977	EXCNZ2pAAlZZlzDA	\N	\N	f	 	2	\N
19978	EXCNZ2pAAlZZluT8	\N	\N	f	 	2	\N
19979	EXCNZ2pAAlZZlrjE	\N	\N	f	 	2	\N
19980	EXCNZ2pAAlZZlnDF	\N	\N	f	 	2	\N
19981	EXCNZ2pAAlZZliz9	\N	\N	f	 	2	\N
19982	EXCNZ2pAAlZZu-x7	\N	\N	f	 	2	\N
19983	EXCNZ2pAAlZZu6x6	\N	\N	f	 	2	\N
19984	EXCNZ2pAAlZZu3h0	\N	\N	f	 	2	\N
19985	EXCNZ2pAAlZZuzR2	\N	\N	f	 	2	\N
19986	EXCNZ2pAAlZZuvB4	\N	\N	f	 	2	\N
19987	EXCNZ2pAAlZZurh7	\N	\N	f	 	2	\N
19988	EXCNZ2pAAlZZunx5	\N	\N	f	 	2	\N
19989	EXCNZ2pAAlZZujR6	\N	\N	f	 	2	\N
19990	EXCNZ2pAAlZZufB8	\N	\N	f	 	2	\N
19991	EXCNZ2pAAlZZubR8	\N	\N	f	 	2	\N
19992	EXCNZ2pAAlZZuWhC	\N	\N	f	 	2	\N
19993	EXCNZ2pAAlZZuTx8	\N	\N	f	 	2	\N
19994	EXCNZ2pAAlZZuOR9	\N	\N	f	 	2	\N
19995	EXCNZ2pAAlZZuKhB	\N	\N	f	 	2	\N
19996	EXCNZ2pAAlZZuGx9	\N	\N	f	 	2	\N
19997	EXCNZ2pAAlZZuDRE	\N	\N	f	 	2	\N
19998	EXCNZ2pAAlZZt-R6	\N	\N	f	 	2	\N
19999	EXCNZ2pAAlZZt6x5	\N	\N	f	 	2	\N
20000	EXCNZ2pAAlZZt3x2	\N	\N	f	 	2	\N
20001	EXCNZ2pAAlZZtzx3	\N	\N	f	 	2	\N
20002	EXCNZ2pAAlZZtvh5	\N	\N	f	 	2	\N
20003	EXCNZ2pAAlZZtqx1	\N	\N	f	 	2	\N
20004	EXCNZ2pAAlZZtnx6	\N	\N	f	 	2	\N
20005	EXCNZ2pAAlZZtjR5	\N	\N	f	 	2	\N
20006	EXCNZ2pAAlZZtfh9	\N	\N	f	 	2	\N
20007	EXCNZ2pAAlZZtbRB	\N	\N	f	 	2	\N
20008	EXCNZ2pAAlZZtXhB	\N	\N	f	 	2	\N
20009	EXCNZ2pAAlZZtThA	\N	\N	f	 	2	\N
20010	EXCNZ2pAAlZZtPRE	\N	\N	f	 	2	\N
20011	EXCNZ2pAAlZZtKx9	\N	\N	f	 	2	\N
20012	EXCNZ2pAAlZZtGxA	\N	\N	f	 	2	\N
20013	EXCNZ2pAAlZZtDxF	\N	\N	f	 	2	\N
20014	EXCNZ2pAAlZZs-x5	\N	\N	f	 	2	\N
20015	EXCNZ2pAAlZZs7h1	\N	\N	f	 	2	\N
20016	EXCNZ2pAAlZZs3B0	\N	\N	f	 	2	\N
20017	EXCNZ2pAAlZZszh3	\N	\N	f	 	2	\N
20018	EXCNZ2pAAlZZsux1	\N	\N	f	 	2	\N
20019	EXCNZ2pAAlZZsqh1	\N	\N	f	 	2	\N
20020	EXCNZ2pAAlZZsnh6	\N	\N	f	 	2	\N
20021	EXCNZ2pAAlZZsiR0	\N	\N	f	 	2	\N
20022	EXCNZ2pAAlZZsfRB	\N	\N	f	 	2	\N
20023	EXCNZ2pAAlZZsbx8	\N	\N	f	 	2	\N
20024	EXCNZ2pAAlZZsXhA	\N	\N	f	 	2	\N
20025	EXCNZ2pAAlZZsTxA	\N	\N	f	 	2	\N
20026	EXCNZ2pAAlZZsPxD	\N	\N	f	 	2	\N
20027	EXCNZ2pAAlZZsKh9	\N	\N	f	 	2	\N
20028	EXCNZ2pAAlZZsHxF	\N	\N	f	 	2	\N
20029	EXCNZ2pAAlZZsDhF	\N	\N	f	 	2	\N
20030	EXCNZ2pAAlZZr_B5	\N	\N	f	 	2	\N
20031	EXCNZ2pAAlZZr6R1	\N	\N	f	 	2	\N
20032	EXCNZ2pAAlZZr3R6	\N	\N	f	 	2	\N
20033	EXCNZ2pAAlZZryx1	\N	\N	f	 	2	\N
20034	EXCNZ2pAAlZZruR4	\N	\N	f	 	2	\N
20035	EXCNZ2pAAlZZrrh2	\N	\N	f	 	2	\N
20036	EXCNZ2pAAlZZrnB3	\N	\N	f	 	2	\N
20037	EXCNZ2pAAlZZriR7	\N	\N	f	 	2	\N
20038	EXCNZ2pAAlZZrfBD	\N	\N	f	 	2	\N
20039	EXCNZ2pAAlZZrbBC	\N	\N	f	 	2	\N
20040	EXCNZ2pAAlZZrXxC	\N	\N	f	 	2	\N
20041	EXCNZ2pAAlZZrTxD	\N	\N	f	 	2	\N
20042	EXCNZ2pAAlZZrPxA	\N	\N	f	 	2	\N
20043	EXCNZ2pAAlZZrLR9	\N	\N	f	 	2	\N
20044	EXCNZ2pAAlZZrGRE	\N	\N	f	 	2	\N
20045	EXCNZ2pAAlZZrDh8	\N	\N	f	 	2	\N
20046	EXCNZ2pAAlZZq_R5	\N	\N	f	 	2	\N
20047	EXCNZ2pAAlZZq7B5	\N	\N	f	 	2	\N
20048	EXCNZ2pAAlZZq3x5	\N	\N	f	 	2	\N
20049	EXCNZ2pAAlZZqzB7	\N	\N	f	 	2	\N
20050	EXCNZ2pAAlZZqux7	\N	\N	f	 	2	\N
20051	EXCNZ2pAAlZZqrh3	\N	\N	f	 	2	\N
20052	EXCNZ2pAAlZZqmx5	\N	\N	f	 	2	\N
20053	EXCNZ2pAAlZZqjx0	\N	\N	f	 	2	\N
20054	EXCNZ2pAAlZZqfxF	\N	\N	f	 	2	\N
20055	EXCNZ2pAAlZZqahB	\N	\N	f	 	2	\N
20056	EXCNZ2pAAlZZqXxD	\N	\N	f	 	2	\N
20057	EXCNZ2pAAlZZqTxC	\N	\N	f	 	2	\N
20058	EXCNZ2pAAlZZqPB8	\N	\N	f	 	2	\N
20059	EXCNZ2pAAlZZqKRC	\N	\N	f	 	2	\N
20060	EXCNZ2pAAlZZqGxD	\N	\N	f	 	2	\N
20061	EXCNZ2pAAlZZqChD	\N	\N	f	 	2	\N
20062	EXCNZ2pAAlZZp-R2	\N	\N	f	 	2	\N
20063	EXCNZ2pAAlZZp6R3	\N	\N	f	 	2	\N
20064	EXCNZ2pAAlZZp3x6	\N	\N	f	 	2	\N
20065	EXCNZ2pAAlZZpzx7	\N	\N	f	 	2	\N
20066	EXCNZ2pAAlZZpuh5	\N	\N	f	 	2	\N
20067	EXCNZ2pAAlZZpqx5	\N	\N	f	 	2	\N
20068	EXCNZ2pAAlZZpmx6	\N	\N	f	 	2	\N
20069	EXCNZ2pAAlZZpjx3	\N	\N	f	 	2	\N
20070	EXCNZ2pAAlZZpfRE	\N	\N	f	 	2	\N
20071	EXCNZ2pAAlZZpbRF	\N	\N	f	 	2	\N
20072	EXCNZ2pAAlZZpXxE	\N	\N	f	 	2	\N
20073	EXCNZ2pAAlZZpSR9	\N	\N	f	 	2	\N
20074	EXCNZ2pAAlZZpPBB	\N	\N	f	 	2	\N
20075	EXCNZ2pAAlZZpKhC	\N	\N	f	 	2	\N
20076	EXCNZ2pAAlZZpHB9	\N	\N	f	 	2	\N
20077	EXCNZ2pAAlZZpDxB	\N	\N	f	 	2	\N
20078	EXCNZ2pAAlZZo_h4	\N	\N	f	 	2	\N
20079	EXCNZ2pAAlZZo7h5	\N	\N	f	 	2	\N
20080	EXCNZ2pAAlZZo3x7	\N	\N	f	 	2	\N
20081	EXCNZ2pAAlZZozB5	\N	\N	f	 	2	\N
20082	EXCNZ2pAAlZZouh4	\N	\N	f	 	2	\N
20083	EXCNZ2pAAlZZoqh5	\N	\N	f	 	2	\N
20084	EXCNZ2pAAlZZonh2	\N	\N	f	 	2	\N
20085	EXCNZ2pAAlZZoiR4	\N	\N	f	 	2	\N
20086	EXCNZ2pAAlZZofxD	\N	\N	f	 	2	\N
20087	EXCNZ2pAAlZZobBF	\N	\N	f	 	2	\N
20088	EXCNZ2pAAlZZoWhA	\N	\N	f	 	2	\N
20089	EXCNZ2pAAlZZoSxA	\N	\N	f	 	2	\N
20090	EXCNZ2pAAlZZoOhC	\N	\N	f	 	2	\N
20091	EXCNZ2pAAlZZoLRA	\N	\N	f	 	2	\N
20092	EXCNZ2pAAlZZoGhE	\N	\N	f	 	2	\N
20093	EXCNZ2pAAlZZoCxE	\N	\N	f	 	2	\N
20094	EXCNZ2pAAlZZn_hB	\N	\N	f	 	2	\N
20095	EXCNZ2pAAlZZn7B8	\N	\N	f	 	2	\N
20096	EXCNZ2pAAlZZn3x8	\N	\N	f	 	2	\N
20097	EXCNZ2pAAlZZnzx9	\N	\N	f	 	2	\N
20098	EXCNZ2pAAlZZnvRC	\N	\N	f	 	2	\N
20099	EXCNZ2pAAlZZnrBC	\N	\N	f	 	2	\N
20100	EXCNZ2pAAlZZnmh9	\N	\N	f	 	2	\N
20101	EXCNZ2pAAlZZnih8	\N	\N	f	 	2	\N
20102	EXCNZ2pAAlZZneR4	\N	\N	f	 	2	\N
20103	EXCNZ2pAAlZZtfw9	\N	\N	f	 	2	\N
20104	EXCNZ2pAAlZZtbQA	\N	\N	f	 	2	\N
20105	EXCNZ2pAAlZZtWQD	\N	\N	f	 	2	\N
20106	EXCNZ2pAAlZZtTwA	\N	\N	f	 	2	\N
20107	EXCNZ2pAAlZZtOw9	\N	\N	f	 	2	\N
20108	EXCNZ2pAAlZZtLgD	\N	\N	f	 	2	\N
20109	EXCNZ2pAAlZZtHAC	\N	\N	f	 	2	\N
20110	EXCNZ2pAAlZZtCwA	\N	\N	f	 	2	\N
20111	EXCNZ2pAAlZZs-g5	\N	\N	f	 	2	\N
20112	EXCNZ2pAAlZZs6w5	\N	\N	f	 	2	\N
20113	EXCNZ2pAAlZZs3A1	\N	\N	f	 	2	\N
20114	EXCNZ2pAAlZZszg2	\N	\N	f	 	2	\N
20115	EXCNZ2pAAlZZsuw0	\N	\N	f	 	2	\N
20116	EXCNZ2pAAlZZsqw1	\N	\N	f	 	2	\N
20117	EXCNZ2pAAlZZsmw2	\N	\N	f	 	2	\N
20118	EXCNZ2pAAlZZsjg6	\N	\N	f	 	2	\N
20119	EXCNZ2pAAlZZsegD	\N	\N	f	 	2	\N
20120	EXCNZ2pAAlZZsagC	\N	\N	f	 	2	\N
20121	EXCNZ2pAAlZZsXA9	\N	\N	f	 	2	\N
20122	EXCNZ2pAAlZZsTgA	\N	\N	f	 	2	\N
20123	EXCNZ2pAAlZZsPAF	\N	\N	f	 	2	\N
20124	EXCNZ2pAAlZZsLAE	\N	\N	f	 	2	\N
20125	EXCNZ2pAAlZZsHwE	\N	\N	f	 	2	\N
20126	EXCNZ2pAAlZZsCgA	\N	\N	f	 	2	\N
20127	EXCNZ2pAAlZZr_w7	\N	\N	f	 	2	\N
20128	EXCNZ2pAAlZZr7w6	\N	\N	f	 	2	\N
20129	EXCNZ2pAAlZZr3w5	\N	\N	f	 	2	\N
20130	EXCNZ2pAAlZZrzw4	\N	\N	f	 	2	\N
20131	EXCNZ2pAAlZZrvA0	\N	\N	f	 	2	\N
20132	EXCNZ2pAAlZZrqQ4	\N	\N	f	 	2	\N
20133	EXCNZ2pAAlZZrmQ7	\N	\N	f	 	2	\N
20134	EXCNZ2pAAlZZrjQ2	\N	\N	f	 	2	\N
20135	EXCNZ2pAAlZZrfwF	\N	\N	f	 	2	\N
20136	EXCNZ2pAAlZZrbgF	\N	\N	f	 	2	\N
20137	EXCNZ2pAAlZZrWw9	\N	\N	f	 	2	\N
20138	EXCNZ2pAAlZZrSg9	\N	\N	f	 	2	\N
20139	EXCNZ2pAAlZZrOgE	\N	\N	f	 	2	\N
20140	EXCNZ2pAAlZZrKwE	\N	\N	f	 	2	\N
20141	EXCNZ2pAAlZZrGQF	\N	\N	f	 	2	\N
20142	EXCNZ2pAAlZZrDQA	\N	\N	f	 	2	\N
20143	EXCNZ2pAAlZZq-Q0	\N	\N	f	 	2	\N
20144	EXCNZ2pAAlZZq6g2	\N	\N	f	 	2	\N
20145	EXCNZ2pAAlZZq3w4	\N	\N	f	 	2	\N
20146	EXCNZ2pAAlZZqyQ3	\N	\N	f	 	2	\N
20147	EXCNZ2pAAlZZquQ4	\N	\N	f	 	2	\N
20148	EXCNZ2pAAlZZqrQ1	\N	\N	f	 	2	\N
20149	EXCNZ2pAAlZZqmw4	\N	\N	f	 	2	\N
20150	EXCNZ2pAAlZZqig4	\N	\N	f	 	2	\N
20151	EXCNZ2pAAlZZqfwE	\N	\N	f	 	2	\N
20152	EXCNZ2pAAlZZqaQ9	\N	\N	f	 	2	\N
20153	EXCNZ2pAAlZZqXgD	\N	\N	f	 	2	\N
20154	EXCNZ2pAAlZZqTgC	\N	\N	f	 	2	\N
20155	EXCNZ2pAAlZZqPA9	\N	\N	f	 	2	\N
20156	EXCNZ2pAAlZZqLwB	\N	\N	f	 	2	\N
20157	EXCNZ2pAAlZZqGgD	\N	\N	f	 	2	\N
20158	EXCNZ2pAAlZZqDg8	\N	\N	f	 	2	\N
20159	EXCNZ2pAAlZZp_g4	\N	\N	f	 	2	\N
20160	EXCNZ2pAAlZZp6g1	\N	\N	f	 	2	\N
20161	EXCNZ2pAAlZZp3w7	\N	\N	f	 	2	\N
20162	EXCNZ2pAAlZZpyg3	\N	\N	f	 	2	\N
20163	EXCNZ2pAAlZZpvw1	\N	\N	f	 	2	\N
20164	EXCNZ2pAAlZZprw0	\N	\N	f	 	2	\N
20165	EXCNZ2pAAlZZpmw7	\N	\N	f	 	2	\N
20166	EXCNZ2pAAlZZpjw2	\N	\N	f	 	2	\N
20167	EXCNZ2pAAlZZpeg8	\N	\N	f	 	2	\N
20168	EXCNZ2pAAlZZpbgD	\N	\N	f	 	2	\N
20169	EXCNZ2pAAlZZpWwB	\N	\N	f	 	2	\N
20170	EXCNZ2pAAlZZpTQC	\N	\N	f	 	2	\N
20171	EXCNZ2pAAlZZpPAA	\N	\N	f	 	2	\N
20172	EXCNZ2pAAlZZpKgD	\N	\N	f	 	2	\N
20173	EXCNZ2pAAlZZpGQD	\N	\N	f	 	2	\N
20174	EXCNZ2pAAlZZpDA9	\N	\N	f	 	2	\N
20175	EXCNZ2pAAlZZo_w4	\N	\N	f	 	2	\N
20176	EXCNZ2pAAlZZo7g4	\N	\N	f	 	2	\N
20177	EXCNZ2pAAlZZo2g3	\N	\N	f	 	2	\N
20178	EXCNZ2pAAlZZozQ5	\N	\N	f	 	2	\N
20179	EXCNZ2pAAlZZovg1	\N	\N	f	 	2	\N
20180	EXCNZ2pAAlZZorw1	\N	\N	f	 	2	\N
20181	EXCNZ2pAAlZZomQ4	\N	\N	f	 	2	\N
20182	EXCNZ2pAAlZZojQ1	\N	\N	f	 	2	\N
20183	EXCNZ2pAAlZZoew8	\N	\N	f	 	2	\N
20184	EXCNZ2pAAlZZobQF	\N	\N	f	 	2	\N
20185	EXCNZ2pAAlZZoXwE	\N	\N	f	 	2	\N
20186	EXCNZ2pAAlZZoSQ9	\N	\N	f	 	2	\N
20187	EXCNZ2pAAlZZoOQE	\N	\N	f	 	2	\N
20188	EXCNZ2pAAlZZoKQF	\N	\N	f	 	2	\N
20189	EXCNZ2pAAlZZoHA9	\N	\N	f	 	2	\N
20190	EXCNZ2pAAlZZoDwB	\N	\N	f	 	2	\N
20191	EXCNZ2pAAlZZn-wF	\N	\N	f	 	2	\N
20192	EXCNZ2pAAlZZn7Q8	\N	\N	f	 	2	\N
20193	EXCNZ2pAAlZZn3w9	\N	\N	f	 	2	\N
20194	EXCNZ2pAAlZZnywC	\N	\N	f	 	2	\N
20195	EXCNZ2pAAlZZnuQ9	\N	\N	f	 	2	\N
20196	EXCNZ2pAAlZZnrwE	\N	\N	f	 	2	\N
20197	EXCNZ2pAAlZZnnQF	\N	\N	f	 	2	\N
20198	EXCNZ2pAAlZZn-SF	\N	\N	f	 	2	\N
20199	EXCNZ2pAAlZZn7i9	\N	\N	f	 	2	\N
20200	EXCNZ2pAAlZZn2iE	\N	\N	f	 	2	\N
20201	EXCNZ2pAAlZZnziB	\N	\N	f	 	2	\N
20202	EXCNZ2pAAlZZnuSB	\N	\N	f	 	2	\N
20203	EXCNZ2pAAlZZnryC	\N	\N	f	 	2	\N
20204	EXCNZ2pAAlZZnnyF	\N	\N	f	 	2	\N
20205	EXCNZ2pAAlZZnjSC	\N	\N	f	 	2	\N
20206	EXCNZ2pAAlZZneS7	\N	\N	f	 	2	\N
20207	EXCNZ2pAAlZZnay4	\N	\N	f	 	2	\N
20208	EXCNZ2pAAlZZnXS1	\N	\N	f	 	2	\N
20209	EXCNZ2pAAlZZnSi7	\N	\N	f	 	2	\N
20210	EXCNZ2pAAlZZnPy5	\N	\N	f	 	2	\N
20211	EXCNZ2pAAlZZnKy0	\N	\N	f	 	2	\N
20212	EXCNZ2pAAlZZnHy7	\N	\N	f	 	2	\N
20213	EXCNZ2pAAlZZnCy2	\N	\N	f	 	2	\N
20214	EXCNZ2pAAlZZm_SA	\N	\N	f	 	2	\N
20215	EXCNZ2pAAlZZm7i8	\N	\N	f	 	2	\N
20216	EXCNZ2pAAlZZm3iB	\N	\N	f	 	2	\N
20217	EXCNZ2pAAlZZmySD	\N	\N	f	 	2	\N
20218	EXCNZ2pAAlZZmvSE	\N	\N	f	 	2	\N
20219	EXCNZ2pAAlZZmrCE	\N	\N	f	 	2	\N
20220	EXCNZ2pAAlZZmmiB	\N	\N	f	 	2	\N
20221	EXCNZ2pAAlZZmiyB	\N	\N	f	 	2	\N
20222	EXCNZ2pAAlZZmfC3	\N	\N	f	 	2	\N
20223	EXCNZ2pAAlZZmbi0	\N	\N	f	 	2	\N
20224	EXCNZ2pAAlZZmXC1	\N	\N	f	 	2	\N
20225	EXCNZ2pAAlZZmTC0	\N	\N	f	 	2	\N
20226	EXCNZ2pAAlZZmOS2	\N	\N	f	 	2	\N
20227	EXCNZ2pAAlZZmLC6	\N	\N	f	 	2	\N
20228	EXCNZ2pAAlZZmHC5	\N	\N	f	 	2	\N
20229	EXCNZ2pAAlZZmDy7	\N	\N	f	 	2	\N
20230	EXCNZ2pAAlZZl-iE	\N	\N	f	 	2	\N
20231	EXCNZ2pAAlZZl6SC	\N	\N	f	 	2	\N
20232	EXCNZ2pAAlZZl3y9	\N	\N	f	 	2	\N
20233	EXCNZ2pAAlZZlySE	\N	\N	f	 	2	\N
20234	EXCNZ2pAAlZZlvyF	\N	\N	f	 	2	\N
20235	EXCNZ2pAAlZZlrSC	\N	\N	f	 	2	\N
20236	EXCNZ2pAAlZZlmy9	\N	\N	f	 	2	\N
20237	EXCNZ2pAAlZZliy8	\N	\N	f	 	2	\N
20238	EXCNZ2pAAlZZley7	\N	\N	f	 	2	\N
20239	EXCNZ2pAAlZZlai7	\N	\N	f	 	2	\N
20240	EXCNZ2pAAlZZlWi4	\N	\N	f	 	2	\N
20241	EXCNZ2pAAlZZlTy0	\N	\N	f	 	2	\N
20242	EXCNZ2pAAlZZlOy3	\N	\N	f	 	2	\N
20243	EXCNZ2pAAlZZlKi3	\N	\N	f	 	2	\N
20244	EXCNZ2pAAlZZlHS7	\N	\N	f	 	2	\N
20245	EXCNZ2pAAlZZlDC7	\N	\N	f	 	2	\N
20246	EXCNZ2pAAlZZk-iF	\N	\N	f	 	2	\N
20247	EXCNZ2pAAlZZnjQE	\N	\N	f	 	2	\N
20248	EXCNZ2pAAlZZnfg2	\N	\N	f	 	2	\N
20249	EXCNZ2pAAlZZnaQ4	\N	\N	f	 	2	\N
20250	EXCNZ2pAAlZZnWg4	\N	\N	f	 	2	\N
20251	EXCNZ2pAAlZZnSg5	\N	\N	f	 	2	\N
20252	EXCNZ2pAAlZZnPQ5	\N	\N	f	 	2	\N
20253	EXCNZ2pAAlZZnKg3	\N	\N	f	 	2	\N
20254	EXCNZ2pAAlZZnHQ7	\N	\N	f	 	2	\N
20255	EXCNZ2pAAlZZnCw0	\N	\N	f	 	2	\N
20256	EXCNZ2pAAlZZm-QC	\N	\N	f	 	2	\N
20257	EXCNZ2pAAlZZm6gE	\N	\N	f	 	2	\N
20258	EXCNZ2pAAlZZm2wC	\N	\N	f	 	2	\N
20259	EXCNZ2pAAlZZmzw9	\N	\N	f	 	2	\N
20260	EXCNZ2pAAlZZmvAD	\N	\N	f	 	2	\N
20261	EXCNZ2pAAlZZmrwF	\N	\N	f	 	2	\N
20262	EXCNZ2pAAlZZmnwC	\N	\N	f	 	2	\N
20263	EXCNZ2pAAlZZmiQB	\N	\N	f	 	2	\N
20264	EXCNZ2pAAlZZmfA1	\N	\N	f	 	2	\N
20265	EXCNZ2pAAlZZmag6	\N	\N	f	 	2	\N
20266	EXCNZ2pAAlZZmWg5	\N	\N	f	 	2	\N
20267	EXCNZ2pAAlZZmSw5	\N	\N	f	 	2	\N
20268	EXCNZ2pAAlZZmPQ4	\N	\N	f	 	2	\N
20269	EXCNZ2pAAlZZmKw3	\N	\N	f	 	2	\N
20270	EXCNZ2pAAlZZmGQ2	\N	\N	f	 	2	\N
20271	EXCNZ2pAAlZZmDQ7	\N	\N	f	 	2	\N
20272	EXCNZ2pAAlZZl_g8	\N	\N	f	 	2	\N
20273	EXCNZ2pAAlZZl7w8	\N	\N	f	 	2	\N
20274	EXCNZ2pAAlZZl3Q9	\N	\N	f	 	2	\N
20275	EXCNZ2pAAlZZlzwA	\N	\N	f	 	2	\N
20276	EXCNZ2pAAlZZlvwD	\N	\N	f	 	2	\N
20277	EXCNZ2pAAlZZlqw8	\N	\N	f	 	2	\N
20278	EXCNZ2pAAlZZlmQ9	\N	\N	f	 	2	\N
20279	EXCNZ2pAAlZZligB	\N	\N	f	 	2	\N
20280	EXCNZ2pAAlZZleg4	\N	\N	f	 	2	\N
20281	EXCNZ2pAAlZZlag5	\N	\N	f	 	2	\N
20282	EXCNZ2pAAlZZlWQ5	\N	\N	f	 	2	\N
20283	EXCNZ2pAAlZZlTw2	\N	\N	f	 	2	\N
20284	EXCNZ2pAAlZZlPQ7	\N	\N	f	 	2	\N
20285	EXCNZ2pAAlZZlKw0	\N	\N	f	 	2	\N
20286	EXCNZ2pAAlZZlGQ1	\N	\N	f	 	2	\N
20287	EXCNZ2pAAlZZlCw2	\N	\N	f	 	2	\N
20288	EXCNZ2pAAlZZk_g9	\N	\N	f	 	2	\N
20289	EXCNZ2pAAlZZk7QB	\N	\N	f	 	2	\N
20290	EXCNZ2pAAlZZk2wE	\N	\N	f	 	2	\N
20291	EXCNZ2pAAlZZkygE	\N	\N	f	 	2	\N
20292	EXCNZ2pAAlZZkuQA	\N	\N	f	 	2	\N
20293	EXCNZ2pAAlZZkqw9	\N	\N	f	 	2	\N
20294	EXCNZ2pAAlZZknwE	\N	\N	f	 	2	\N
20295	EXCNZ2pAAlZZkiwB	\N	\N	f	 	2	\N
20296	EXCNZ2pAAlZZkeg5	\N	\N	f	 	2	\N
20297	EXCNZ2pAAlZZkbg0	\N	\N	f	 	2	\N
20298	EXCNZ2pAAlZZkXQ0	\N	\N	f	 	2	\N
20299	EXCNZ2pAAlZZkTg2	\N	\N	f	 	2	\N
20300	EXCNZ2pAAlZZkPw4	\N	\N	f	 	2	\N
20301	EXCNZ2pAAlZZkKQ3	\N	\N	f	 	2	\N
20302	EXCNZ2pAAlZZkHw6	\N	\N	f	 	2	\N
20303	EXCNZ2pAAlZZkDQ5	\N	\N	f	 	2	\N
20304	EXCNZ2pAAlZZj_wF	\N	\N	f	 	2	\N
20305	EXCNZ2pAAlZZj7wE	\N	\N	f	 	2	\N
20306	EXCNZ2pAAlZZj3AE	\N	\N	f	 	2	\N
20307	EXCNZ2pAAlZZjzAF	\N	\N	f	 	2	\N
20308	EXCNZ2pAAlZZjuQD	\N	\N	f	 	2	\N
20309	EXCNZ2pAAlZZjqgF	\N	\N	f	 	2	\N
20310	EXCNZ2pAAlZZjnAA	\N	\N	f	 	2	\N
20311	EXCNZ2pAAlZZjiQE	\N	\N	f	 	2	\N
20312	EXCNZ2pAAlZZjeg2	\N	\N	f	 	2	\N
20313	EXCNZ2pAAlZZjaQ0	\N	\N	f	 	2	\N
20314	EXCNZ2pAAlZZjXA6	\N	\N	f	 	2	\N
20315	EXCNZ2pAAlZZjSg1	\N	\N	f	 	2	\N
20316	EXCNZ2pAAlZZjOQ5	\N	\N	f	 	2	\N
20317	EXCNZ2pAAlZZjKw6	\N	\N	f	 	2	\N
20318	EXCNZ2pAAlZZjHA2	\N	\N	f	 	2	\N
20319	EXCNZ2pAAlZZjCQ6	\N	\N	f	 	2	\N
20320	EXCNZ2pAAlZZi_AD	\N	\N	f	 	2	\N
20321	EXCNZ2pAAlZZi7wF	\N	\N	f	 	2	\N
20322	EXCNZ2pAAlZZi2g9	\N	\N	f	 	2	\N
20323	EXCNZ2pAAlZZizwD	\N	\N	f	 	2	\N
20324	EXCNZ2pAAlZZivwA	\N	\N	f	 	2	\N
20325	EXCNZ2pAAlZZiqgE	\N	\N	f	 	2	\N
20326	EXCNZ2pAAlZZimwC	\N	\N	f	 	2	\N
20327	EXCNZ2pAAlZZijAA	\N	\N	f	 	2	\N
20328	EXCNZ2pAAlZZifA5	\N	\N	f	 	2	\N
20329	EXCNZ2pAAlZZiaQ1	\N	\N	f	 	2	\N
20330	EXCNZ2pAAlZZiXg5	\N	\N	f	 	2	\N
20331	EXCNZ2pAAlZZiSg0	\N	\N	f	 	2	\N
20332	EXCNZ2pAAlZZiPg3	\N	\N	f	 	2	\N
20333	EXCNZ2pAAlZZiLw3	\N	\N	f	 	2	\N
20334	EXCNZ2pAAlZZiHQ2	\N	\N	f	 	2	\N
20335	EXCNZ2pAAlZZiCg4	\N	\N	f	 	2	\N
20336	EXCNZ2pAAlZZh_gC	\N	\N	f	 	2	\N
20337	EXCNZ2pAAlZZh6QA	\N	\N	f	 	2	\N
20338	EXCNZ2pAAlZZh3wF	\N	\N	f	 	2	\N
20339	EXCNZ2pAAlZZhzQC	\N	\N	f	 	2	\N
20340	EXCNZ2pAAlZZhvg8	\N	\N	f	 	2	\N
20341	EXCNZ2pAAlZZhrQA	\N	\N	f	 	2	\N
20342	EXCNZ2pAAlZZhmwF	\N	\N	f	 	2	\N
20343	EXCNZ2pAAlZZhiwE	\N	\N	f	 	2	\N
20344	EXCNZ2pAAlZZhfQ7	\N	\N	f	 	2	\N
20345	EXCNZ2pAAlZZhaw0	\N	\N	f	 	2	\N
20346	EXCNZ2pAAlZZhWQ1	\N	\N	f	 	2	\N
20347	EXCNZ2pAAlZZhTQ4	\N	\N	f	 	2	\N
20348	EXCNZ2pAAlZZhPQ3	\N	\N	f	 	2	\N
20349	EXCNZ2pAAlZZhKQ6	\N	\N	f	 	2	\N
20350	EXCNZ2pAAlZZhHw3	\N	\N	f	 	2	\N
20351	EXCNZ2pAAlZZhDQ0	\N	\N	f	 	2	\N
20352	EXCNZ2pAAlZZg_QE	\N	\N	f	 	2	\N
20353	EXCNZ2pAAlZZg7QF	\N	\N	f	 	2	\N
20354	EXCNZ2pAAlZZg3wE	\N	\N	f	 	2	\N
20355	EXCNZ2pAAlZZgygA	\N	\N	f	 	2	\N
20356	EXCNZ2pAAlZZgvw8	\N	\N	f	 	2	\N
20357	EXCNZ2pAAlZZgqQF	\N	\N	f	 	2	\N
20358	EXCNZ2pAAlZZgnQ8	\N	\N	f	 	2	\N
20359	EXCNZ2pAAlZZgjgA	\N	\N	f	 	2	\N
20360	EXCNZ2pAAlZZgeg1	\N	\N	f	 	2	\N
20361	EXCNZ2pAAlZZgbQ7	\N	\N	f	 	2	\N
20362	EXCNZ2pAAlZZgWg3	\N	\N	f	 	2	\N
20363	EXCNZ2pAAlZZgSw3	\N	\N	f	 	2	\N
20364	EXCNZ2pAAlZZgOQ6	\N	\N	f	 	2	\N
20365	EXCNZ2pAAlZZgLg0	\N	\N	f	 	2	\N
20366	EXCNZ2pAAlZZgHw2	\N	\N	f	 	2	\N
20367	EXCNZ2pAAlZZnbx3	\N	\N	f	 	2	\N
20368	EXCNZ2pAAlZZnWR6	\N	\N	f	 	2	\N
20369	EXCNZ2pAAlZZnSh4	\N	\N	f	 	2	\N
20370	EXCNZ2pAAlZZnOx2	\N	\N	f	 	2	\N
20371	EXCNZ2pAAlZZnKx3	\N	\N	f	 	2	\N
20372	EXCNZ2pAAlZZnGh1	\N	\N	f	 	2	\N
20373	EXCNZ2pAAlZZnCh0	\N	\N	f	 	2	\N
20374	EXCNZ2pAAlZZm-RD	\N	\N	f	 	2	\N
20375	EXCNZ2pAAlZZm6RC	\N	\N	f	 	2	\N
20376	EXCNZ2pAAlZZm2hC	\N	\N	f	 	2	\N
20377	EXCNZ2pAAlZZmyhD	\N	\N	f	 	2	\N
20378	EXCNZ2pAAlZZmuR9	\N	\N	f	 	2	\N
20379	EXCNZ2pAAlZZmrxE	\N	\N	f	 	2	\N
20380	EXCNZ2pAAlZZmmh8	\N	\N	f	 	2	\N
20381	EXCNZ2pAAlZZmjhD	\N	\N	f	 	2	\N
20382	EXCNZ2pAAlZZmfx3	\N	\N	f	 	2	\N
20383	EXCNZ2pAAlZZmbB1	\N	\N	f	 	2	\N
20384	EXCNZ2pAAlZZmXB2	\N	\N	f	 	2	\N
20385	EXCNZ2pAAlZZmSx4	\N	\N	f	 	2	\N
20386	EXCNZ2pAAlZZmPh6	\N	\N	f	 	2	\N
20387	EXCNZ2pAAlZZmLR4	\N	\N	f	 	2	\N
20388	EXCNZ2pAAlZZmGx1	\N	\N	f	 	2	\N
20389	EXCNZ2pAAlZZmCx0	\N	\N	f	 	2	\N
20390	EXCNZ2pAAlZZl-hD	\N	\N	f	 	2	\N
20391	EXCNZ2pAAlZZl7x9	\N	\N	f	 	2	\N
20392	EXCNZ2pAAlZZl2xE	\N	\N	f	 	2	\N
20393	EXCNZ2pAAlZZlyhE	\N	\N	f	 	2	\N
20394	EXCNZ2pAAlZZluh9	\N	\N	f	 	2	\N
20395	EXCNZ2pAAlZZlqRB	\N	\N	f	 	2	\N
20396	EXCNZ2pAAlZZlmxA	\N	\N	f	 	2	\N
20397	EXCNZ2pAAlZZlihA	\N	\N	f	 	2	\N
20398	EXCNZ2pAAlZZlfR2	\N	\N	f	 	2	\N
20399	EXCNZ2pAAlZZlah4	\N	\N	f	 	2	\N
20400	EXCNZ2pAAlZZlXx2	\N	\N	f	 	2	\N
20401	EXCNZ2pAAlZZlTB0	\N	\N	f	 	2	\N
20402	EXCNZ2pAAlZZlOh1	\N	\N	f	 	2	\N
20403	EXCNZ2pAAlZZlKh0	\N	\N	f	 	2	\N
20404	EXCNZ2pAAlZZlHB5	\N	\N	f	 	2	\N
20405	EXCNZ2pAAlZZlDR5	\N	\N	f	 	2	\N
20406	EXCNZ2pAAlZZk_h8	\N	\N	f	 	2	\N
20407	EXCNZ2pAAlZZk7x8	\N	\N	f	 	2	\N
20408	EXCNZ2pAAlZZk3hA	\N	\N	f	 	2	\N
20409	EXCNZ2pAAlZZkyxE	\N	\N	f	 	2	\N
20410	EXCNZ2pAAlZZkvBE	\N	\N	f	 	2	\N
20411	EXCNZ2pAAlZZkqRA	\N	\N	f	 	2	\N
20412	EXCNZ2pAAlZZknxF	\N	\N	f	 	2	\N
20413	EXCNZ2pAAlZZkjhF	\N	\N	f	 	2	\N
20414	EXCNZ2pAAlZZkfx1	\N	\N	f	 	2	\N
20415	EXCNZ2pAAlZZkaR6	\N	\N	f	 	2	\N
20416	EXCNZ2pAAlZZkWR5	\N	\N	f	 	2	\N
20417	EXCNZ2pAAlZZkSh7	\N	\N	f	 	2	\N
20418	EXCNZ2pAAlZZkPR7	\N	\N	f	 	2	\N
20419	EXCNZ2pAAlZZkKx0	\N	\N	f	 	2	\N
20420	EXCNZ2pAAlZZkGh2	\N	\N	f	 	2	\N
20421	EXCNZ2pAAlZZkDh7	\N	\N	f	 	2	\N
20422	EXCNZ2pAAlZZj_RC	\N	\N	f	 	2	\N
20423	EXCNZ2pAAlZZj7hE	\N	\N	f	 	2	\N
20424	EXCNZ2pAAlZZj2x8	\N	\N	f	 	2	\N
20425	EXCNZ2pAAlZZjzRF	\N	\N	f	 	2	\N
20426	EXCNZ2pAAlZZjuRC	\N	\N	f	 	2	\N
20427	EXCNZ2pAAlZZjrR9	\N	\N	f	 	2	\N
20428	EXCNZ2pAAlZZjnRA	\N	\N	f	 	2	\N
20429	EXCNZ2pAAlZZjjBA	\N	\N	f	 	2	\N
20430	EXCNZ2pAAlZZjfR4	\N	\N	f	 	2	\N
20431	EXCNZ2pAAlZZjah2	\N	\N	f	 	2	\N
20432	EXCNZ2pAAlZZjXh5	\N	\N	f	 	2	\N
20433	EXCNZ2pAAlZZjTB6	\N	\N	f	 	2	\N
20434	EXCNZ2pAAlZZjPx2	\N	\N	f	 	2	\N
20435	EXCNZ2pAAlZZjLx3	\N	\N	f	 	2	\N
20436	EXCNZ2pAAlZZjHx0	\N	\N	f	 	2	\N
20437	EXCNZ2pAAlZZjDx1	\N	\N	f	 	2	\N
20438	EXCNZ2pAAlZZi_hE	\N	\N	f	 	2	\N
20439	EXCNZ2pAAlZZi6hB	\N	\N	f	 	2	\N
20440	EXCNZ2pAAlZZi2h8	\N	\N	f	 	2	\N
20441	EXCNZ2pAAlZZiyh9	\N	\N	f	 	2	\N
20442	EXCNZ2pAAlZZivR9	\N	\N	f	 	2	\N
20443	EXCNZ2pAAlZZirxA	\N	\N	f	 	2	\N
20444	EXCNZ2pAAlZZinx9	\N	\N	f	 	2	\N
20445	EXCNZ2pAAlZZijBB	\N	\N	f	 	2	\N
20446	EXCNZ2pAAlZZifh6	\N	\N	f	 	2	\N
20447	EXCNZ2pAAlZZiaR0	\N	\N	f	 	2	\N
20448	EXCNZ2pAAlZZiWR3	\N	\N	f	 	2	\N
20449	EXCNZ2pAAlZZiTR6	\N	\N	f	 	2	\N
20450	EXCNZ2pAAlZZiPx3	\N	\N	f	 	2	\N
20451	EXCNZ2pAAlZZiLh3	\N	\N	f	 	2	\N
20452	EXCNZ2pAAlZZiGR7	\N	\N	f	 	2	\N
20453	EXCNZ2pAAlZZiDB3	\N	\N	f	 	2	\N
20454	EXCNZ2pAAlZZh-h9	\N	\N	f	 	2	\N
20455	EXCNZ2pAAlZZh6RB	\N	\N	f	 	2	\N
20456	EXCNZ2pAAlZZh3xE	\N	\N	f	 	2	\N
20457	EXCNZ2pAAlZZhzBC	\N	\N	f	 	2	\N
20458	EXCNZ2pAAlZZhvRA	\N	\N	f	 	2	\N
20459	EXCNZ2pAAlZZhqxD	\N	\N	f	 	2	\N
20460	EXCNZ2pAAlZZhnR8	\N	\N	f	 	2	\N
20461	EXCNZ2pAAlZZhihE	\N	\N	f	 	2	\N
20462	EXCNZ2pAAlZZheh1	\N	\N	f	 	2	\N
20463	EXCNZ2pAAlZZhbh4	\N	\N	f	 	2	\N
20464	EXCNZ2pAAlZZhXB5	\N	\N	f	 	2	\N
20465	EXCNZ2pAAlZZhTB4	\N	\N	f	 	2	\N
20466	EXCNZ2pAAlZZhOx4	\N	\N	f	 	2	\N
20467	EXCNZ2pAAlZZhLR3	\N	\N	f	 	2	\N
20468	EXCNZ2pAAlZZhHB1	\N	\N	f	 	2	\N
20469	EXCNZ2pAAlZZhCh6	\N	\N	f	 	2	\N
20470	EXCNZ2pAAlZZg_xD	\N	\N	f	 	2	\N
20471	EXCNZ2pAAlZZg6h9	\N	\N	f	 	2	\N
20472	EXCNZ2pAAlZZg2hA	\N	\N	f	 	2	\N
20473	EXCNZ2pAAlZZgzxE	\N	\N	f	 	2	\N
20474	EXCNZ2pAAlZZguhC	\N	\N	f	 	2	\N
20475	EXCNZ2pAAlZZgrRA	\N	\N	f	 	2	\N
20476	EXCNZ2pAAlZZgmRD	\N	\N	f	 	2	\N
20477	EXCNZ2pAAlZZgjB9	\N	\N	f	 	2	\N
20478	EXCNZ2pAAlZZgfB6	\N	\N	f	 	2	\N
20479	EXCNZ2pAAlZZgah1	\N	\N	f	 	2	\N
20480	EXCNZ2pAAlZZgWx3	\N	\N	f	 	2	\N
20481	EXCNZ2pAAlZZgTR4	\N	\N	f	 	2	\N
20482	EXCNZ2pAAlZZgPx1	\N	\N	f	 	2	\N
20483	EXCNZ2pAAlZZgLh1	\N	\N	f	 	2	\N
20484	EXCNZ2pAAlZZgHR1	\N	\N	f	 	2	\N
20485	EXCNZ2pAAlZZgDB1	\N	\N	f	 	2	\N
20486	EXCNZ2pAAlZZv-Q5	\N	\N	f	 	2	\N
20487	EXCNZ2pAAlZZv7Q0	\N	\N	f	 	2	\N
20488	EXCNZ2pAAlZZv3A2	\N	\N	f	 	2	\N
20489	EXCNZ2pAAlZZvzg1	\N	\N	f	 	2	\N
20490	EXCNZ2pAAlZZvvg6	\N	\N	f	 	2	\N
20491	EXCNZ2pAAlZZvqQ0	\N	\N	f	 	2	\N
20492	EXCNZ2pAAlZZvnw5	\N	\N	f	 	2	\N
20493	EXCNZ2pAAlZZvjQ6	\N	\N	f	 	2	\N
20494	EXCNZ2pAAlZZveQD	\N	\N	f	 	2	\N
20495	EXCNZ2pAAlZZvagF	\N	\N	f	 	2	\N
20496	EXCNZ2pAAlZZvWwD	\N	\N	f	 	2	\N
20497	EXCNZ2pAAlZZvTw8	\N	\N	f	 	2	\N
20498	EXCNZ2pAAlZZvPgE	\N	\N	f	 	2	\N
20499	EXCNZ2pAAlZZvLQC	\N	\N	f	 	2	\N
20500	EXCNZ2pAAlZZvHQF	\N	\N	f	 	2	\N
20501	EXCNZ2pAAlZZvDgD	\N	\N	f	 	2	\N
20502	EXCNZ2pAAlZZu_g3	\N	\N	f	 	2	\N
20503	EXCNZ2pAAlZZu6g6	\N	\N	f	 	2	\N
20504	EXCNZ2pAAlZZu2w4	\N	\N	f	 	2	\N
20505	EXCNZ2pAAlZZuzQ3	\N	\N	f	 	2	\N
20506	EXCNZ2pAAlZZuvg7	\N	\N	f	 	2	\N
20507	EXCNZ2pAAlZZuqQ1	\N	\N	f	 	2	\N
20508	EXCNZ2pAAlZZumQ2	\N	\N	f	 	2	\N
20509	EXCNZ2pAAlZZujQ7	\N	\N	f	 	2	\N
20510	EXCNZ2pAAlZZueQC	\N	\N	f	 	2	\N
20511	EXCNZ2pAAlZZubA8	\N	\N	f	 	2	\N
20512	EXCNZ2pAAlZZuWwC	\N	\N	f	 	2	\N
20513	EXCNZ2pAAlZZuTAA	\N	\N	f	 	2	\N
20514	EXCNZ2pAAlZZuPQC	\N	\N	f	 	2	\N
20515	EXCNZ2pAAlZZuLwF	\N	\N	f	 	2	\N
20516	EXCNZ2pAAlZZuHAF	\N	\N	f	 	2	\N
20517	EXCNZ2pAAlZZuCg8	\N	\N	f	 	2	\N
20518	EXCNZ2pAAlZZt_A2	\N	\N	f	 	2	\N
20519	EXCNZ2pAAlZZt7A3	\N	\N	f	 	2	\N
20520	EXCNZ2pAAlZZt3w3	\N	\N	f	 	2	\N
20521	EXCNZ2pAAlZZtyw6	\N	\N	f	 	2	\N
20522	EXCNZ2pAAlZZtvQ7	\N	\N	f	 	2	\N
20523	EXCNZ2pAAlZZtrA7	\N	\N	f	 	2	\N
20524	EXCNZ2pAAlZZtmQ1	\N	\N	f	 	2	\N
20525	EXCNZ2pAAlZZtjg7	\N	\N	f	 	2	\N
20574	EXCNZ2pAAlZZxLD1	\N	\N	f	 	3	\N
20575	EXCNZ2pAAlZZxGT7	\N	\N	f	 	3	\N
20576	EXCNZ2pAAlZZxDj1	\N	\N	f	 	3	\N
20577	EXCNZ2pAAlZZw-jB	\N	\N	f	 	3	\N
20578	EXCNZ2pAAlZZw6jA	\N	\N	f	 	3	\N
20579	EXCNZ2pAAlZZw2z8	\N	\N	f	 	3	\N
20580	EXCNZ2pAAlZZwyTB	\N	\N	f	 	3	\N
20581	EXCNZ2pAAlZZwuzE	\N	\N	f	 	3	\N
20582	EXCNZ2pAAlZZwqjE	\N	\N	f	 	3	\N
20583	EXCNZ2pAAlZZwmTE	\N	\N	f	 	3	\N
20584	EXCNZ2pAAlZZwiTF	\N	\N	f	 	3	\N
20585	EXCNZ2pAAlZZwej3	\N	\N	f	 	3	\N
20586	EXCNZ2pAAlZZwaT1	\N	\N	f	 	3	\N
20587	EXCNZ2pAAlZZwXD7	\N	\N	f	 	3	\N
20588	EXCNZ2pAAlZZwTD6	\N	\N	f	 	3	\N
20589	EXCNZ2pAAlZZwOz6	\N	\N	f	 	3	\N
20590	EXCNZ2pAAlZZwKT5	\N	\N	f	 	3	\N
20591	EXCNZ2pAAlZZwHD3	\N	\N	f	 	3	\N
20592	EXCNZ2pAAlZZwDD2	\N	\N	f	 	3	\N
20593	EXCNZ2pAAlZZ__i1	\N	\N	f	 	3	\N
20594	EXCNZ2pAAlZZ_6S7	\N	\N	f	 	3	\N
20595	EXCNZ2pAAlZZ_3S0	\N	\N	f	 	3	\N
20596	EXCNZ2pAAlZZ_yy7	\N	\N	f	 	3	\N
20597	EXCNZ2pAAlZZ_ui1	\N	\N	f	 	3	\N
20598	EXCNZ2pAAlZZ_ry5	\N	\N	f	 	3	\N
20599	EXCNZ2pAAlZZ_ni7	\N	\N	f	 	3	\N
20600	EXCNZ2pAAlZZ_jy7	\N	\N	f	 	3	\N
20601	EXCNZ2pAAlZZ_fCB	\N	\N	f	 	3	\N
20602	EXCNZ2pAAlZZ_bSB	\N	\N	f	 	3	\N
20603	EXCNZ2pAAlZZ_XiB	\N	\N	f	 	3	\N
20604	EXCNZ2pAAlZZ_TiA	\N	\N	f	 	3	\N
20605	EXCNZ2pAAlZZ_PCF	\N	\N	f	 	3	\N
20606	EXCNZ2pAAlZZ_LSF	\N	\N	f	 	3	\N
20607	EXCNZ2pAAlZZ_GyA	\N	\N	f	 	3	\N
20608	EXCNZ2pAAlZZ_CiA	\N	\N	f	 	3	\N
20609	EXCNZ2pAAlZZ--i4	\N	\N	f	 	3	\N
20610	EXCNZ2pAAlZZ-6i5	\N	\N	f	 	3	\N
20611	EXCNZ2pAAlZZ-3S1	\N	\N	f	 	3	\N
20612	EXCNZ2pAAlZZ-zS0	\N	\N	f	 	3	\N
20613	EXCNZ2pAAlZZ-uy1	\N	\N	f	 	3	\N
20614	EXCNZ2pAAlZZ-qy0	\N	\N	f	 	3	\N
20615	EXCNZ2pAAlZZ-mS1	\N	\N	f	 	3	\N
20616	EXCNZ2pAAlZZ-iS0	\N	\N	f	 	3	\N
20617	EXCNZ2pAAlZZ-fi8	\N	\N	f	 	3	\N
20618	EXCNZ2pAAlZZ-aiD	\N	\N	f	 	3	\N
20619	EXCNZ2pAAlZZ-XS9	\N	\N	f	 	3	\N
20620	EXCNZ2pAAlZZ-SyE	\N	\N	f	 	3	\N
20621	EXCNZ2pAAlZZ-PSF	\N	\N	f	 	3	\N
20622	EXCNZ2pAAlZZ-Ky8	\N	\N	f	 	3	\N
20623	EXCNZ2pAAlZZ-GyB	\N	\N	f	 	3	\N
20624	EXCNZ2pAAlZZ-DSC	\N	\N	f	 	3	\N
20625	EXCNZ2pAAlZZ9-S4	\N	\N	f	 	3	\N
20626	EXCNZ2pAAlZZ97y3	\N	\N	f	 	3	\N
20627	EXCNZ2pAAlZZ93S2	\N	\N	f	 	3	\N
20628	EXCNZ2pAAlZZ9zS3	\N	\N	f	 	3	\N
20629	EXCNZ2pAAlZZ9vy6	\N	\N	f	 	3	\N
20630	EXCNZ2pAAlZZ9ri6	\N	\N	f	 	3	\N
20631	EXCNZ2pAAlZZ9mS2	\N	\N	f	 	3	\N
20632	EXCNZ2pAAlZZ9iy1	\N	\N	f	 	3	\N
20633	EXCNZ2pAAlZZ9fS8	\N	\N	f	 	3	\N
20634	EXCNZ2pAAlZZ9aSD	\N	\N	f	 	3	\N
20635	EXCNZ2pAAlZZ9WiD	\N	\N	f	 	3	\N
20636	EXCNZ2pAAlZZ9TSB	\N	\N	f	 	3	\N
20637	EXCNZ2pAAlZZ9OS8	\N	\N	f	 	3	\N
20638	EXCNZ2pAAlZZ9KS9	\N	\N	f	 	3	\N
20639	EXCNZ2pAAlZZ9Gi9	\N	\N	f	 	3	\N
20640	EXCNZ2pAAlZZ9DSF	\N	\N	f	 	3	\N
20641	EXCNZ2pAAlZZ8_y3	\N	\N	f	 	3	\N
20642	EXCNZ2pAAlZZ87S0	\N	\N	f	 	3	\N
20643	EXCNZ2pAAlZZ83S3	\N	\N	f	 	3	\N
20644	EXCNZ2pAAlZZ8zy0	\N	\N	f	 	3	\N
20645	EXCNZ2pAAlZZ8ui2	\N	\N	f	 	3	\N
20646	EXCNZ2pAAlZZ8qy2	\N	\N	f	 	3	\N
20647	EXCNZ2pAAlZZ8nS7	\N	\N	f	 	3	\N
20648	EXCNZ2pAAlZZ8jS6	\N	\N	f	 	3	\N
20649	EXCNZ2pAAlZZ8eSD	\N	\N	f	 	3	\N
20650	EXCNZ2pAAlZZ8aiF	\N	\N	f	 	3	\N
20651	EXCNZ2pAAlZZ8Xy9	\N	\N	f	 	3	\N
20652	EXCNZ2pAAlZZ8Ti9	\N	\N	f	 	3	\N
20653	EXCNZ2pAAlZZ8OS9	\N	\N	f	 	3	\N
20654	EXCNZ2pAAlZZ8KS8	\N	\N	f	 	3	\N
20655	EXCNZ2pAAlZZ8Gy9	\N	\N	f	 	3	\N
20656	EXCNZ2pAAlZZ8DiD	\N	\N	f	 	3	\N
20657	EXCNZ2pAAlZZ7_C7	\N	\N	f	 	3	\N
20658	EXCNZ2pAAlZZ76S3	\N	\N	f	 	3	\N
20659	EXCNZ2pAAlZZ72i3	\N	\N	f	 	3	\N
20660	EXCNZ2pAAlZZ7yy3	\N	\N	f	 	3	\N
20661	EXCNZ2pAAlZZ7vy0	\N	\N	f	 	3	\N
20662	EXCNZ2pAAlZZ7qS7	\N	\N	f	 	3	\N
20663	EXCNZ2pAAlZZ7ni3	\N	\N	f	 	3	\N
20664	EXCNZ2pAAlZZ7iS5	\N	\N	f	 	3	\N
20665	EXCNZ2pAAlZZ7ey8	\N	\N	f	 	3	\N
20666	EXCNZ2pAAlZZ7bCE	\N	\N	f	 	3	\N
20667	EXCNZ2pAAlZZ7WyA	\N	\N	f	 	3	\N
20668	EXCNZ2pAAlZZ7TiE	\N	\N	f	 	3	\N
20669	EXCNZ2pAAlZZ7PSA	\N	\N	f	 	3	\N
20670	EXCNZ2pAAlZZ7LCA	\N	\N	f	 	3	\N
20671	EXCNZ2pAAlZZ7GyE	\N	\N	f	 	3	\N
20672	EXCNZ2pAAlZZ7CyF	\N	\N	f	 	3	\N
20673	EXCNZ2pAAlZZ6_i4	\N	\N	f	 	3	\N
20674	EXCNZ2pAAlZZ67S6	\N	\N	f	 	3	\N
20675	EXCNZ2pAAlZZ62S1	\N	\N	f	 	3	\N
20676	EXCNZ2pAAlZZ6yS0	\N	\N	f	 	3	\N
20677	EXCNZ2pAAlZZ6vC2	\N	\N	f	 	3	\N
20678	EXCNZ2pAAlZZ6rS2	\N	\N	f	 	3	\N
20679	EXCNZ2pAAlZZ6ni2	\N	\N	f	 	3	\N
20680	EXCNZ2pAAlZZ6iS4	\N	\N	f	 	3	\N
20681	EXCNZ2pAAlZZ6fiC	\N	\N	f	 	3	\N
20682	EXCNZ2pAAlZZ6aSA	\N	\N	f	 	3	\N
20683	EXCNZ2pAAlZZ6XSD	\N	\N	f	 	3	\N
20684	EXCNZ2pAAlZZ6SiB	\N	\N	f	 	3	\N
20685	EXCNZ2pAAlZZ6PCA	\N	\N	f	 	3	\N
20686	EXCNZ2pAAlZZ6KiD	\N	\N	f	 	3	\N
20687	EXCNZ2pAAlZZ6GSD	\N	\N	f	 	3	\N
20688	EXCNZ2pAAlZZ6DyA	\N	\N	f	 	3	\N
20689	EXCNZ2pAAlZZ5_y6	\N	\N	f	 	3	\N
20690	EXCNZ2pAAlZZ57S5	\N	\N	f	 	3	\N
20691	EXCNZ2pAAlZZ53y4	\N	\N	f	 	3	\N
20692	EXCNZ2pAAlZZ5yi0	\N	\N	f	 	3	\N
20693	EXCNZ2pAAlZZ5vC1	\N	\N	f	 	3	\N
20694	EXCNZ2pAAlZZ5ri2	\N	\N	f	 	3	\N
20695	EXCNZ2pAAlZZ5my4	\N	\N	f	 	3	\N
20696	EXCNZ2pAAlZZ5ii4	\N	\N	f	 	3	\N
20697	EXCNZ2pAAlZZ5eiB	\N	\N	f	 	3	\N
20698	EXCNZ2pAAlZZ5bSD	\N	\N	f	 	3	\N
20699	EXCNZ2pAAlZZ5XCF	\N	\N	f	 	3	\N
20700	EXCNZ2pAAlZZ5TyD	\N	\N	f	 	3	\N
20701	EXCNZ2pAAlZZ5PiB	\N	\N	f	 	3	\N
20702	EXCNZ2pAAlZZ5LiA	\N	\N	f	 	3	\N
20703	EXCNZ2pAAlZZ5GiD	\N	\N	f	 	3	\N
20704	EXCNZ2pAAlZZ5DCA	\N	\N	f	 	3	\N
20705	EXCNZ2pAAlZZ4_C4	\N	\N	f	 	3	\N
20706	EXCNZ2pAAlZZ47S4	\N	\N	f	 	3	\N
20707	EXCNZ2pAAlZZ42y1	\N	\N	f	 	3	\N
20708	EXCNZ2pAAlZZ4yi1	\N	\N	f	 	3	\N
20709	EXCNZ2pAAlZZ4uS5	\N	\N	f	 	3	\N
20710	EXCNZ2pAAlZZ4qy6	\N	\N	f	 	3	\N
20711	EXCNZ2pAAlZZ4mS7	\N	\N	f	 	3	\N
20712	EXCNZ2pAAlZZ4ii5	\N	\N	f	 	3	\N
20713	EXCNZ2pAAlZZ4fiE	\N	\N	f	 	3	\N
20714	EXCNZ2pAAlZZ4bSC	\N	\N	f	 	3	\N
20715	EXCNZ2pAAlZZ4XiC	\N	\N	f	 	3	\N
20716	EXCNZ2pAAlZZ4TyC	\N	\N	f	 	3	\N
20717	EXCNZ2pAAlZZ4PC8	\N	\N	f	 	3	\N
20718	EXCNZ2pAAlZZ4LS8	\N	\N	f	 	3	\N
20719	EXCNZ2pAAlZZ4GiC	\N	\N	f	 	3	\N
20720	EXCNZ2pAAlZZ4Di9	\N	\N	f	 	3	\N
20721	EXCNZ2pAAlZZ3_CB	\N	\N	f	 	3	\N
20722	EXCNZ2pAAlZZ37SB	\N	\N	f	 	3	\N
20723	EXCNZ2pAAlZZ32yE	\N	\N	f	 	3	\N
20724	EXCNZ2pAAlZZ3zC8	\N	\N	f	 	3	\N
20725	EXCNZ2pAAlZZ3uy8	\N	\N	f	 	3	\N
20726	EXCNZ2pAAlZZ3riC	\N	\N	f	 	3	\N
20727	EXCNZ2pAAlZZ3myA	\N	\N	f	 	3	\N
20728	EXCNZ2pAAlZZ3jyF	\N	\N	f	 	3	\N
20729	EXCNZ2pAAlZZ3ei5	\N	\N	f	 	3	\N
20730	EXCNZ2pAAlZZ3bi0	\N	\N	f	 	3	\N
20731	EXCNZ2pAAlZZ3Wy6	\N	\N	f	 	3	\N
20732	EXCNZ2pAAlZZ3Si6	\N	\N	f	 	3	\N
20733	EXCNZ2pAAlZZ3Oi1	\N	\N	f	 	3	\N
20734	EXCNZ2pAAlZZ3Ky1	\N	\N	f	 	3	\N
20735	EXCNZ2pAAlZZ3Hy6	\N	\N	f	 	3	\N
20736	EXCNZ2pAAlZZ3DS5	\N	\N	f	 	3	\N
20737	EXCNZ2pAAlZZ2_CA	\N	\N	f	 	3	\N
20738	EXCNZ2pAAlZZ27y8	\N	\N	f	 	3	\N
20739	EXCNZ2pAAlZZ22SD	\N	\N	f	 	3	\N
20740	EXCNZ2pAAlZZ2zC9	\N	\N	f	 	3	\N
20741	EXCNZ2pAAlZZ2vSF	\N	\N	f	 	3	\N
20742	EXCNZ2pAAlZZ_eRD	\N	\N	f	 	3	\N
20743	EXCNZ2pAAlZZ_ahF	\N	\N	f	 	3	\N
20744	EXCNZ2pAAlZZ_XRB	\N	\N	f	 	3	\N
20745	EXCNZ2pAAlZZ_TBB	\N	\N	f	 	3	\N
20746	EXCNZ2pAAlZZ_OxB	\N	\N	f	 	3	\N
20747	EXCNZ2pAAlZZ_LBD	\N	\N	f	 	3	\N
20748	EXCNZ2pAAlZZ_HhC	\N	\N	f	 	3	\N
20749	EXCNZ2pAAlZZ_DxC	\N	\N	f	 	3	\N
20750	EXCNZ2pAAlZZ--R4	\N	\N	f	 	3	\N
20751	EXCNZ2pAAlZZ-7x3	\N	\N	f	 	3	\N
20752	EXCNZ2pAAlZZ-2h5	\N	\N	f	 	3	\N
20753	EXCNZ2pAAlZZ-yR7	\N	\N	f	 	3	\N
20754	EXCNZ2pAAlZZ-vx6	\N	\N	f	 	3	\N
20755	EXCNZ2pAAlZZ-rR5	\N	\N	f	 	3	\N
20756	EXCNZ2pAAlZZ-nR6	\N	\N	f	 	3	\N
20757	EXCNZ2pAAlZZ-iR3	\N	\N	f	 	3	\N
20758	EXCNZ2pAAlZZ-exE	\N	\N	f	 	3	\N
20759	EXCNZ2pAAlZZ-bxB	\N	\N	f	 	3	\N
20760	EXCNZ2pAAlZZ-WhD	\N	\N	f	 	3	\N
20761	EXCNZ2pAAlZZ-Tx9	\N	\N	f	 	3	\N
20762	EXCNZ2pAAlZZ-PxE	\N	\N	f	 	3	\N
20763	EXCNZ2pAAlZZ-LRD	\N	\N	f	 	3	\N
20764	EXCNZ2pAAlZZ-HRE	\N	\N	f	 	3	\N
20765	EXCNZ2pAAlZZ-CRB	\N	\N	f	 	3	\N
20766	EXCNZ2pAAlZZ9-R7	\N	\N	f	 	3	\N
20767	EXCNZ2pAAlZZ97B3	\N	\N	f	 	3	\N
20768	EXCNZ2pAAlZZ92h6	\N	\N	f	 	3	\N
20769	EXCNZ2pAAlZZ9zB1	\N	\N	f	 	3	\N
20770	EXCNZ2pAAlZZ9uR3	\N	\N	f	 	3	\N
20771	EXCNZ2pAAlZZ9qh1	\N	\N	f	 	3	\N
20772	EXCNZ2pAAlZZ9mR1	\N	\N	f	 	3	\N
20773	EXCNZ2pAAlZZ9jx6	\N	\N	f	 	3	\N
20774	EXCNZ2pAAlZZ9ehC	\N	\N	f	 	3	\N
20775	EXCNZ2pAAlZZ9axC	\N	\N	f	 	3	\N
20776	EXCNZ2pAAlZZ9XR9	\N	\N	f	 	3	\N
20777	EXCNZ2pAAlZZ9SRC	\N	\N	f	 	3	\N
20778	EXCNZ2pAAlZZ9ORB	\N	\N	f	 	3	\N
20779	EXCNZ2pAAlZZ9LRE	\N	\N	f	 	3	\N
20780	EXCNZ2pAAlZZ9HhE	\N	\N	f	 	3	\N
20781	EXCNZ2pAAlZZ9DBD	\N	\N	f	 	3	\N
20782	EXCNZ2pAAlZZ8-x4	\N	\N	f	 	3	\N
20783	EXCNZ2pAAlZZ87h0	\N	\N	f	 	3	\N
20784	EXCNZ2pAAlZZ83B1	\N	\N	f	 	3	\N
20785	EXCNZ2pAAlZZ8zx3	\N	\N	f	 	3	\N
20786	EXCNZ2pAAlZZ8ux0	\N	\N	f	 	3	\N
20787	EXCNZ2pAAlZZ8qh0	\N	\N	f	 	3	\N
20788	EXCNZ2pAAlZZ8mx2	\N	\N	f	 	3	\N
20789	EXCNZ2pAAlZZ8iR1	\N	\N	f	 	3	\N
20790	EXCNZ2pAAlZZ8ehD	\N	\N	f	 	3	\N
20791	EXCNZ2pAAlZZ8aRF	\N	\N	f	 	3	\N
20792	EXCNZ2pAAlZZ8XR8	\N	\N	f	 	3	\N
20793	EXCNZ2pAAlZZ8ShE	\N	\N	f	 	3	\N
20794	EXCNZ2pAAlZZ8Oh9	\N	\N	f	 	3	\N
20795	EXCNZ2pAAlZZ8LhC	\N	\N	f	 	3	\N
20796	EXCNZ2pAAlZZ8GR8	\N	\N	f	 	3	\N
20797	EXCNZ2pAAlZZ-jj6	\N	\N	f	 	3	\N
20798	EXCNZ2pAAlZZ-fz8	\N	\N	f	 	3	\N
20799	EXCNZ2pAAlZZ-azD	\N	\N	f	 	3	\N
20800	EXCNZ2pAAlZZ-XjB	\N	\N	f	 	3	\N
20801	EXCNZ2pAAlZZ-STD	\N	\N	f	 	3	\N
20802	EXCNZ2pAAlZZ-PzC	\N	\N	f	 	3	\N
20803	EXCNZ2pAAlZZ-Kj8	\N	\N	f	 	3	\N
20804	EXCNZ2pAAlZZ-HjF	\N	\N	f	 	3	\N
20805	EXCNZ2pAAlZZ-CT9	\N	\N	f	 	3	\N
20806	EXCNZ2pAAlZZ9_T1	\N	\N	f	 	3	\N
20807	EXCNZ2pAAlZZ97D1	\N	\N	f	 	3	\N
20808	EXCNZ2pAAlZZ92T7	\N	\N	f	 	3	\N
20809	EXCNZ2pAAlZZ9zj1	\N	\N	f	 	3	\N
20810	EXCNZ2pAAlZZ9uT1	\N	\N	f	 	3	\N
20811	EXCNZ2pAAlZZ9qz2	\N	\N	f	 	3	\N
20812	EXCNZ2pAAlZZ9nj4	\N	\N	f	 	3	\N
20813	EXCNZ2pAAlZZ9jT6	\N	\N	f	 	3	\N
20814	EXCNZ2pAAlZZ9ejE	\N	\N	f	 	3	\N
20815	EXCNZ2pAAlZZ9bD9	\N	\N	f	 	3	\N
20816	EXCNZ2pAAlZZ9XDA	\N	\N	f	 	3	\N
20817	EXCNZ2pAAlZZ9STE	\N	\N	f	 	3	\N
20818	EXCNZ2pAAlZZ9OzB	\N	\N	f	 	3	\N
20819	EXCNZ2pAAlZZ9LjF	\N	\N	f	 	3	\N
20820	EXCNZ2pAAlZZ9HDE	\N	\N	f	 	3	\N
20821	EXCNZ2pAAlZZ9CTA	\N	\N	f	 	3	\N
20822	EXCNZ2pAAlZZ8-j7	\N	\N	f	 	3	\N
20823	EXCNZ2pAAlZZ86z7	\N	\N	f	 	3	\N
20824	EXCNZ2pAAlZZ82z4	\N	\N	f	 	3	\N
20825	EXCNZ2pAAlZZ8yz5	\N	\N	f	 	3	\N
20826	EXCNZ2pAAlZZ8uj3	\N	\N	f	 	3	\N
20827	EXCNZ2pAAlZZ8qz3	\N	\N	f	 	3	\N
20828	EXCNZ2pAAlZZ8mj1	\N	\N	f	 	3	\N
20829	EXCNZ2pAAlZZ8iT3	\N	\N	f	 	3	\N
20830	EXCNZ2pAAlZZ8ejF	\N	\N	f	 	3	\N
20831	EXCNZ2pAAlZZ8bzB	\N	\N	f	 	3	\N
20832	EXCNZ2pAAlZZ8Xj9	\N	\N	f	 	3	\N
20833	EXCNZ2pAAlZZ8STF	\N	\N	f	 	3	\N
20834	EXCNZ2pAAlZZ8OzA	\N	\N	f	 	3	\N
20835	EXCNZ2pAAlZZ8LzF	\N	\N	f	 	3	\N
20836	EXCNZ2pAAlZZ8Gj9	\N	\N	f	 	3	\N
20837	EXCNZ2pAAlZZ8Cz9	\N	\N	f	 	3	\N
20838	EXCNZ2pAAlZZ7_z5	\N	\N	f	 	3	\N
20839	EXCNZ2pAAlZZ77j5	\N	\N	f	 	3	\N
20840	EXCNZ2pAAlZZ73T5	\N	\N	f	 	3	\N
20841	EXCNZ2pAAlZZ7yz2	\N	\N	f	 	3	\N
20842	EXCNZ2pAAlZZ7uj4	\N	\N	f	 	3	\N
20843	EXCNZ2pAAlZZ7qj5	\N	\N	f	 	3	\N
20844	EXCNZ2pAAlZZ7mz7	\N	\N	f	 	3	\N
20845	EXCNZ2pAAlZZ7iT4	\N	\N	f	 	3	\N
20846	EXCNZ2pAAlZZ7eTB	\N	\N	f	 	3	\N
20847	EXCNZ2pAAlZZ7bDF	\N	\N	f	 	3	\N
20848	EXCNZ2pAAlZZ7XDC	\N	\N	f	 	3	\N
20849	EXCNZ2pAAlZZ7TzE	\N	\N	f	 	3	\N
20850	EXCNZ2pAAlZZ7Pz9	\N	\N	f	 	3	\N
20851	EXCNZ2pAAlZZ7KTE	\N	\N	f	 	3	\N
20852	EXCNZ2pAAlZZ7HzB	\N	\N	f	 	3	\N
20853	EXCNZ2pAAlZZ7DjB	\N	\N	f	 	3	\N
20854	EXCNZ2pAAlZZ6_z4	\N	\N	f	 	3	\N
20855	EXCNZ2pAAlZZ67T7	\N	\N	f	 	3	\N
20856	EXCNZ2pAAlZZ63z6	\N	\N	f	 	3	\N
20857	EXCNZ2pAAlZZ6zj6	\N	\N	f	 	3	\N
20858	EXCNZ2pAAlZZ6uj5	\N	\N	f	 	3	\N
20859	EXCNZ2pAAlZZ6qj4	\N	\N	f	 	3	\N
20860	EXCNZ2pAAlZZ6mj7	\N	\N	f	 	3	\N
20861	EXCNZ2pAAlZZ6jT1	\N	\N	f	 	3	\N
20862	EXCNZ2pAAlZZ6fDF	\N	\N	f	 	3	\N
20863	EXCNZ2pAAlZZ6bjC	\N	\N	f	 	3	\N
20864	EXCNZ2pAAlZZ6WT8	\N	\N	f	 	3	\N
20865	EXCNZ2pAAlZZ6TjE	\N	\N	f	 	3	\N
20866	EXCNZ2pAAlZZ6Pz8	\N	\N	f	 	3	\N
20867	EXCNZ2pAAlZZ6KjC	\N	\N	f	 	3	\N
20868	EXCNZ2pAAlZZ6GzE	\N	\N	f	 	3	\N
20869	EXCNZ2pAAlZZ6DjA	\N	\N	f	 	3	\N
20870	EXCNZ2pAAlZZ5_T5	\N	\N	f	 	3	\N
20871	EXCNZ2pAAlZZ57T4	\N	\N	f	 	3	\N
20872	EXCNZ2pAAlZZ53D6	\N	\N	f	 	3	\N
20873	EXCNZ2pAAlZZ5yj1	\N	\N	f	 	3	\N
20874	EXCNZ2pAAlZZ5uT5	\N	\N	f	 	3	\N
20875	EXCNZ2pAAlZZ5qj7	\N	\N	f	 	3	\N
20876	EXCNZ2pAAlZZ5nj0	\N	\N	f	 	3	\N
20877	EXCNZ2pAAlZZ5ij5	\N	\N	f	 	3	\N
20878	EXCNZ2pAAlZZ5fTD	\N	\N	f	 	3	\N
20879	EXCNZ2pAAlZZ5bjF	\N	\N	f	 	3	\N
20880	EXCNZ2pAAlZZ5XzD	\N	\N	f	 	3	\N
20881	EXCNZ2pAAlZZ5TTE	\N	\N	f	 	3	\N
20882	EXCNZ2pAAlZZ5PjA	\N	\N	f	 	3	\N
20883	EXCNZ2pAAlZZ5KzE	\N	\N	f	 	3	\N
20884	EXCNZ2pAAlZZ5Hz9	\N	\N	f	 	3	\N
20885	EXCNZ2pAAlZZ5Dj9	\N	\N	f	 	3	\N
20886	EXCNZ2pAAlZZ4_j7	\N	\N	f	 	3	\N
20887	EXCNZ2pAAlZZ46j2	\N	\N	f	 	3	\N
20888	EXCNZ2pAAlZZ42z0	\N	\N	f	 	3	\N
20889	EXCNZ2pAAlZZ4yz1	\N	\N	f	 	3	\N
20890	EXCNZ2pAAlZZ4uT4	\N	\N	f	 	3	\N
20891	EXCNZ2pAAlZZ4qT5	\N	\N	f	 	3	\N
20892	EXCNZ2pAAlZZ4nT2	\N	\N	f	 	3	\N
20893	EXCNZ2pAAlZZ4iT7	\N	\N	f	 	3	\N
20894	EXCNZ2pAAlZZ4fDD	\N	\N	f	 	3	\N
20895	EXCNZ2pAAlZZ4bTD	\N	\N	f	 	3	\N
20896	EXCNZ2pAAlZZ4XTE	\N	\N	f	 	3	\N
20897	EXCNZ2pAAlZZ4STB	\N	\N	f	 	3	\N
20898	EXCNZ2pAAlZZ4PD9	\N	\N	f	 	3	\N
20899	EXCNZ2pAAlZZ4LjA	\N	\N	f	 	3	\N
20900	EXCNZ2pAAlZZ4HDB	\N	\N	f	 	3	\N
20901	EXCNZ2pAAlZZ4DDA	\N	\N	f	 	3	\N
20902	EXCNZ2pAAlZZ3-zD	\N	\N	f	 	3	\N
20903	EXCNZ2pAAlZZ36zC	\N	\N	f	 	3	\N
20904	EXCNZ2pAAlZZ32jE	\N	\N	f	 	3	\N
20905	EXCNZ2pAAlZZ3yzE	\N	\N	f	 	3	\N
20906	EXCNZ2pAAlZZ3vTF	\N	\N	f	 	3	\N
20907	EXCNZ2pAAlZZ3qTA	\N	\N	f	 	3	\N
20908	EXCNZ2pAAlZZ3nzF	\N	\N	f	 	3	\N
20909	EXCNZ2pAAlZZ3jTC	\N	\N	f	 	3	\N
20910	EXCNZ2pAAlZZ3fz1	\N	\N	f	 	3	\N
20911	EXCNZ2pAAlZZ3bz0	\N	\N	f	 	3	\N
20912	EXCNZ2pAAlZZ3Xz3	\N	\N	f	 	3	\N
20913	EXCNZ2pAAlZZ3Tz2	\N	\N	f	 	3	\N
20914	EXCNZ2pAAlZZ3Pz5	\N	\N	f	 	3	\N
20915	EXCNZ2pAAlZZ3LD7	\N	\N	f	 	3	\N
20916	EXCNZ2pAAlZZ3Gj2	\N	\N	f	 	3	\N
20917	EXCNZ2pAAlZZ3DT4	\N	\N	f	 	3	\N
20918	EXCNZ2pAAlZZ2_TA	\N	\N	f	 	3	\N
20919	EXCNZ2pAAlZZ26TF	\N	\N	f	 	3	\N
20920	EXCNZ2pAAlZZ22TC	\N	\N	f	 	3	\N
20921	EXCNZ2pAAlZZ2zD8	\N	\N	f	 	3	\N
20922	EXCNZ2pAAlZZ2uTA	\N	\N	f	 	3	\N
20923	EXCNZ2pAAlZZ2rzD	\N	\N	f	 	3	\N
20924	EXCNZ2pAAlZZ2mT8	\N	\N	f	 	3	\N
20925	EXCNZ2pAAlZZ2jjE	\N	\N	f	 	3	\N
20926	EXCNZ2pAAlZZ2ej5	\N	\N	f	 	3	\N
20927	EXCNZ2pAAlZZ2bz1	\N	\N	f	 	3	\N
20928	EXCNZ2pAAlZZ2Wz6	\N	\N	f	 	3	\N
20929	EXCNZ2pAAlZZ2TT1	\N	\N	f	 	3	\N
20930	EXCNZ2pAAlZZ2PT6	\N	\N	f	 	3	\N
20931	EXCNZ2pAAlZZ2Kz1	\N	\N	f	 	3	\N
20932	EXCNZ2pAAlZZ2HT4	\N	\N	f	 	3	\N
20933	EXCNZ2pAAlZZ2Dj6	\N	\N	f	 	3	\N
20934	EXCNZ2pAAlZZ1-jE	\N	\N	f	 	3	\N
20935	EXCNZ2pAAlZZ17zA	\N	\N	f	 	3	\N
20936	EXCNZ2pAAlZZ12zD	\N	\N	f	 	3	\N
20937	EXCNZ2pAAlZZ1yjD	\N	\N	f	 	3	\N
20938	EXCNZ2pAAlZZ1vzF	\N	\N	f	 	3	\N
20939	EXCNZ2pAAlZZ1rDD	\N	\N	f	 	3	\N
20940	EXCNZ2pAAlZZ1mTB	\N	\N	f	 	3	\N
20941	EXCNZ2pAAlZZ1iz8	\N	\N	f	 	3	\N
20942	EXCNZ2pAAlZZ1eT5	\N	\N	f	 	3	\N
20943	EXCNZ2pAAlZZ1bz2	\N	\N	f	 	3	\N
20944	EXCNZ2pAAlZZ1Wz5	\N	\N	f	 	3	\N
20945	EXCNZ2pAAlZZ1TT2	\N	\N	f	 	3	\N
20946	EXCNZ2pAAlZZ1Oj2	\N	\N	f	 	3	\N
20947	EXCNZ2pAAlZZ1Kj3	\N	\N	f	 	3	\N
20948	EXCNZ2pAAlZZ1Hz5	\N	\N	f	 	3	\N
20949	EXCNZ2pAAlZZ1Cz0	\N	\N	f	 	3	\N
20950	EXCNZ2pAAlZZ0-TC	\N	\N	f	 	3	\N
20951	EXCNZ2pAAlZZ07jA	\N	\N	f	 	3	\N
20952	EXCNZ2pAAlZZ03TA	\N	\N	f	 	3	\N
20953	EXCNZ2pAAlZZ0zz9	\N	\N	f	 	3	\N
20954	EXCNZ2pAAlZZ0uzA	\N	\N	f	 	3	\N
20955	EXCNZ2pAAlZZ0qzB	\N	\N	f	 	3	\N
20956	EXCNZ2pAAlZZ0mz8	\N	\N	f	 	3	\N
20957	EXCNZ2pAAlZZ0jzD	\N	\N	f	 	3	\N
20958	EXCNZ2pAAlZZ0eT4	\N	\N	f	 	3	\N
20959	EXCNZ2pAAlZZ0bT1	\N	\N	f	 	3	\N
20960	EXCNZ2pAAlZZ0Xz0	\N	\N	f	 	3	\N
20961	EXCNZ2pAAlZZ0TD2	\N	\N	f	 	3	\N
20962	EXCNZ2pAAlZZ0Oj3	\N	\N	f	 	3	\N
20963	EXCNZ2pAAlZZ8CR9	\N	\N	f	 	3	\N
20964	EXCNZ2pAAlZZ7-h2	\N	\N	f	 	3	\N
20965	EXCNZ2pAAlZZ76R0	\N	\N	f	 	3	\N
20966	EXCNZ2pAAlZZ72h0	\N	\N	f	 	3	\N
20967	EXCNZ2pAAlZZ7zh5	\N	\N	f	 	3	\N
20968	EXCNZ2pAAlZZ7uR5	\N	\N	f	 	3	\N
20969	EXCNZ2pAAlZZ7rx2	\N	\N	f	 	3	\N
20970	EXCNZ2pAAlZZ7nR3	\N	\N	f	 	3	\N
20971	EXCNZ2pAAlZZ7jx0	\N	\N	f	 	3	\N
20972	EXCNZ2pAAlZZ7fBC	\N	\N	f	 	3	\N
20973	EXCNZ2pAAlZZ7ahB	\N	\N	f	 	3	\N
20974	EXCNZ2pAAlZZ7XBE	\N	\N	f	 	3	\N
20975	EXCNZ2pAAlZZ7TRE	\N	\N	f	 	3	\N
20976	EXCNZ2pAAlZZ7PR9	\N	\N	f	 	3	\N
20977	EXCNZ2pAAlZZ7LR8	\N	\N	f	 	3	\N
20978	EXCNZ2pAAlZZ7HBA	\N	\N	f	 	3	\N
20979	EXCNZ2pAAlZZ7Dx8	\N	\N	f	 	3	\N
20980	EXCNZ2pAAlZZ6_R4	\N	\N	f	 	3	\N
20981	EXCNZ2pAAlZZ67B4	\N	\N	f	 	3	\N
20982	EXCNZ2pAAlZZ63B7	\N	\N	f	 	3	\N
20983	EXCNZ2pAAlZZ6zh4	\N	\N	f	 	3	\N
20984	EXCNZ2pAAlZZ6vh3	\N	\N	f	 	3	\N
20985	EXCNZ2pAAlZZ6qx7	\N	\N	f	 	3	\N
20986	EXCNZ2pAAlZZ6mx4	\N	\N	f	 	3	\N
20987	EXCNZ2pAAlZZ6jx1	\N	\N	f	 	3	\N
20988	EXCNZ2pAAlZZ6fhF	\N	\N	f	 	3	\N
20989	EXCNZ2pAAlZZ6aR9	\N	\N	f	 	3	\N
20990	EXCNZ2pAAlZZ6Wx8	\N	\N	f	 	3	\N
20991	EXCNZ2pAAlZZ6ThC	\N	\N	f	 	3	\N
20992	EXCNZ2pAAlZZ6OxE	\N	\N	f	 	3	\N
20993	EXCNZ2pAAlZZ6LB8	\N	\N	f	 	3	\N
20994	EXCNZ2pAAlZZ6GxC	\N	\N	f	 	3	\N
20995	EXCNZ2pAAlZZ6ChC	\N	\N	f	 	3	\N
20996	EXCNZ2pAAlZZ5_B6	\N	\N	f	 	3	\N
20997	EXCNZ2pAAlZZ57B7	\N	\N	f	 	3	\N
20998	EXCNZ2pAAlZZ53B4	\N	\N	f	 	3	\N
20999	EXCNZ2pAAlZZ5zx6	\N	\N	f	 	3	\N
21000	EXCNZ2pAAlZZ5uR7	\N	\N	f	 	3	\N
21001	EXCNZ2pAAlZZ5rx0	\N	\N	f	 	3	\N
21002	EXCNZ2pAAlZZ5nh2	\N	\N	f	 	3	\N
21003	EXCNZ2pAAlZZ5ih7	\N	\N	f	 	3	\N
21004	EXCNZ2pAAlZZ5fhC	\N	\N	f	 	3	\N
21005	EXCNZ2pAAlZZ5bxC	\N	\N	f	 	3	\N
21006	EXCNZ2pAAlZZ5XhE	\N	\N	f	 	3	\N
21007	EXCNZ2pAAlZZ5SxA	\N	\N	f	 	3	\N
21008	EXCNZ2pAAlZZ5OxD	\N	\N	f	 	3	\N
21009	EXCNZ2pAAlZZ5KRE	\N	\N	f	 	3	\N
21010	EXCNZ2pAAlZZ5HR9	\N	\N	f	 	3	\N
21011	EXCNZ2pAAlZZ5CxE	\N	\N	f	 	3	\N
21012	EXCNZ2pAAlZZ4-h1	\N	\N	f	 	3	\N
21013	EXCNZ2pAAlZZ46R3	\N	\N	f	 	3	\N
21014	EXCNZ2pAAlZZ43R4	\N	\N	f	 	3	\N
21015	EXCNZ2pAAlZZ4yh2	\N	\N	f	 	3	\N
21016	EXCNZ2pAAlZZ4uR6	\N	\N	f	 	3	\N
21017	EXCNZ2pAAlZZ4rh0	\N	\N	f	 	3	\N
21018	EXCNZ2pAAlZZ4mh7	\N	\N	f	 	3	\N
21019	EXCNZ2pAAlZZ4jR1	\N	\N	f	 	3	\N
21020	EXCNZ2pAAlZZ4ex8	\N	\N	f	 	3	\N
21021	EXCNZ2pAAlZZ4ah8	\N	\N	f	 	3	\N
21022	EXCNZ2pAAlZZ4WhB	\N	\N	f	 	3	\N
21023	EXCNZ2pAAlZZ4ThE	\N	\N	f	 	3	\N
21024	EXCNZ2pAAlZZ4ORE	\N	\N	f	 	3	\N
21025	EXCNZ2pAAlZZ4LRB	\N	\N	f	 	3	\N
21026	EXCNZ2pAAlZZ4GRC	\N	\N	f	 	3	\N
21027	EXCNZ2pAAlZZ4CRD	\N	\N	f	 	3	\N
21028	EXCNZ2pAAlZZ3_R9	\N	\N	f	 	3	\N
21029	EXCNZ2pAAlZZ37B9	\N	\N	f	 	3	\N
21030	EXCNZ2pAAlZZ32hC	\N	\N	f	 	3	\N
21031	EXCNZ2pAAlZZ3zBB	\N	\N	f	 	3	\N
21032	EXCNZ2pAAlZZ3vRD	\N	\N	f	 	3	\N
21033	EXCNZ2pAAlZZ3rhF	\N	\N	f	 	3	\N
21034	EXCNZ2pAAlZZ3nRF	\N	\N	f	 	3	\N
21035	EXCNZ2pAAlZZ3jxC	\N	\N	f	 	3	\N
21036	EXCNZ2pAAlZZ3fR1	\N	\N	f	 	3	\N
21037	EXCNZ2pAAlZZ3bR0	\N	\N	f	 	3	\N
21038	EXCNZ2pAAlZZ3Wx5	\N	\N	f	 	3	\N
21039	EXCNZ2pAAlZZ3Sx4	\N	\N	f	 	3	\N
21040	EXCNZ2pAAlZZ3Px7	\N	\N	f	 	3	\N
21041	EXCNZ2pAAlZZ3Kh3	\N	\N	f	 	3	\N
21042	EXCNZ2pAAlZZ3Hh4	\N	\N	f	 	3	\N
21043	EXCNZ2pAAlZZ3DB7	\N	\N	f	 	3	\N
21044	EXCNZ2pAAlZZ2-xE	\N	\N	f	 	3	\N
21045	EXCNZ2pAAlZZ27xB	\N	\N	f	 	3	\N
21046	EXCNZ2pAAlZZ23BB	\N	\N	f	 	3	\N
21047	EXCNZ2pAAlZZ2yRF	\N	\N	f	 	3	\N
21048	EXCNZ2pAAlZZ2vRC	\N	\N	f	 	3	\N
21049	EXCNZ2pAAlZZ2qxB	\N	\N	f	 	3	\N
21050	EXCNZ2pAAlZZ2mx8	\N	\N	f	 	3	\N
21051	EXCNZ2pAAlZZ2jhC	\N	\N	f	 	3	\N
21052	EXCNZ2pAAlZZ2eh7	\N	\N	f	 	3	\N
21053	EXCNZ2pAAlZZ2bB0	\N	\N	f	 	3	\N
21054	EXCNZ2pAAlZZ2Wx4	\N	\N	f	 	3	\N
21055	EXCNZ2pAAlZZ2Sh4	\N	\N	f	 	3	\N
21056	EXCNZ2pAAlZZ2OR0	\N	\N	f	 	3	\N
21057	EXCNZ2pAAlZZ2Lx7	\N	\N	f	 	3	\N
21058	EXCNZ2pAAlZZ2Hx4	\N	\N	f	 	3	\N
21059	EXCNZ2pAAlZZ2DB6	\N	\N	f	 	3	\N
21060	EXCNZ2pAAlZZ1-RF	\N	\N	f	 	3	\N
21061	EXCNZ2pAAlZZ16RE	\N	\N	f	 	3	\N
21062	EXCNZ2pAAlZZ12RD	\N	\N	f	 	3	\N
21063	EXCNZ2pAAlZZ1zxA	\N	\N	f	 	3	\N
21064	EXCNZ2pAAlZZ1ux9	\N	\N	f	 	3	\N
21065	EXCNZ2pAAlZZ1qx8	\N	\N	f	 	3	\N
21066	EXCNZ2pAAlZZ1mhA	\N	\N	f	 	3	\N
21067	EXCNZ2pAAlZZ1jBD	\N	\N	f	 	3	\N
21068	EXCNZ2pAAlZZ1fx1	\N	\N	f	 	3	\N
21069	EXCNZ2pAAlZZ1bx0	\N	\N	f	 	3	\N
21070	EXCNZ2pAAlZZ1XR1	\N	\N	f	 	3	\N
21071	EXCNZ2pAAlZZ1Tx2	\N	\N	f	 	3	\N
21072	EXCNZ2pAAlZZ1PB6	\N	\N	f	 	3	\N
21073	EXCNZ2pAAlZZ1Lh5	\N	\N	f	 	3	\N
21074	EXCNZ2pAAlZZ1Gh2	\N	\N	f	 	3	\N
21075	EXCNZ2pAAlZZ1DR4	\N	\N	f	 	3	\N
21076	EXCNZ2pAAlZZ0-RE	\N	\N	f	 	3	\N
21077	EXCNZ2pAAlZZ07BA	\N	\N	f	 	3	\N
21078	EXCNZ2pAAlZZ03xA	\N	\N	f	 	3	\N
21079	EXCNZ2pAAlZZ0yRD	\N	\N	f	 	3	\N
21080	EXCNZ2pAAlZZ0uRA	\N	\N	f	 	3	\N
21081	EXCNZ2pAAlZZ0qRB	\N	\N	f	 	3	\N
21082	EXCNZ2pAAlZZ0mxA	\N	\N	f	 	3	\N
21083	EXCNZ2pAAlZZ0jBC	\N	\N	f	 	3	\N
21084	EXCNZ2pAAlZZ0ex4	\N	\N	f	 	3	\N
21085	EXCNZ2pAAlZZ0bB2	\N	\N	f	 	3	\N
21086	EXCNZ2pAAlZZ0Wx6	\N	\N	f	 	3	\N
21087	EXCNZ2pAAlZZ0SR5	\N	\N	f	 	3	\N
21088	EXCNZ2pAAlZZ0Oh1	\N	\N	f	 	3	\N
21089	EXCNZ2pAAlZZ0Lh4	\N	\N	f	 	3	\N
21090	EXCNZ2pAAlZZ0HB5	\N	\N	f	 	3	\N
21091	EXCNZ2pAAlZZ0Ch2	\N	\N	f	 	3	\N
21092	EXCNZ2pAAlZZz_RD	\N	\N	f	 	3	\N
21093	EXCNZ2pAAlZZz7RC	\N	\N	f	 	3	\N
21094	EXCNZ2pAAlZZz2RB	\N	\N	f	 	3	\N
21095	EXCNZ2pAAlZZzyh9	\N	\N	f	 	3	\N
21096	EXCNZ2pAAlZZzuhE	\N	\N	f	 	3	\N
21097	EXCNZ2pAAlZZzqRC	\N	\N	f	 	3	\N
21098	EXCNZ2pAAlZZzmxD	\N	\N	f	 	3	\N
21099	EXCNZ2pAAlZZzjBB	\N	\N	f	 	3	\N
21100	EXCNZ2pAAlZZzeR1	\N	\N	f	 	3	\N
21101	EXCNZ2pAAlZZzbB5	\N	\N	f	 	3	\N
21102	EXCNZ2pAAlZZzXB6	\N	\N	f	 	3	\N
21103	EXCNZ2pAAlZZzTB7	\N	\N	f	 	3	\N
21104	EXCNZ2pAAlZZzPB0	\N	\N	f	 	3	\N
21105	EXCNZ2pAAlZZzKx6	\N	\N	f	 	3	\N
21106	EXCNZ2pAAlZZzHB2	\N	\N	f	 	3	\N
21107	EXCNZ2pAAlZZzDh1	\N	\N	f	 	3	\N
21108	EXCNZ2pAAlZZy-xA	\N	\N	f	 	3	\N
21109	EXCNZ2pAAlZZy7RD	\N	\N	f	 	3	\N
21110	EXCNZ2pAAlZZy3hD	\N	\N	f	 	3	\N
21111	EXCNZ2pAAlZZyzxD	\N	\N	f	 	3	\N
21112	EXCNZ2pAAlZZyvR8	\N	\N	f	 	3	\N
21113	EXCNZ2pAAlZZyqRD	\N	\N	f	 	3	\N
21114	EXCNZ2pAAlZZymxC	\N	\N	f	 	3	\N
21115	EXCNZ2pAAlZZyixD	\N	\N	f	 	3	\N
21116	EXCNZ2pAAlZZyfh7	\N	\N	f	 	3	\N
21117	EXCNZ2pAAlZZyah2	\N	\N	f	 	3	\N
21118	EXCNZ2pAAlZZyXx4	\N	\N	f	 	3	\N
21119	EXCNZ2pAAlZZySR3	\N	\N	f	 	3	\N
21120	EXCNZ2pAAlZZyOR4	\N	\N	f	 	3	\N
21121	EXCNZ2pAAlZZyLh2	\N	\N	f	 	3	\N
21122	EXCNZ2pAAlZZyGR6	\N	\N	f	 	3	\N
21123	EXCNZ2pAAlZZyDR3	\N	\N	f	 	3	\N
21124	EXCNZ2pAAlZZ9qQ3	\N	\N	f	 	3	\N
21125	EXCNZ2pAAlZZ9nw6	\N	\N	f	 	3	\N
21126	EXCNZ2pAAlZZ9ig2	\N	\N	f	 	3	\N
21127	EXCNZ2pAAlZZ9fg9	\N	\N	f	 	3	\N
21128	EXCNZ2pAAlZZ9aQF	\N	\N	f	 	3	\N
21129	EXCNZ2pAAlZZ9WwE	\N	\N	f	 	3	\N
21130	EXCNZ2pAAlZZ9TwB	\N	\N	f	 	3	\N
21131	EXCNZ2pAAlZZ9OQA	\N	\N	f	 	3	\N
21132	EXCNZ2pAAlZZ9LgC	\N	\N	f	 	3	\N
21133	EXCNZ2pAAlZZ9HAD	\N	\N	f	 	3	\N
21134	EXCNZ2pAAlZZ9DAC	\N	\N	f	 	3	\N
21135	EXCNZ2pAAlZZ8_g0	\N	\N	f	 	3	\N
21136	EXCNZ2pAAlZZ86Q6	\N	\N	f	 	3	\N
21137	EXCNZ2pAAlZZ83Q1	\N	\N	f	 	3	\N
21138	EXCNZ2pAAlZZ8yw6	\N	\N	f	 	3	\N
21139	EXCNZ2pAAlZZ8vw5	\N	\N	f	 	3	\N
21140	EXCNZ2pAAlZZ8qQ2	\N	\N	f	 	3	\N
16427	EXCNZ2pAAlZV47Q5	\N	\N	f	 	1	\N
19526	EXCNZ2pAAlZZuij3	\N	\N	f	 	2	\N
24540	EXCNZ2pAAlZYy7B8	\N	\N	f	 	7	\N
21141	EXCNZ2pAAlZZ8ng6	\N	\N	f	 	3	\N
21142	EXCNZ2pAAlZZ8jA5	\N	\N	f	 	3	\N
21143	EXCNZ2pAAlZZ8fw9	\N	\N	f	 	3	\N
21144	EXCNZ2pAAlZZ8aQE	\N	\N	f	 	3	\N
21145	EXCNZ2pAAlZZ8XgA	\N	\N	f	 	3	\N
21146	EXCNZ2pAAlZZ8TA9	\N	\N	f	 	3	\N
21147	EXCNZ2pAAlZZ8PgC	\N	\N	f	 	3	\N
21148	EXCNZ2pAAlZZ8Kg9	\N	\N	f	 	3	\N
21149	EXCNZ2pAAlZZ8HwF	\N	\N	f	 	3	\N
21150	EXCNZ2pAAlZZ8CQ8	\N	\N	f	 	3	\N
21151	EXCNZ2pAAlZZ7_Q4	\N	\N	f	 	3	\N
21152	EXCNZ2pAAlZZ77g6	\N	\N	f	 	3	\N
21153	EXCNZ2pAAlZZ73w4	\N	\N	f	 	3	\N
21154	EXCNZ2pAAlZZ7zg4	\N	\N	f	 	3	\N
21155	EXCNZ2pAAlZZ7uw6	\N	\N	f	 	3	\N
21156	EXCNZ2pAAlZZ7qg6	\N	\N	f	 	3	\N
21157	EXCNZ2pAAlZZ7nw0	\N	\N	f	 	3	\N
21158	EXCNZ2pAAlZZ7jw1	\N	\N	f	 	3	\N
21159	EXCNZ2pAAlZZ7fQC	\N	\N	f	 	3	\N
21160	EXCNZ2pAAlZZ7awB	\N	\N	f	 	3	\N
21161	EXCNZ2pAAlZZ7XAF	\N	\N	f	 	3	\N
21162	EXCNZ2pAAlZZ7Sw9	\N	\N	f	 	3	\N
21163	EXCNZ2pAAlZZ7PQ8	\N	\N	f	 	3	\N
21164	EXCNZ2pAAlZZ7LQ9	\N	\N	f	 	3	\N
21165	EXCNZ2pAAlZZ7GQE	\N	\N	f	 	3	\N
21166	EXCNZ2pAAlZZ7Dg8	\N	\N	f	 	3	\N
21167	EXCNZ2pAAlZZ6_g6	\N	\N	f	 	3	\N
21168	EXCNZ2pAAlZZ66w2	\N	\N	f	 	3	\N
21169	EXCNZ2pAAlZZ63A6	\N	\N	f	 	3	\N
21170	EXCNZ2pAAlZZ6zA7	\N	\N	f	 	3	\N
21171	EXCNZ2pAAlZZ6vA0	\N	\N	f	 	3	\N
21172	EXCNZ2pAAlZZ6qw6	\N	\N	f	 	3	\N
21173	EXCNZ2pAAlZZ6nw1	\N	\N	f	 	3	\N
21174	EXCNZ2pAAlZZ6iw4	\N	\N	f	 	3	\N
21175	EXCNZ2pAAlZZ6eQ9	\N	\N	f	 	3	\N
21176	EXCNZ2pAAlZZ6bAD	\N	\N	f	 	3	\N
21177	EXCNZ2pAAlZZ6Wg8	\N	\N	f	 	3	\N
21178	EXCNZ2pAAlZZ6TQE	\N	\N	f	 	3	\N
21179	EXCNZ2pAAlZZ2qSA	\N	\N	f	 	3	\N
21180	EXCNZ2pAAlZZ2nCC	\N	\N	f	 	3	\N
21181	EXCNZ2pAAlZZ2iyA	\N	\N	f	 	3	\N
21182	EXCNZ2pAAlZZ2fy1	\N	\N	f	 	3	\N
21183	EXCNZ2pAAlZZ2aS6	\N	\N	f	 	3	\N
21184	EXCNZ2pAAlZZ2WS5	\N	\N	f	 	3	\N
21185	EXCNZ2pAAlZZ2Ty2	\N	\N	f	 	3	\N
21186	EXCNZ2pAAlZZ2Py5	\N	\N	f	 	3	\N
21187	EXCNZ2pAAlZZ2Ly4	\N	\N	f	 	3	\N
21188	EXCNZ2pAAlZZ2Hi6	\N	\N	f	 	3	\N
21189	EXCNZ2pAAlZZ2Cy2	\N	\N	f	 	3	\N
21190	EXCNZ2pAAlZZ1_yA	\N	\N	f	 	3	\N
21191	EXCNZ2pAAlZZ17C8	\N	\N	f	 	3	\N
21192	EXCNZ2pAAlZZ12iD	\N	\N	f	 	3	\N
21193	EXCNZ2pAAlZZ1zi8	\N	\N	f	 	3	\N
21194	EXCNZ2pAAlZZ1uiB	\N	\N	f	 	3	\N
21195	EXCNZ2pAAlZZ1rSD	\N	\N	f	 	3	\N
21196	EXCNZ2pAAlZZ1nyC	\N	\N	f	 	3	\N
21197	EXCNZ2pAAlZZ1jyD	\N	\N	f	 	3	\N
21198	EXCNZ2pAAlZZ1ei7	\N	\N	f	 	3	\N
21199	EXCNZ2pAAlZZ1bi2	\N	\N	f	 	3	\N
21200	EXCNZ2pAAlZZ1Wi5	\N	\N	f	 	3	\N
21201	EXCNZ2pAAlZZ1SS7	\N	\N	f	 	3	\N
21202	EXCNZ2pAAlZZ1OS0	\N	\N	f	 	3	\N
21203	EXCNZ2pAAlZZ1Ki2	\N	\N	f	 	3	\N
21204	EXCNZ2pAAlZZ1Gi1	\N	\N	f	 	3	\N
21205	EXCNZ2pAAlZZ1DC6	\N	\N	f	 	3	\N
21206	EXCNZ2pAAlZZ0_S9	\N	\N	f	 	3	\N
21207	EXCNZ2pAAlZZ06yE	\N	\N	f	 	3	\N
21208	EXCNZ2pAAlZZ03SB	\N	\N	f	 	3	\N
21209	EXCNZ2pAAlZZ0zSA	\N	\N	f	 	3	\N
21210	EXCNZ2pAAlZZ0uS9	\N	\N	f	 	3	\N
21211	EXCNZ2pAAlZZ0qiB	\N	\N	f	 	3	\N
21212	EXCNZ2pAAlZZ0mSB	\N	\N	f	 	3	\N
21213	EXCNZ2pAAlZZ0jiD	\N	\N	f	 	3	\N
21214	EXCNZ2pAAlZZ0ey7	\N	\N	f	 	3	\N
21215	EXCNZ2pAAlZZ0aS4	\N	\N	f	 	3	\N
21216	EXCNZ2pAAlZZ0Xi0	\N	\N	f	 	3	\N
21217	EXCNZ2pAAlZZ0Ti1	\N	\N	f	 	3	\N
21218	EXCNZ2pAAlZZ0Py7	\N	\N	f	 	3	\N
21219	EXCNZ2pAAlZZ0Ki3	\N	\N	f	 	3	\N
21220	EXCNZ2pAAlZZ0Gy1	\N	\N	f	 	3	\N
21221	EXCNZ2pAAlZZ0Cy0	\N	\N	f	 	3	\N
21222	EXCNZ2pAAlZZz-SA	\N	\N	f	 	3	\N
21223	EXCNZ2pAAlZZz7SF	\N	\N	f	 	3	\N
21224	EXCNZ2pAAlZZz3iF	\N	\N	f	 	3	\N
21225	EXCNZ2pAAlZZzziE	\N	\N	f	 	3	\N
21226	EXCNZ2pAAlZZzuyC	\N	\N	f	 	3	\N
21227	EXCNZ2pAAlZZzqSF	\N	\N	f	 	3	\N
21228	EXCNZ2pAAlZZznS8	\N	\N	f	 	3	\N
21229	EXCNZ2pAAlZZzjiA	\N	\N	f	 	3	\N
21230	EXCNZ2pAAlZZzeS2	\N	\N	f	 	3	\N
21231	EXCNZ2pAAlZZzai0	\N	\N	f	 	3	\N
21232	EXCNZ2pAAlZZzWS0	\N	\N	f	 	3	\N
21233	EXCNZ2pAAlZZzTy7	\N	\N	f	 	3	\N
21234	EXCNZ2pAAlZZzOS6	\N	\N	f	 	3	\N
21235	EXCNZ2pAAlZZzLS3	\N	\N	f	 	3	\N
21236	EXCNZ2pAAlZZzGS4	\N	\N	f	 	3	\N
21237	EXCNZ2pAAlZZzDi2	\N	\N	f	 	3	\N
21238	EXCNZ2pAAlZZy_yD	\N	\N	f	 	3	\N
21239	EXCNZ2pAAlZZy7iD	\N	\N	f	 	3	\N
21240	EXCNZ2pAAlZZy3yF	\N	\N	f	 	3	\N
21241	EXCNZ2pAAlZZyzSC	\N	\N	f	 	3	\N
21242	EXCNZ2pAAlZZyvy9	\N	\N	f	 	3	\N
21243	EXCNZ2pAAlZZyrSA	\N	\N	f	 	3	\N
21244	EXCNZ2pAAlZZymiE	\N	\N	f	 	3	\N
21245	EXCNZ2pAAlZZyjyA	\N	\N	f	 	3	\N
21246	EXCNZ2pAAlZZyfC6	\N	\N	f	 	3	\N
21247	EXCNZ2pAAlZZyaS2	\N	\N	f	 	3	\N
21248	EXCNZ2pAAlZZyWS1	\N	\N	f	 	3	\N
21249	EXCNZ2pAAlZZySy2	\N	\N	f	 	3	\N
21250	EXCNZ2pAAlZZyOS7	\N	\N	f	 	3	\N
21251	EXCNZ2pAAlZZyKi5	\N	\N	f	 	3	\N
21252	EXCNZ2pAAlZZyHy3	\N	\N	f	 	3	\N
21253	EXCNZ2pAAlZZyDy2	\N	\N	f	 	3	\N
21254	EXCNZ2pAAlZZx-yA	\N	\N	f	 	3	\N
21255	EXCNZ2pAAlZZx6iA	\N	\N	f	 	3	\N
21256	EXCNZ2pAAlZZx3CF	\N	\N	f	 	3	\N
21257	EXCNZ2pAAlZZxyy9	\N	\N	f	 	3	\N
21258	EXCNZ2pAAlZZxuSC	\N	\N	f	 	3	\N
21259	EXCNZ2pAAlZZxriA	\N	\N	f	 	3	\N
21260	EXCNZ2pAAlZZxni9	\N	\N	f	 	3	\N
21261	EXCNZ2pAAlZZxjSB	\N	\N	f	 	3	\N
21262	EXCNZ2pAAlZZxey2	\N	\N	f	 	3	\N
21263	EXCNZ2pAAlZZxay3	\N	\N	f	 	3	\N
21264	EXCNZ2pAAlZZxXS6	\N	\N	f	 	3	\N
21265	EXCNZ2pAAlZZxSy1	\N	\N	f	 	3	\N
21266	EXCNZ2pAAlZZxPy2	\N	\N	f	 	3	\N
21267	EXCNZ2pAAlZZxLS1	\N	\N	f	 	3	\N
21268	EXCNZ2pAAlZZxHC3	\N	\N	f	 	3	\N
21269	EXCNZ2pAAlZZxDy1	\N	\N	f	 	3	\N
21270	EXCNZ2pAAlZZw_yF	\N	\N	f	 	3	\N
21271	EXCNZ2pAAlZZw6yA	\N	\N	f	 	3	\N
21272	EXCNZ2pAAlZZw3SF	\N	\N	f	 	3	\N
21273	EXCNZ2pAAlZZwySA	\N	\N	f	 	3	\N
21274	EXCNZ2pAAlZZwvC8	\N	\N	f	 	3	\N
21275	EXCNZ2pAAlZZwqSC	\N	\N	f	 	3	\N
21276	EXCNZ2pAAlZZwni8	\N	\N	f	 	3	\N
21277	EXCNZ2pAAlZZwiiD	\N	\N	f	 	3	\N
21278	EXCNZ2pAAlZZwey3	\N	\N	f	 	3	\N
21279	EXCNZ2pAAlZZwbC5	\N	\N	f	 	3	\N
21280	EXCNZ2pAAlZZwXi4	\N	\N	f	 	3	\N
21281	EXCNZ2pAAlZZwSi1	\N	\N	f	 	3	\N
21282	EXCNZ2pAAlZZwOi6	\N	\N	f	 	3	\N
21283	EXCNZ2pAAlZZwLC1	\N	\N	f	 	3	\N
21284	EXCNZ2pAAlZZwHS3	\N	\N	f	 	3	\N
21285	EXCNZ2pAAlZZwDy0	\N	\N	f	 	3	\N
21286	EXCNZ2pAAlZZ__B0	\N	\N	f	 	3	\N
21287	EXCNZ2pAAlZZ_7R0	\N	\N	f	 	3	\N
21288	EXCNZ2pAAlZZ_3B2	\N	\N	f	 	3	\N
21289	EXCNZ2pAAlZZ_yh5	\N	\N	f	 	3	\N
21290	EXCNZ2pAAlZZ_ux3	\N	\N	f	 	3	\N
21291	EXCNZ2pAAlZZ_rR4	\N	\N	f	 	3	\N
21292	EXCNZ2pAAlZZ_nB6	\N	\N	f	 	3	\N
21293	EXCNZ2pAAlZZ_jx4	\N	\N	f	 	3	\N
21403	EXCNZ2pAAlZZzaw3	\N	\N	f	 	3	\N
21404	EXCNZ2pAAlZZzWQ2	\N	\N	f	 	3	\N
21405	EXCNZ2pAAlZZzTA6	\N	\N	f	 	3	\N
21406	EXCNZ2pAAlZZzPw2	\N	\N	f	 	3	\N
21407	EXCNZ2pAAlZZzKg6	\N	\N	f	 	3	\N
21408	EXCNZ2pAAlZZzGg5	\N	\N	f	 	3	\N
21409	EXCNZ2pAAlZZzDg0	\N	\N	f	 	3	\N
21410	EXCNZ2pAAlZZy-wB	\N	\N	f	 	3	\N
21411	EXCNZ2pAAlZZy7QC	\N	\N	f	 	3	\N
21412	EXCNZ2pAAlZZy3gC	\N	\N	f	 	3	\N
21413	EXCNZ2pAAlZZyyQA	\N	\N	f	 	3	\N
21414	EXCNZ2pAAlZZyvA8	\N	\N	f	 	3	\N
21415	EXCNZ2pAAlZZyrwA	\N	\N	f	 	3	\N
21416	EXCNZ2pAAlZZynQB	\N	\N	f	 	3	\N
21417	EXCNZ2pAAlZZyjg9	\N	\N	f	 	3	\N
21418	EXCNZ2pAAlZZyfg6	\N	\N	f	 	3	\N
21419	EXCNZ2pAAlZZyag3	\N	\N	f	 	3	\N
21420	EXCNZ2pAAlZZyWQ3	\N	\N	f	 	3	\N
21421	EXCNZ2pAAlZZyTg5	\N	\N	f	 	3	\N
21422	EXCNZ2pAAlZZyPQ1	\N	\N	f	 	3	\N
21423	EXCNZ2pAAlZZyKw6	\N	\N	f	 	3	\N
21424	EXCNZ2pAAlZZyHg0	\N	\N	f	 	3	\N
21425	EXCNZ2pAAlZZyCw4	\N	\N	f	 	3	\N
21426	EXCNZ2pAAlZZx_QE	\N	\N	f	 	3	\N
21427	EXCNZ2pAAlZZx7AE	\N	\N	f	 	3	\N
21428	EXCNZ2pAAlZZx3wE	\N	\N	f	 	3	\N
21429	EXCNZ2pAAlZZxzgE	\N	\N	f	 	3	\N
21430	EXCNZ2pAAlZZxuwC	\N	\N	f	 	3	\N
21431	EXCNZ2pAAlZZxqQF	\N	\N	f	 	3	\N
21432	EXCNZ2pAAlZZxmgF	\N	\N	f	 	3	\N
21433	EXCNZ2pAAlZZxjgA	\N	\N	f	 	3	\N
21434	EXCNZ2pAAlZZxeg1	\N	\N	f	 	3	\N
21435	EXCNZ2pAAlZZxbw5	\N	\N	f	 	3	\N
21436	EXCNZ2pAAlZZxWg3	\N	\N	f	 	3	\N
21437	EXCNZ2pAAlZZxTA4	\N	\N	f	 	3	\N
21438	EXCNZ2pAAlZZxOg5	\N	\N	f	 	3	\N
21439	EXCNZ2pAAlZZxLw1	\N	\N	f	 	3	\N
21440	EXCNZ2pAAlZZxHg3	\N	\N	f	 	3	\N
21441	EXCNZ2pAAlZZxCQ5	\N	\N	f	 	3	\N
21442	EXCNZ2pAAlZZw_gC	\N	\N	f	 	3	\N
21443	EXCNZ2pAAlZZw7QE	\N	\N	f	 	3	\N
21444	EXCNZ2pAAlZZw3wF	\N	\N	f	 	3	\N
21445	EXCNZ2pAAlZZwywA	\N	\N	f	 	3	\N
21446	EXCNZ2pAAlZZwvQB	\N	\N	f	 	3	\N
21447	EXCNZ2pAAlZZwrAB	\N	\N	f	 	3	\N
21448	EXCNZ2pAAlZZwnA8	\N	\N	f	 	3	\N
21449	EXCNZ2pAAlZZwjQ8	\N	\N	f	 	3	\N
21450	EXCNZ2pAAlZZwew1	\N	\N	f	 	3	\N
21451	EXCNZ2pAAlZZwbA7	\N	\N	f	 	3	\N
21452	EXCNZ2pAAlZZwWw3	\N	\N	f	 	3	\N
21453	EXCNZ2pAAlZZwTg7	\N	\N	f	 	3	\N
21454	EXCNZ2pAAlZZwPw1	\N	\N	f	 	3	\N
21455	EXCNZ2pAAlZZx_BE	\N	\N	f	 	3	\N
21456	EXCNZ2pAAlZZx7xC	\N	\N	f	 	3	\N
21457	EXCNZ2pAAlZZx3hE	\N	\N	f	 	3	\N
21458	EXCNZ2pAAlZZxzBD	\N	\N	f	 	3	\N
21459	EXCNZ2pAAlZZxuRF	\N	\N	f	 	3	\N
21460	EXCNZ2pAAlZZxqhD	\N	\N	f	 	3	\N
21461	EXCNZ2pAAlZZxmRD	\N	\N	f	 	3	\N
21462	EXCNZ2pAAlZZxjhB	\N	\N	f	 	3	\N
21463	EXCNZ2pAAlZZxeR3	\N	\N	f	 	3	\N
21464	EXCNZ2pAAlZZxax0	\N	\N	f	 	3	\N
21465	EXCNZ2pAAlZZxWh2	\N	\N	f	 	3	\N
21466	EXCNZ2pAAlZZxTR4	\N	\N	f	 	3	\N
21467	EXCNZ2pAAlZZxPR3	\N	\N	f	 	3	\N
21468	EXCNZ2pAAlZZxLR2	\N	\N	f	 	3	\N
21469	EXCNZ2pAAlZZxHB0	\N	\N	f	 	3	\N
21470	EXCNZ2pAAlZZxCh7	\N	\N	f	 	3	\N
21471	EXCNZ2pAAlZZw-RA	\N	\N	f	 	3	\N
21472	EXCNZ2pAAlZZw7xD	\N	\N	f	 	3	\N
21473	EXCNZ2pAAlZZw2hB	\N	\N	f	 	3	\N
21474	EXCNZ2pAAlZZwzhE	\N	\N	f	 	3	\N
21475	EXCNZ2pAAlZZwvRA	\N	\N	f	 	3	\N
21476	EXCNZ2pAAlZZwrx9	\N	\N	f	 	3	\N
21477	EXCNZ2pAAlZZwnR8	\N	\N	f	 	3	\N
21478	EXCNZ2pAAlZZwjhA	\N	\N	f	 	3	\N
21479	EXCNZ2pAAlZZwfh5	\N	\N	f	 	3	\N
21480	EXCNZ2pAAlZZwax1	\N	\N	f	 	3	\N
21481	EXCNZ2pAAlZZwXh7	\N	\N	f	 	3	\N
21482	EXCNZ2pAAlZZwSx3	\N	\N	f	 	3	\N
21483	EXCNZ2pAAlZZwPh1	\N	\N	f	 	3	\N
21484	EXCNZ2pAAlZZwKh4	\N	\N	f	 	3	\N
21485	EXCNZ2pAAlZZwGh7	\N	\N	f	 	3	\N
21486	EXCNZ2pAAlZZwCR5	\N	\N	f	 	3	\N
21487	EXCNZ2pAAlZZ_-g7	\N	\N	f	 	3	\N
21488	EXCNZ2pAAlZZ_7Q1	\N	\N	f	 	3	\N
21489	EXCNZ2pAAlZZ_3w0	\N	\N	f	 	3	\N
21490	EXCNZ2pAAlZZ_zA2	\N	\N	f	 	3	\N
21491	EXCNZ2pAAlZZ_vw6	\N	\N	f	 	3	\N
21492	EXCNZ2pAAlZZ_qQ1	\N	\N	f	 	3	\N
21493	EXCNZ2pAAlZZ_ng5	\N	\N	f	 	3	\N
21494	EXCNZ2pAAlZZ_jw5	\N	\N	f	 	3	\N
21495	EXCNZ2pAAlZZ_ewE	\N	\N	f	 	3	\N
21496	EXCNZ2pAAlZZ_bgA	\N	\N	f	 	3	\N
21497	EXCNZ2pAAlZZ_WQE	\N	\N	f	 	3	\N
21498	EXCNZ2pAAlZZ_Tw9	\N	\N	f	 	3	\N
21499	EXCNZ2pAAlZZ_OwA	\N	\N	f	 	3	\N
21500	EXCNZ2pAAlZZ_KQ9	\N	\N	f	 	3	\N
21501	EXCNZ2pAAlZZ_Gw8	\N	\N	f	 	3	\N
21502	EXCNZ2pAAlZZ_Cg8	\N	\N	f	 	3	\N
21503	EXCNZ2pAAlZZ--w7	\N	\N	f	 	3	\N
21504	EXCNZ2pAAlZZ-6Q4	\N	\N	f	 	3	\N
21505	EXCNZ2pAAlZZ-3g0	\N	\N	f	 	3	\N
21506	EXCNZ2pAAlZZ-yg5	\N	\N	f	 	3	\N
21507	EXCNZ2pAAlZZ-vQ5	\N	\N	f	 	3	\N
21508	EXCNZ2pAAlZZ-rA5	\N	\N	f	 	3	\N
21509	EXCNZ2pAAlZZ-mQ3	\N	\N	f	 	3	\N
21510	EXCNZ2pAAlZZ-iw0	\N	\N	f	 	3	\N
21511	EXCNZ2pAAlZZ-fQ9	\N	\N	f	 	3	\N
21512	EXCNZ2pAAlZZ-bQ8	\N	\N	f	 	3	\N
21513	EXCNZ2pAAlZZ-Xg8	\N	\N	f	 	3	\N
21514	EXCNZ2pAAlZZ-Tw8	\N	\N	f	 	3	\N
21515	EXCNZ2pAAlZZ-PQD	\N	\N	f	 	3	\N
21516	EXCNZ2pAAlZZ-LgF	\N	\N	f	 	3	\N
21517	EXCNZ2pAAlZZ-Gw9	\N	\N	f	 	3	\N
21518	EXCNZ2pAAlZZ-DgD	\N	\N	f	 	3	\N
21519	EXCNZ2pAAlZZ9_A3	\N	\N	f	 	3	\N
21520	EXCNZ2pAAlZZ97A2	\N	\N	f	 	3	\N
21521	EXCNZ2pAAlZZ92g7	\N	\N	f	 	3	\N
21522	EXCNZ2pAAlZZ9zg2	\N	\N	f	 	3	\N
21523	EXCNZ2pAAlZZ9uQ2	\N	\N	f	 	3	\N
21524	EXCNZ2pAAlZZwKg5	\N	\N	f	 	3	\N
21525	EXCNZ2pAAlZZwGQ5	\N	\N	f	 	3	\N
21540	EXCNZ2pAAlZaD3z0	\N	\N	f	 	4	\N
21541	EXCNZ2pAAlZaDyT7	\N	\N	f	 	4	\N
21542	EXCNZ2pAAlZaDuT0	\N	\N	f	 	4	\N
21543	EXCNZ2pAAlZaDqj2	\N	\N	f	 	4	\N
21544	EXCNZ2pAAlZaDmz0	\N	\N	f	 	4	\N
21545	EXCNZ2pAAlZaDjT7	\N	\N	f	 	4	\N
21546	EXCNZ2pAAlZaDezE	\N	\N	f	 	4	\N
21547	EXCNZ2pAAlZaDazF	\N	\N	f	 	4	\N
21548	EXCNZ2pAAlZaDWzC	\N	\N	f	 	4	\N
21549	EXCNZ2pAAlZaDSjC	\N	\N	f	 	4	\N
21550	EXCNZ2pAAlZaDOjB	\N	\N	f	 	4	\N
21552	EXCNZ2pAAlZaDHjD	\N	\N	f	 	4	\N
21553	EXCNZ2pAAlZaDCTB	\N	\N	f	 	4	\N
21554	EXCNZ2pAAlZaC-z7	\N	\N	f	 	4	\N
21555	EXCNZ2pAAlZaC6T4	\N	\N	f	 	4	\N
21556	EXCNZ2pAAlZaC3j0	\N	\N	f	 	4	\N
21557	EXCNZ2pAAlZaCyz4	\N	\N	f	 	4	\N
21558	EXCNZ2pAAlZaCuT1	\N	\N	f	 	4	\N
21559	EXCNZ2pAAlZaCrD5	\N	\N	f	 	4	\N
21560	EXCNZ2pAAlZaCnz5	\N	\N	f	 	4	\N
21561	EXCNZ2pAAlZaCjz4	\N	\N	f	 	4	\N
21562	EXCNZ2pAAlZaCfT9	\N	\N	f	 	4	\N
21563	EXCNZ2pAAlZaCbjB	\N	\N	f	 	4	\N
21564	EXCNZ2pAAlZaCXj8	\N	\N	f	 	4	\N
21565	EXCNZ2pAAlZaCSjD	\N	\N	f	 	4	\N
21566	EXCNZ2pAAlZaCPTD	\N	\N	f	 	4	\N
21567	EXCNZ2pAAlZaCLTC	\N	\N	f	 	4	\N
21568	EXCNZ2pAAlZaCHjC	\N	\N	f	 	4	\N
21569	EXCNZ2pAAlZaCCTA	\N	\N	f	 	4	\N
21570	EXCNZ2pAAlZaB-j5	\N	\N	f	 	4	\N
21571	EXCNZ2pAAlZaB7j0	\N	\N	f	 	4	\N
21572	EXCNZ2pAAlZaB2T4	\N	\N	f	 	4	\N
21573	EXCNZ2pAAlZaBzz3	\N	\N	f	 	4	\N
21574	EXCNZ2pAAlZaBuT2	\N	\N	f	 	4	\N
21575	EXCNZ2pAAlZaBrD6	\N	\N	f	 	4	\N
21576	EXCNZ2pAAlZaBnz6	\N	\N	f	 	4	\N
21577	EXCNZ2pAAlZaBiT1	\N	\N	f	 	4	\N
21578	EXCNZ2pAAlZaBejD	\N	\N	f	 	4	\N
21579	EXCNZ2pAAlZaBbTB	\N	\N	f	 	4	\N
21580	EXCNZ2pAAlZaBWzE	\N	\N	f	 	4	\N
21581	EXCNZ2pAAlZaBSjE	\N	\N	f	 	4	\N
21582	EXCNZ2pAAlZaBOj9	\N	\N	f	 	4	\N
21583	EXCNZ2pAAlZaBLTF	\N	\N	f	 	4	\N
21584	EXCNZ2pAAlZaBGT8	\N	\N	f	 	4	\N
21585	EXCNZ2pAAlZaBCzB	\N	\N	f	 	4	\N
21586	EXCNZ2pAAlZaA-T7	\N	\N	f	 	4	\N
21587	EXCNZ2pAAlZaA7z0	\N	\N	f	 	4	\N
21588	EXCNZ2pAAlZaA3j2	\N	\N	f	 	4	\N
21589	EXCNZ2pAAlZaAzj3	\N	\N	f	 	4	\N
21590	EXCNZ2pAAlZaAuT3	\N	\N	f	 	4	\N
21591	EXCNZ2pAAlZaArz4	\N	\N	f	 	4	\N
21592	EXCNZ2pAAlZaAmz3	\N	\N	f	 	4	\N
21593	EXCNZ2pAAlZaAiT0	\N	\N	f	 	4	\N
21594	EXCNZ2pAAlZaAfj8	\N	\N	f	 	4	\N
21595	EXCNZ2pAAlZaAajD	\N	\N	f	 	4	\N
21596	EXCNZ2pAAlZaAWTD	\N	\N	f	 	4	\N
21597	EXCNZ2pAAlZaASTC	\N	\N	f	 	4	\N
21598	EXCNZ2pAAlZaAOj8	\N	\N	f	 	4	\N
21599	EXCNZ2pAAlZaALTE	\N	\N	f	 	4	\N
21600	EXCNZ2pAAlZaAGT9	\N	\N	f	 	4	\N
21601	EXCNZ2pAAlZaADjF	\N	\N	f	 	4	\N
21602	EXCNZ2pAAlZaP_yF	\N	\N	f	 	4	\N
21603	EXCNZ2pAAlZaP7yE	\N	\N	f	 	4	\N
21604	EXCNZ2pAAlZaP3SF	\N	\N	f	 	4	\N
21605	EXCNZ2pAAlZaPyi9	\N	\N	f	 	4	\N
21606	EXCNZ2pAAlZaPuSD	\N	\N	f	 	4	\N
21607	EXCNZ2pAAlZaPrC9	\N	\N	f	 	4	\N
21608	EXCNZ2pAAlZaPnSB	\N	\N	f	 	4	\N
21609	EXCNZ2pAAlZaPji9	\N	\N	f	 	4	\N
21610	EXCNZ2pAAlZaPfy7	\N	\N	f	 	4	\N
21611	EXCNZ2pAAlZaPbi7	\N	\N	f	 	4	\N
21612	EXCNZ2pAAlZaPWS3	\N	\N	f	 	4	\N
21613	EXCNZ2pAAlZaPSy0	\N	\N	f	 	4	\N
21614	EXCNZ2pAAlZaPPy3	\N	\N	f	 	4	\N
21615	EXCNZ2pAAlZaPKi7	\N	\N	f	 	4	\N
21616	EXCNZ2pAAlZaPHS3	\N	\N	f	 	4	\N
21617	EXCNZ2pAAlZaPCy4	\N	\N	f	 	4	\N
21618	EXCNZ2pAAlZaO_yE	\N	\N	f	 	4	\N
21619	EXCNZ2pAAlZaO6iA	\N	\N	f	 	4	\N
21620	EXCNZ2pAAlZaO3yC	\N	\N	f	 	4	\N
21621	EXCNZ2pAAlZaOySB	\N	\N	f	 	4	\N
21622	EXCNZ2pAAlZaOuiF	\N	\N	f	 	4	\N
21623	EXCNZ2pAAlZaOqyF	\N	\N	f	 	4	\N
21624	EXCNZ2pAAlZaOnCB	\N	\N	f	 	4	\N
21625	EXCNZ2pAAlZaOjy9	\N	\N	f	 	4	\N
21626	EXCNZ2pAAlZaOfC5	\N	\N	f	 	4	\N
21627	EXCNZ2pAAlZaObi6	\N	\N	f	 	4	\N
21628	EXCNZ2pAAlZaOXS6	\N	\N	f	 	4	\N
21629	EXCNZ2pAAlZaOTC6	\N	\N	f	 	4	\N
21630	EXCNZ2pAAlZaOPC1	\N	\N	f	 	4	\N
21631	EXCNZ2pAAlZaOKy7	\N	\N	f	 	4	\N
21632	EXCNZ2pAAlZaOGS6	\N	\N	f	 	4	\N
21633	EXCNZ2pAAlZaOCS7	\N	\N	f	 	4	\N
21634	EXCNZ2pAAlZaN-SB	\N	\N	f	 	4	\N
21635	EXCNZ2pAAlZaN6i9	\N	\N	f	 	4	\N
21636	EXCNZ2pAAlZaN3CC	\N	\N	f	 	4	\N
21637	EXCNZ2pAAlZaNziF	\N	\N	f	 	4	\N
21638	EXCNZ2pAAlZaNuyD	\N	\N	f	 	4	\N
21639	EXCNZ2pAAlZaNrCB	\N	\N	f	 	4	\N
21640	EXCNZ2pAAlZaNniA	\N	\N	f	 	4	\N
21641	EXCNZ2pAAlZaNjyA	\N	\N	f	 	4	\N
21642	EXCNZ2pAAlZaNey1	\N	\N	f	 	4	\N
21643	EXCNZ2pAAlZaNbS6	\N	\N	f	 	4	\N
21644	EXCNZ2pAAlZaNXS5	\N	\N	f	 	4	\N
21645	EXCNZ2pAAlZaNSy2	\N	\N	f	 	4	\N
21646	EXCNZ2pAAlZaNOi4	\N	\N	f	 	4	\N
21647	EXCNZ2pAAlZaNLC3	\N	\N	f	 	4	\N
21648	EXCNZ2pAAlZaNHS1	\N	\N	f	 	4	\N
21649	EXCNZ2pAAlZaNCi7	\N	\N	f	 	4	\N
21650	EXCNZ2pAAlZaM_yC	\N	\N	f	 	4	\N
21651	EXCNZ2pAAlZaM7SF	\N	\N	f	 	4	\N
21652	EXCNZ2pAAlZaM3SC	\N	\N	f	 	4	\N
21653	EXCNZ2pAAlZaMyiA	\N	\N	f	 	4	\N
21654	EXCNZ2pAAlZaMvi9	\N	\N	f	 	4	\N
21655	EXCNZ2pAAlZaMrCA	\N	\N	f	 	4	\N
21656	EXCNZ2pAAlZaMnS8	\N	\N	f	 	4	\N
21657	EXCNZ2pAAlZaMiSD	\N	\N	f	 	4	\N
21658	EXCNZ2pAAlZaMeS2	\N	\N	f	 	4	\N
21659	EXCNZ2pAAlZaMbS7	\N	\N	f	 	4	\N
21660	EXCNZ2pAAlZaMWy2	\N	\N	f	 	4	\N
21661	EXCNZ2pAAlZaMTC4	\N	\N	f	 	4	\N
21662	EXCNZ2pAAlZaMPS2	\N	\N	f	 	4	\N
21663	EXCNZ2pAAlZaMLC2	\N	\N	f	 	4	\N
21664	EXCNZ2pAAlZaMGS4	\N	\N	f	 	4	\N
21665	EXCNZ2pAAlZaMDS1	\N	\N	f	 	4	\N
21666	EXCNZ2pAAlZaL_S9	\N	\N	f	 	4	\N
21667	EXCNZ2pAAlZaL6iF	\N	\N	f	 	4	\N
21668	EXCNZ2pAAlZaL3i8	\N	\N	f	 	4	\N
21669	EXCNZ2pAAlZaLzCB	\N	\N	f	 	4	\N
21670	EXCNZ2pAAlZaLvCC	\N	\N	f	 	4	\N
21671	EXCNZ2pAAlZaLqS8	\N	\N	f	 	4	\N
21672	EXCNZ2pAAlZaLmi8	\N	\N	f	 	4	\N
21673	EXCNZ2pAAlZaLjCF	\N	\N	f	 	4	\N
21674	EXCNZ2pAAlZaLfy3	\N	\N	f	 	4	\N
21675	EXCNZ2pAAlZaLbC1	\N	\N	f	 	4	\N
21676	EXCNZ2pAAlZaLWi4	\N	\N	f	 	4	\N
21677	EXCNZ2pAAlZaLSy4	\N	\N	f	 	4	\N
21678	EXCNZ2pAAlZaLPC4	\N	\N	f	 	4	\N
21679	EXCNZ2pAAlZaLKS0	\N	\N	f	 	4	\N
21680	EXCNZ2pAAlZaLGS3	\N	\N	f	 	4	\N
21681	EXCNZ2pAAlZaLDy4	\N	\N	f	 	4	\N
21682	EXCNZ2pAAlZaK_S8	\N	\N	f	 	4	\N
21683	EXCNZ2pAAlZaK6SD	\N	\N	f	 	4	\N
21684	EXCNZ2pAAlZaK2yC	\N	\N	f	 	4	\N
21685	EXCNZ2pAAlZaKzSB	\N	\N	f	 	4	\N
21686	EXCNZ2pAAlZaKvCD	\N	\N	f	 	4	\N
21687	EXCNZ2pAAlZaKqyB	\N	\N	f	 	4	\N
21688	EXCNZ2pAAlZaKmSA	\N	\N	f	 	4	\N
21689	EXCNZ2pAAlZaKiSB	\N	\N	f	 	4	\N
21690	EXCNZ2pAAlZaKfi3	\N	\N	f	 	4	\N
21691	EXCNZ2pAAlZaKai6	\N	\N	f	 	4	\N
21692	EXCNZ2pAAlZaKWS6	\N	\N	f	 	4	\N
21693	EXCNZ2pAAlZaKSy5	\N	\N	f	 	4	\N
21694	EXCNZ2pAAlZaKPi7	\N	\N	f	 	4	\N
21695	EXCNZ2pAAlZaKLy7	\N	\N	f	 	4	\N
21696	EXCNZ2pAAlZaKGy0	\N	\N	f	 	4	\N
21697	EXCNZ2pAAlZaKDy5	\N	\N	f	 	4	\N
21698	EXCNZ2pAAlZaJ-iC	\N	\N	f	 	4	\N
21699	EXCNZ2pAAlZaJ6iD	\N	\N	f	 	4	\N
21700	EXCNZ2pAAlZaJ3S9	\N	\N	f	 	4	\N
21701	EXCNZ2pAAlZaJzyA	\N	\N	f	 	4	\N
21702	EXCNZ2pAAlZaJuy9	\N	\N	f	 	4	\N
21703	EXCNZ2pAAlZaJqSA	\N	\N	f	 	4	\N
21704	EXCNZ2pAAlZaJmS9	\N	\N	f	 	4	\N
21705	EXCNZ2pAAlZaJjSC	\N	\N	f	 	4	\N
21706	EXCNZ2pAAlZaJfy1	\N	\N	f	 	4	\N
21707	EXCNZ2pAAlZaJaS6	\N	\N	f	 	4	\N
21708	EXCNZ2pAAlZaJXS1	\N	\N	f	 	4	\N
21709	EXCNZ2pAAlZaJTy2	\N	\N	f	 	4	\N
21710	EXCNZ2pAAlZaJPS7	\N	\N	f	 	4	\N
21711	EXCNZ2pAAlZaJLS6	\N	\N	f	 	4	\N
21712	EXCNZ2pAAlZaJGS1	\N	\N	f	 	4	\N
21713	EXCNZ2pAAlZaJDC5	\N	\N	f	 	4	\N
21714	EXCNZ2pAAlZaI_SA	\N	\N	f	 	4	\N
21715	EXCNZ2pAAlZaI6iC	\N	\N	f	 	4	\N
21716	EXCNZ2pAAlZaI3C9	\N	\N	f	 	4	\N
21717	EXCNZ2pAAlZaIySD	\N	\N	f	 	4	\N
21718	EXCNZ2pAAlZaIvSE	\N	\N	f	 	4	\N
21719	EXCNZ2pAAlZaIryD	\N	\N	f	 	4	\N
21720	EXCNZ2pAAlZaImS8	\N	\N	f	 	4	\N
21721	EXCNZ2pAAlZaIjyF	\N	\N	f	 	4	\N
21722	EXCNZ2pAAlZaIfS2	\N	\N	f	 	4	\N
21723	EXCNZ2pAAlZaIay5	\N	\N	f	 	4	\N
21724	EXCNZ2pAAlZaIXS0	\N	\N	f	 	4	\N
21725	EXCNZ2pAAlZaISS5	\N	\N	f	 	4	\N
21726	EXCNZ2pAAlZaIOy0	\N	\N	f	 	4	\N
21727	EXCNZ2pAAlZaILi4	\N	\N	f	 	4	\N
21728	EXCNZ2pAAlZaIGS0	\N	\N	f	 	4	\N
21729	EXCNZ2pAAlZaIDy7	\N	\N	f	 	4	\N
21730	EXCNZ2pAAlZaH_y7	\N	\N	f	 	4	\N
21731	EXCNZ2pAAlZaH6S0	\N	\N	f	 	4	\N
21732	EXCNZ2pAAlZaH2i0	\N	\N	f	 	4	\N
21733	EXCNZ2pAAlZaHyy0	\N	\N	f	 	4	\N
21734	EXCNZ2pAAlZaHuS5	\N	\N	f	 	4	\N
21735	EXCNZ2pAAlZaHri3	\N	\N	f	 	4	\N
21736	EXCNZ2pAAlZaHnS3	\N	\N	f	 	4	\N
21737	EXCNZ2pAAlZaHiy4	\N	\N	f	 	4	\N
21738	EXCNZ2pAAlZaHfCC	\N	\N	f	 	4	\N
21739	EXCNZ2pAAlZaHaiB	\N	\N	f	 	4	\N
21740	EXCNZ2pAAlZaHWSB	\N	\N	f	 	4	\N
21741	EXCNZ2pAAlZaHSSA	\N	\N	f	 	4	\N
21742	EXCNZ2pAAlZaCGSA	\N	\N	f	 	4	\N
21743	EXCNZ2pAAlZaCCi8	\N	\N	f	 	4	\N
21744	EXCNZ2pAAlZaB_y1	\N	\N	f	 	4	\N
21745	EXCNZ2pAAlZaB7C3	\N	\N	f	 	4	\N
21746	EXCNZ2pAAlZaB2y7	\N	\N	f	 	4	\N
21747	EXCNZ2pAAlZaBzy2	\N	\N	f	 	4	\N
21748	EXCNZ2pAAlZaBvi4	\N	\N	f	 	4	\N
21749	EXCNZ2pAAlZaBry4	\N	\N	f	 	4	\N
21750	EXCNZ2pAAlZaBni6	\N	\N	f	 	4	\N
21751	EXCNZ2pAAlZaBjC5	\N	\N	f	 	4	\N
21752	EXCNZ2pAAlZaBeSF	\N	\N	f	 	4	\N
21753	EXCNZ2pAAlZaBbi9	\N	\N	f	 	4	\N
21754	EXCNZ2pAAlZaBXyB	\N	\N	f	 	4	\N
21755	EXCNZ2pAAlZaBSiF	\N	\N	f	 	4	\N
21756	EXCNZ2pAAlZaBPSF	\N	\N	f	 	4	\N
21757	EXCNZ2pAAlZaBLyC	\N	\N	f	 	4	\N
21758	EXCNZ2pAAlZaBHCC	\N	\N	f	 	4	\N
21759	EXCNZ2pAAlZaBDiF	\N	\N	f	 	4	\N
21760	EXCNZ2pAAlZaA_i1	\N	\N	f	 	4	\N
21761	EXCNZ2pAAlZaA6S7	\N	\N	f	 	4	\N
21762	EXCNZ2pAAlZaA2i7	\N	\N	f	 	4	\N
21763	EXCNZ2pAAlZaAzC0	\N	\N	f	 	4	\N
21764	EXCNZ2pAAlZaAvy4	\N	\N	f	 	4	\N
21765	EXCNZ2pAAlZaOiTE	\N	\N	f	 	4	\N
21766	EXCNZ2pAAlZaOfD4	\N	\N	f	 	4	\N
21767	EXCNZ2pAAlZaOaT0	\N	\N	f	 	4	\N
21768	EXCNZ2pAAlZaOXj4	\N	\N	f	 	4	\N
21769	EXCNZ2pAAlZaOTz4	\N	\N	f	 	4	\N
21770	EXCNZ2pAAlZaOPz3	\N	\N	f	 	4	\N
21771	EXCNZ2pAAlZaOLz2	\N	\N	f	 	4	\N
21772	EXCNZ2pAAlZaOHj0	\N	\N	f	 	4	\N
21773	EXCNZ2pAAlZaODT2	\N	\N	f	 	4	\N
21774	EXCNZ2pAAlZaN_TE	\N	\N	f	 	4	\N
21775	EXCNZ2pAAlZaN7TF	\N	\N	f	 	4	\N
21776	EXCNZ2pAAlZaN2zA	\N	\N	f	 	4	\N
21777	EXCNZ2pAAlZaNyjA	\N	\N	f	 	4	\N
21778	EXCNZ2pAAlZaNujD	\N	\N	f	 	4	\N
21779	EXCNZ2pAAlZaNrTB	\N	\N	f	 	4	\N
21780	EXCNZ2pAAlZaNnzA	\N	\N	f	 	4	\N
21781	EXCNZ2pAAlZaNjT9	\N	\N	f	 	4	\N
21782	EXCNZ2pAAlZaNez0	\N	\N	f	 	4	\N
21783	EXCNZ2pAAlZaNbT7	\N	\N	f	 	4	\N
21784	EXCNZ2pAAlZaNXj7	\N	\N	f	 	4	\N
21785	EXCNZ2pAAlZaNSz3	\N	\N	f	 	4	\N
21786	EXCNZ2pAAlZaNPz0	\N	\N	f	 	4	\N
21787	EXCNZ2pAAlZaNKj4	\N	\N	f	 	4	\N
21788	EXCNZ2pAAlZaNHj3	\N	\N	f	 	4	\N
21789	EXCNZ2pAAlZaNCj6	\N	\N	f	 	4	\N
21790	EXCNZ2pAAlZaM_jC	\N	\N	f	 	4	\N
21791	EXCNZ2pAAlZaM7DF	\N	\N	f	 	4	\N
21792	EXCNZ2pAAlZaM3jE	\N	\N	f	 	4	\N
21793	EXCNZ2pAAlZaMyzA	\N	\N	f	 	4	\N
21794	EXCNZ2pAAlZaMuTF	\N	\N	f	 	4	\N
21795	EXCNZ2pAAlZaMrj9	\N	\N	f	 	4	\N
21796	EXCNZ2pAAlZaMnzB	\N	\N	f	 	4	\N
21797	EXCNZ2pAAlZaMjzA	\N	\N	f	 	4	\N
21798	EXCNZ2pAAlZaMfz5	\N	\N	f	 	4	\N
21799	EXCNZ2pAAlZaMaj1	\N	\N	f	 	4	\N
21800	EXCNZ2pAAlZaMXD4	\N	\N	f	 	4	\N
21801	EXCNZ2pAAlZaMSz2	\N	\N	f	 	4	\N
21802	EXCNZ2pAAlZaMPT3	\N	\N	f	 	4	\N
21803	EXCNZ2pAAlZaMLT2	\N	\N	f	 	4	\N
21804	EXCNZ2pAAlZaMGT5	\N	\N	f	 	4	\N
21805	EXCNZ2pAAlZaMCz6	\N	\N	f	 	4	\N
21806	EXCNZ2pAAlZaL_jB	\N	\N	f	 	4	\N
21807	EXCNZ2pAAlZaL7zB	\N	\N	f	 	4	\N
21808	EXCNZ2pAAlZaL3z8	\N	\N	f	 	4	\N
21809	EXCNZ2pAAlZaLzTB	\N	\N	f	 	4	\N
21810	EXCNZ2pAAlZaLujB	\N	\N	f	 	4	\N
21811	EXCNZ2pAAlZaLqzB	\N	\N	f	 	4	\N
21812	EXCNZ2pAAlZaLnjD	\N	\N	f	 	4	\N
21813	EXCNZ2pAAlZaLjzD	\N	\N	f	 	4	\N
21814	EXCNZ2pAAlZaLej7	\N	\N	f	 	4	\N
21815	EXCNZ2pAAlZaLbT1	\N	\N	f	 	4	\N
21816	EXCNZ2pAAlZaLWj5	\N	\N	f	 	4	\N
21817	EXCNZ2pAAlZaLTz1	\N	\N	f	 	4	\N
21818	EXCNZ2pAAlZaLPj7	\N	\N	f	 	4	\N
21819	EXCNZ2pAAlZaLLz7	\N	\N	f	 	4	\N
21820	EXCNZ2pAAlZaLHD7	\N	\N	f	 	4	\N
21821	EXCNZ2pAAlZaLCT3	\N	\N	f	 	4	\N
21822	EXCNZ2pAAlZaK_zB	\N	\N	f	 	4	\N
21823	EXCNZ2pAAlZaK6zE	\N	\N	f	 	4	\N
21824	EXCNZ2pAAlZaK2zD	\N	\N	f	 	4	\N
21825	EXCNZ2pAAlZaKyjD	\N	\N	f	 	4	\N
21826	EXCNZ2pAAlZaKujA	\N	\N	f	 	4	\N
21827	EXCNZ2pAAlZaKqjB	\N	\N	f	 	4	\N
21828	EXCNZ2pAAlZaKmz9	\N	\N	f	 	4	\N
21829	EXCNZ2pAAlZaKiTA	\N	\N	f	 	4	\N
21830	EXCNZ2pAAlZaKfj2	\N	\N	f	 	4	\N
21831	EXCNZ2pAAlZaKaT4	\N	\N	f	 	4	\N
21832	EXCNZ2pAAlZaKXT3	\N	\N	f	 	4	\N
21833	EXCNZ2pAAlZaKSj5	\N	\N	f	 	4	\N
21834	EXCNZ2pAAlZaKPD4	\N	\N	f	 	4	\N
21835	EXCNZ2pAAlZaKKz2	\N	\N	f	 	4	\N
21836	EXCNZ2pAAlZaKHj4	\N	\N	f	 	4	\N
21837	EXCNZ2pAAlZaKDT6	\N	\N	f	 	4	\N
21838	EXCNZ2pAAlZaJ_z8	\N	\N	f	 	4	\N
21839	EXCNZ2pAAlZaJ6zD	\N	\N	f	 	4	\N
21840	EXCNZ2pAAlZaJ2jF	\N	\N	f	 	4	\N
21841	EXCNZ2pAAlZaJzzB	\N	\N	f	 	4	\N
21842	EXCNZ2pAAlZaJvTE	\N	\N	f	 	4	\N
21843	EXCNZ2pAAlZaJrDE	\N	\N	f	 	4	\N
21844	EXCNZ2pAAlZaJnDD	\N	\N	f	 	4	\N
21845	EXCNZ2pAAlZaJjzF	\N	\N	f	 	4	\N
21846	EXCNZ2pAAlZaJfz0	\N	\N	f	 	4	\N
21847	EXCNZ2pAAlZaJbj0	\N	\N	f	 	4	\N
21848	EXCNZ2pAAlZaJXT0	\N	\N	f	 	4	\N
21849	EXCNZ2pAAlZaJTD0	\N	\N	f	 	4	\N
21850	EXCNZ2pAAlZaJOj1	\N	\N	f	 	4	\N
21851	EXCNZ2pAAlZaJKj0	\N	\N	f	 	4	\N
21852	EXCNZ2pAAlZaJGT0	\N	\N	f	 	4	\N
21853	EXCNZ2pAAlZaJDj6	\N	\N	f	 	4	\N
21854	EXCNZ2pAAlZaI-zD	\N	\N	f	 	4	\N
21855	EXCNZ2pAAlZaI7j9	\N	\N	f	 	4	\N
21856	EXCNZ2pAAlZaI3jA	\N	\N	f	 	4	\N
21857	EXCNZ2pAAlZaIyTC	\N	\N	f	 	4	\N
21858	EXCNZ2pAAlZaIvDE	\N	\N	f	 	4	\N
21859	EXCNZ2pAAlZaIrDF	\N	\N	f	 	4	\N
21860	EXCNZ2pAAlZaInzF	\N	\N	f	 	4	\N
21861	EXCNZ2pAAlZaIiT8	\N	\N	f	 	4	\N
21862	EXCNZ2pAAlZaIeT7	\N	\N	f	 	4	\N
21863	EXCNZ2pAAlZaIaT6	\N	\N	f	 	4	\N
21864	EXCNZ2pAAlZaIXj2	\N	\N	f	 	4	\N
21865	EXCNZ2pAAlZaIST4	\N	\N	f	 	4	\N
21866	EXCNZ2pAAlZaIOj0	\N	\N	f	 	4	\N
21867	EXCNZ2pAAlZaILz4	\N	\N	f	 	4	\N
21868	EXCNZ2pAAlZaIGT1	\N	\N	f	 	4	\N
21869	EXCNZ2pAAlZaICj3	\N	\N	f	 	4	\N
21870	EXCNZ2pAAlZaH_D5	\N	\N	f	 	4	\N
21871	EXCNZ2pAAlZaH6z3	\N	\N	f	 	4	\N
21872	EXCNZ2pAAlZaH3T6	\N	\N	f	 	4	\N
21873	EXCNZ2pAAlZaHzz5	\N	\N	f	 	4	\N
21874	EXCNZ2pAAlZaHvT0	\N	\N	f	 	4	\N
21875	EXCNZ2pAAlZaHrD0	\N	\N	f	 	4	\N
21876	EXCNZ2pAAlZaHnj1	\N	\N	f	 	4	\N
21877	EXCNZ2pAAlZaHjj0	\N	\N	f	 	4	\N
21878	EXCNZ2pAAlZaHfTC	\N	\N	f	 	4	\N
21879	EXCNZ2pAAlZaHbTD	\N	\N	f	 	4	\N
21880	EXCNZ2pAAlZaHXjD	\N	\N	f	 	4	\N
21881	EXCNZ2pAAlZaHTzD	\N	\N	f	 	4	\N
21882	EXCNZ2pAAlZaHOTC	\N	\N	f	 	4	\N
21883	EXCNZ2pAAlZaHKzF	\N	\N	f	 	4	\N
21884	EXCNZ2pAAlZaHHDB	\N	\N	f	 	4	\N
21885	EXCNZ2pAAlZaHDj8	\N	\N	f	 	4	\N
21886	EXCNZ2pAAlZaG_D4	\N	\N	f	 	4	\N
21887	EXCNZ2pAAlZaG6T0	\N	\N	f	 	4	\N
21888	EXCNZ2pAAlZaG3z5	\N	\N	f	 	4	\N
21889	EXCNZ2pAAlZaGzz4	\N	\N	f	 	4	\N
21890	EXCNZ2pAAlZaGuj6	\N	\N	f	 	4	\N
21891	EXCNZ2pAAlZaGrj3	\N	\N	f	 	4	\N
21892	EXCNZ2pAAlZaGmT7	\N	\N	f	 	4	\N
21893	EXCNZ2pAAlZaGjz0	\N	\N	f	 	4	\N
21894	EXCNZ2pAAlZaGejA	\N	\N	f	 	4	\N
21895	EXCNZ2pAAlZaGajB	\N	\N	f	 	4	\N
21896	EXCNZ2pAAlZaGWj8	\N	\N	f	 	4	\N
21897	EXCNZ2pAAlZaGSTA	\N	\N	f	 	4	\N
21898	EXCNZ2pAAlZaGOzF	\N	\N	f	 	4	\N
21899	EXCNZ2pAAlZaGLD9	\N	\N	f	 	4	\N
21900	EXCNZ2pAAlZaGHDA	\N	\N	f	 	4	\N
21901	EXCNZ2pAAlZaGCTE	\N	\N	f	 	4	\N
21902	EXCNZ2pAAlZaF_D7	\N	\N	f	 	4	\N
21903	EXCNZ2pAAlZaF7j4	\N	\N	f	 	4	\N
21904	EXCNZ2pAAlZaF3D5	\N	\N	f	 	4	\N
21905	EXCNZ2pAAlZaFyj2	\N	\N	f	 	4	\N
21906	EXCNZ2pAAlZaFvD3	\N	\N	f	 	4	\N
21907	EXCNZ2pAAlZaFrj0	\N	\N	f	 	4	\N
21908	EXCNZ2pAAlZaFmz6	\N	\N	f	 	4	\N
21909	EXCNZ2pAAlZaFij6	\N	\N	f	 	4	\N
21910	EXCNZ2pAAlZaFfjD	\N	\N	f	 	4	\N
21911	EXCNZ2pAAlZaFbjC	\N	\N	f	 	4	\N
21912	EXCNZ2pAAlZaFXjF	\N	\N	f	 	4	\N
21913	EXCNZ2pAAlZaFSjA	\N	\N	f	 	4	\N
21914	EXCNZ2pAAlZaFOzC	\N	\N	f	 	4	\N
21915	EXCNZ2pAAlZaFKjC	\N	\N	f	 	4	\N
21916	EXCNZ2pAAlZaFHjB	\N	\N	f	 	4	\N
21917	EXCNZ2pAAlZaFCTD	\N	\N	f	 	4	\N
21918	EXCNZ2pAAlZaE_j4	\N	\N	f	 	4	\N
21919	EXCNZ2pAAlZaE6T2	\N	\N	f	 	4	\N
21920	EXCNZ2pAAlZaE2T1	\N	\N	f	 	4	\N
21921	EXCNZ2pAAlZaEyT0	\N	\N	f	 	4	\N
21922	EXCNZ2pAAlZaAqy1	\N	\N	f	 	4	\N
21923	EXCNZ2pAAlZaAni7	\N	\N	f	 	4	\N
21924	EXCNZ2pAAlZaAiy3	\N	\N	f	 	4	\N
21925	EXCNZ2pAAlZaAeyC	\N	\N	f	 	4	\N
21926	EXCNZ2pAAlZaAbCA	\N	\N	f	 	4	\N
21927	EXCNZ2pAAlZaAWyE	\N	\N	f	 	4	\N
21928	EXCNZ2pAAlZaASSD	\N	\N	f	 	4	\N
21929	EXCNZ2pAAlZaAOi9	\N	\N	f	 	4	\N
21930	EXCNZ2pAAlZaALSF	\N	\N	f	 	4	\N
21931	EXCNZ2pAAlZaAGiB	\N	\N	f	 	4	\N
21932	EXCNZ2pAAlZaADSD	\N	\N	f	 	4	\N
21933	EXCNZ2pAAlZaP_RE	\N	\N	f	 	4	\N
21934	EXCNZ2pAAlZaP7RF	\N	\N	f	 	4	\N
21935	EXCNZ2pAAlZaP2hB	\N	\N	f	 	4	\N
21936	EXCNZ2pAAlZaPyhA	\N	\N	f	 	4	\N
21937	EXCNZ2pAAlZaPvBB	\N	\N	f	 	4	\N
21938	EXCNZ2pAAlZaPrx9	\N	\N	f	 	4	\N
21939	EXCNZ2pAAlZaPmxE	\N	\N	f	 	4	\N
21940	EXCNZ2pAAlZaPixF	\N	\N	f	 	4	\N
21941	EXCNZ2pAAlZaPex0	\N	\N	f	 	4	\N
21942	EXCNZ2pAAlZaPax1	\N	\N	f	 	4	\N
21943	EXCNZ2pAAlZaPXh7	\N	\N	f	 	4	\N
21944	EXCNZ2pAAlZaPTR5	\N	\N	f	 	4	\N
21945	EXCNZ2pAAlZaPPx0	\N	\N	f	 	4	\N
21946	EXCNZ2pAAlZaPKR7	\N	\N	f	 	4	\N
21947	EXCNZ2pAAlZaPHR0	\N	\N	f	 	4	\N
21948	EXCNZ2pAAlZaPDR1	\N	\N	f	 	4	\N
21949	EXCNZ2pAAlZaO_xD	\N	\N	f	 	4	\N
21950	EXCNZ2pAAlZaO7BF	\N	\N	f	 	4	\N
21951	EXCNZ2pAAlZaO3BC	\N	\N	f	 	4	\N
21952	EXCNZ2pAAlZaOyxA	\N	\N	f	 	4	\N
21953	EXCNZ2pAAlZaOvh8	\N	\N	f	 	4	\N
21954	EXCNZ2pAAlZaOrh9	\N	\N	f	 	4	\N
21955	EXCNZ2pAAlZaOmxF	\N	\N	f	 	4	\N
21956	EXCNZ2pAAlZaOjxA	\N	\N	f	 	4	\N
21957	EXCNZ2pAAlZaOfR7	\N	\N	f	 	4	\N
21958	EXCNZ2pAAlZaObR6	\N	\N	f	 	4	\N
21959	EXCNZ2pAAlZaOWh2	\N	\N	f	 	4	\N
21960	EXCNZ2pAAlZaOTx6	\N	\N	f	 	4	\N
21961	EXCNZ2pAAlZaOOh4	\N	\N	f	 	4	\N
21962	EXCNZ2pAAlZaOLR2	\N	\N	f	 	4	\N
21963	EXCNZ2pAAlZaOHB0	\N	\N	f	 	4	\N
21964	EXCNZ2pAAlZaODR0	\N	\N	f	 	4	\N
21965	EXCNZ2pAAlZaN-R8	\N	\N	f	 	4	\N
21966	EXCNZ2pAAlZaN6hA	\N	\N	f	 	4	\N
21967	EXCNZ2pAAlZaN3BF	\N	\N	f	 	4	\N
21968	EXCNZ2pAAlZaNyh8	\N	\N	f	 	4	\N
21969	EXCNZ2pAAlZaNvxA	\N	\N	f	 	4	\N
21970	EXCNZ2pAAlZaNqhE	\N	\N	f	 	4	\N
21971	EXCNZ2pAAlZaNnBB	\N	\N	f	 	4	\N
21972	EXCNZ2pAAlZaNixD	\N	\N	f	 	4	\N
21973	EXCNZ2pAAlZaNfR4	\N	\N	f	 	4	\N
21974	EXCNZ2pAAlZaNbx7	\N	\N	f	 	4	\N
21975	EXCNZ2pAAlZaNXh5	\N	\N	f	 	4	\N
21976	EXCNZ2pAAlZaNTR7	\N	\N	f	 	4	\N
21977	EXCNZ2pAAlZaNPh3	\N	\N	f	 	4	\N
21978	EXCNZ2pAAlZaNKh6	\N	\N	f	 	4	\N
21979	EXCNZ2pAAlZaNHx0	\N	\N	f	 	4	\N
21980	EXCNZ2pAAlZaNCh4	\N	\N	f	 	4	\N
21981	EXCNZ2pAAlZaM_xF	\N	\N	f	 	4	\N
21982	EXCNZ2pAAlZaM6R8	\N	\N	f	 	4	\N
21983	EXCNZ2pAAlZaM3RF	\N	\N	f	 	4	\N
21984	EXCNZ2pAAlZaMzBF	\N	\N	f	 	4	\N
21985	EXCNZ2pAAlZaMvB8	\N	\N	f	 	4	\N
21986	EXCNZ2pAAlZaMqxE	\N	\N	f	 	4	\N
21987	EXCNZ2pAAlZaMnBA	\N	\N	f	 	4	\N
21988	EXCNZ2pAAlZaMjx8	\N	\N	f	 	4	\N
21989	EXCNZ2pAAlZaMeR1	\N	\N	f	 	4	\N
21990	EXCNZ2pAAlZaMaR0	\N	\N	f	 	4	\N
21991	EXCNZ2pAAlZaMXh4	\N	\N	f	 	4	\N
21992	EXCNZ2pAAlZaMSx0	\N	\N	f	 	4	\N
21993	EXCNZ2pAAlZaMPx3	\N	\N	f	 	4	\N
21994	EXCNZ2pAAlZaMKR4	\N	\N	f	 	4	\N
21995	EXCNZ2pAAlZaMHx1	\N	\N	f	 	4	\N
21996	EXCNZ2pAAlZaMCR6	\N	\N	f	 	4	\N
21997	EXCNZ2pAAlZaL_RA	\N	\N	f	 	4	\N
21998	EXCNZ2pAAlZaL6RF	\N	\N	f	 	4	\N
21999	EXCNZ2pAAlZaL2xE	\N	\N	f	 	4	\N
22000	EXCNZ2pAAlZaLzB8	\N	\N	f	 	4	\N
22001	EXCNZ2pAAlZaLvhD	\N	\N	f	 	4	\N
22002	EXCNZ2pAAlZaLrBE	\N	\N	f	 	4	\N
22003	EXCNZ2pAAlZaLmR8	\N	\N	f	 	4	\N
22004	EXCNZ2pAAlZaLihA	\N	\N	f	 	4	\N
22005	EXCNZ2pAAlZaLfx0	\N	\N	f	 	4	\N
22006	EXCNZ2pAAlZaLaR7	\N	\N	f	 	4	\N
22007	EXCNZ2pAAlZaLWx6	\N	\N	f	 	4	\N
22008	EXCNZ2pAAlZaLTR1	\N	\N	f	 	4	\N
22009	EXCNZ2pAAlZaLOR2	\N	\N	f	 	4	\N
22010	EXCNZ2pAAlZaLLx5	\N	\N	f	 	4	\N
22011	EXCNZ2pAAlZaLHh7	\N	\N	f	 	4	\N
22012	EXCNZ2pAAlZaLCx3	\N	\N	f	 	4	\N
22013	EXCNZ2pAAlZaK-xD	\N	\N	f	 	4	\N
22014	EXCNZ2pAAlZaK6hD	\N	\N	f	 	4	\N
22015	EXCNZ2pAAlZaK2xF	\N	\N	f	 	4	\N
22016	EXCNZ2pAAlZaKyRC	\N	\N	f	 	4	\N
22017	EXCNZ2pAAlZaKuh8	\N	\N	f	 	4	\N
22018	EXCNZ2pAAlZaKqx8	\N	\N	f	 	4	\N
22019	EXCNZ2pAAlZaKmhA	\N	\N	f	 	4	\N
22020	EXCNZ2pAAlZaKixA	\N	\N	f	 	4	\N
22021	EXCNZ2pAAlZaKex5	\N	\N	f	 	4	\N
22022	EXCNZ2pAAlZaKbx0	\N	\N	f	 	4	\N
22023	EXCNZ2pAAlZaKXx3	\N	\N	f	 	4	\N
22024	EXCNZ2pAAlZaKSR4	\N	\N	f	 	4	\N
22025	EXCNZ2pAAlZaKPx5	\N	\N	f	 	4	\N
22026	EXCNZ2pAAlZaKKx0	\N	\N	f	 	4	\N
22027	EXCNZ2pAAlZaKHB4	\N	\N	f	 	4	\N
22028	EXCNZ2pAAlZaKCx2	\N	\N	f	 	4	\N
22029	EXCNZ2pAAlZaJ-xE	\N	\N	f	 	4	\N
22030	EXCNZ2pAAlZaJ7R9	\N	\N	f	 	4	\N
22031	EXCNZ2pAAlZaJ3h9	\N	\N	f	 	4	\N
22032	EXCNZ2pAAlZaJzh8	\N	\N	f	 	4	\N
22033	EXCNZ2pAAlZaJvxE	\N	\N	f	 	4	\N
22034	EXCNZ2pAAlZaJrhE	\N	\N	f	 	4	\N
22035	EXCNZ2pAAlZaJmx8	\N	\N	f	 	4	\N
22036	EXCNZ2pAAlZaJiRB	\N	\N	f	 	4	\N
22037	EXCNZ2pAAlZaJfB1	\N	\N	f	 	4	\N
22038	EXCNZ2pAAlZaJbR1	\N	\N	f	 	4	\N
22039	EXCNZ2pAAlZaJXx0	\N	\N	f	 	4	\N
22040	EXCNZ2pAAlZaJSh4	\N	\N	f	 	4	\N
22041	EXCNZ2pAAlZaJPh7	\N	\N	f	 	4	\N
22042	EXCNZ2pAAlZaJLR5	\N	\N	f	 	4	\N
22043	EXCNZ2pAAlZaJHh5	\N	\N	f	 	4	\N
22044	EXCNZ2pAAlZaJDx5	\N	\N	f	 	4	\N
22045	EXCNZ2pAAlZaI-xF	\N	\N	f	 	4	\N
22046	EXCNZ2pAAlZaI7hB	\N	\N	f	 	4	\N
22047	EXCNZ2pAAlZaI3h8	\N	\N	f	 	4	\N
22048	EXCNZ2pAAlZaIzRA	\N	\N	f	 	4	\N
22049	EXCNZ2pAAlZaIvxF	\N	\N	f	 	4	\N
22050	EXCNZ2pAAlZaIrhF	\N	\N	f	 	4	\N
22051	EXCNZ2pAAlZaImx9	\N	\N	f	 	4	\N
22052	EXCNZ2pAAlZaIjRE	\N	\N	f	 	4	\N
22053	EXCNZ2pAAlZaIfB0	\N	\N	f	 	4	\N
22054	EXCNZ2pAAlZaIbx2	\N	\N	f	 	4	\N
22055	EXCNZ2pAAlZaIXx1	\N	\N	f	 	4	\N
22056	EXCNZ2pAAlZaISR6	\N	\N	f	 	4	\N
22057	EXCNZ2pAAlZaIPh6	\N	\N	f	 	4	\N
22058	EXCNZ2pAAlZaIKx2	\N	\N	f	 	4	\N
22059	EXCNZ2pAAlZaIGh0	\N	\N	f	 	4	\N
22060	EXCNZ2pAAlZaICx0	\N	\N	f	 	4	\N
22061	EXCNZ2pAAlZaH_R6	\N	\N	f	 	4	\N
22062	EXCNZ2pAAlZaH7x5	\N	\N	f	 	4	\N
22063	EXCNZ2pAAlZaH3h7	\N	\N	f	 	4	\N
22064	EXCNZ2pAAlZaHzB4	\N	\N	f	 	4	\N
22065	EXCNZ2pAAlZaHvx0	\N	\N	f	 	4	\N
22066	EXCNZ2pAAlZaHrh0	\N	\N	f	 	4	\N
22067	EXCNZ2pAAlZaHmR4	\N	\N	f	 	4	\N
22068	EXCNZ2pAAlZaHjh2	\N	\N	f	 	4	\N
22069	EXCNZ2pAAlZaHfhD	\N	\N	f	 	4	\N
22070	EXCNZ2pAAlZaHbhC	\N	\N	f	 	4	\N
22071	EXCNZ2pAAlZaHWhB	\N	\N	f	 	4	\N
22072	EXCNZ2pAAlZaHShA	\N	\N	f	 	4	\N
22073	EXCNZ2pAAlZaHPBB	\N	\N	f	 	4	\N
22074	EXCNZ2pAAlZaHKRF	\N	\N	f	 	4	\N
22075	EXCNZ2pAAlZaHHhB	\N	\N	f	 	4	\N
22076	EXCNZ2pAAlZaHDR9	\N	\N	f	 	4	\N
22077	EXCNZ2pAAlZaG-h0	\N	\N	f	 	4	\N
22078	EXCNZ2pAAlZaG7R6	\N	\N	f	 	4	\N
22079	EXCNZ2pAAlZaG3h6	\N	\N	f	 	4	\N
22080	EXCNZ2pAAlZaGzR4	\N	\N	f	 	4	\N
22081	EXCNZ2pAAlZaGvx1	\N	\N	f	 	4	\N
22082	EXCNZ2pAAlZaGqR6	\N	\N	f	 	4	\N
22083	EXCNZ2pAAlZaGmh6	\N	\N	f	 	4	\N
22084	EXCNZ2pAAlZaGiR4	\N	\N	f	 	4	\N
22085	EXCNZ2pAAlZaGeh8	\N	\N	f	 	4	\N
22086	EXCNZ2pAAlZaGbhD	\N	\N	f	 	4	\N
22087	EXCNZ2pAAlZaGXBC	\N	\N	f	 	4	\N
22088	EXCNZ2pAAlZaGSR8	\N	\N	f	 	4	\N
22089	EXCNZ2pAAlZaGPx9	\N	\N	f	 	4	\N
22090	EXCNZ2pAAlZaGKRE	\N	\N	f	 	4	\N
22091	EXCNZ2pAAlZaGGhE	\N	\N	f	 	4	\N
22092	EXCNZ2pAAlZaGDR8	\N	\N	f	 	4	\N
22093	EXCNZ2pAAlZaF_x6	\N	\N	f	 	4	\N
22094	EXCNZ2pAAlZaF6R1	\N	\N	f	 	4	\N
22095	EXCNZ2pAAlZaF3R6	\N	\N	f	 	4	\N
22096	EXCNZ2pAAlZaFyx1	\N	\N	f	 	4	\N
22097	EXCNZ2pAAlZaFuR4	\N	\N	f	 	4	\N
22098	EXCNZ2pAAlZaFrB0	\N	\N	f	 	4	\N
22099	EXCNZ2pAAlZaFnB3	\N	\N	f	 	4	\N
22100	EXCNZ2pAAlZaFiR7	\N	\N	f	 	4	\N
22101	EXCNZ2pAAlZaFfRC	\N	\N	f	 	4	\N
22102	EXCNZ2pAAlZaFbBC	\N	\N	f	 	4	\N
22103	EXCNZ2pAAlZaFXxC	\N	\N	f	 	4	\N
22104	EXCNZ2pAAlZaFTxD	\N	\N	f	 	4	\N
22105	EXCNZ2pAAlZaFPxA	\N	\N	f	 	4	\N
22106	EXCNZ2pAAlZaFKhE	\N	\N	f	 	4	\N
22107	EXCNZ2pAAlZaFGRE	\N	\N	f	 	4	\N
22108	EXCNZ2pAAlZaFDx9	\N	\N	f	 	4	\N
22109	EXCNZ2pAAlZaE_R5	\N	\N	f	 	4	\N
22110	EXCNZ2pAAlZaE7R4	\N	\N	f	 	4	\N
22111	EXCNZ2pAAlZaE3x5	\N	\N	f	 	4	\N
22112	EXCNZ2pAAlZaEzh5	\N	\N	f	 	4	\N
22113	EXCNZ2pAAlZaEuh6	\N	\N	f	 	4	\N
22114	EXCNZ2pAAlZaEqx6	\N	\N	f	 	4	\N
22115	EXCNZ2pAAlZaB-R4	\N	\N	f	 	4	\N
22116	EXCNZ2pAAlZaB7B0	\N	\N	f	 	4	\N
22117	EXCNZ2pAAlZaB2x4	\N	\N	f	 	4	\N
22118	EXCNZ2pAAlZaByR7	\N	\N	f	 	4	\N
22119	EXCNZ2pAAlZaBuh3	\N	\N	f	 	4	\N
22120	EXCNZ2pAAlZaBrh6	\N	\N	f	 	4	\N
22121	EXCNZ2pAAlZaBnB7	\N	\N	f	 	4	\N
22122	EXCNZ2pAAlZaBjB6	\N	\N	f	 	4	\N
22123	EXCNZ2pAAlZaBeRC	\N	\N	f	 	4	\N
22124	EXCNZ2pAAlZaBaRD	\N	\N	f	 	4	\N
22125	EXCNZ2pAAlZaBXx8	\N	\N	f	 	4	\N
22126	EXCNZ2pAAlZaBSRF	\N	\N	f	 	4	\N
22127	EXCNZ2pAAlZaBOhB	\N	\N	f	 	4	\N
22128	EXCNZ2pAAlZaBLhE	\N	\N	f	 	4	\N
22129	EXCNZ2pAAlZaBHhD	\N	\N	f	 	4	\N
22130	EXCNZ2pAAlZaBDxD	\N	\N	f	 	4	\N
22131	EXCNZ2pAAlZaA_h2	\N	\N	f	 	4	\N
22132	EXCNZ2pAAlZaA7B1	\N	\N	f	 	4	\N
22133	EXCNZ2pAAlZaA2R7	\N	\N	f	 	4	\N
22134	EXCNZ2pAAlZaAyR6	\N	\N	f	 	4	\N
22135	EXCNZ2pAAlZaAuh2	\N	\N	f	 	4	\N
22136	EXCNZ2pAAlZaAqh3	\N	\N	f	 	4	\N
22137	EXCNZ2pAAlZaAnx5	\N	\N	f	 	4	\N
22138	EXCNZ2pAAlZaHPC8	\N	\N	f	 	4	\N
22139	EXCNZ2pAAlZaHKSC	\N	\N	f	 	4	\N
22140	EXCNZ2pAAlZaHHi8	\N	\N	f	 	4	\N
22141	EXCNZ2pAAlZaHCSE	\N	\N	f	 	4	\N
22142	EXCNZ2pAAlZaG_y6	\N	\N	f	 	4	\N
22143	EXCNZ2pAAlZaG6i2	\N	\N	f	 	4	\N
22144	EXCNZ2pAAlZaG2y0	\N	\N	f	 	4	\N
22145	EXCNZ2pAAlZaGzS7	\N	\N	f	 	4	\N
22146	EXCNZ2pAAlZaGuS4	\N	\N	f	 	4	\N
22147	EXCNZ2pAAlZaGrS1	\N	\N	f	 	4	\N
22148	EXCNZ2pAAlZaGmy4	\N	\N	f	 	4	\N
22149	EXCNZ2pAAlZaGiS7	\N	\N	f	 	4	\N
22150	EXCNZ2pAAlZaGfiF	\N	\N	f	 	4	\N
22151	EXCNZ2pAAlZaGbCC	\N	\N	f	 	4	\N
22152	EXCNZ2pAAlZaGXyC	\N	\N	f	 	4	\N
22153	EXCNZ2pAAlZaGTiC	\N	\N	f	 	4	\N
22154	EXCNZ2pAAlZaGOyE	\N	\N	f	 	4	\N
22155	EXCNZ2pAAlZaGLS9	\N	\N	f	 	4	\N
22156	EXCNZ2pAAlZaGGyC	\N	\N	f	 	4	\N
22157	EXCNZ2pAAlZaGDi8	\N	\N	f	 	4	\N
22158	EXCNZ2pAAlZaF_y5	\N	\N	f	 	4	\N
22159	EXCNZ2pAAlZaF7i5	\N	\N	f	 	4	\N
22160	EXCNZ2pAAlZaF3C4	\N	\N	f	 	4	\N
22161	EXCNZ2pAAlZaFyi3	\N	\N	f	 	4	\N
22162	EXCNZ2pAAlZaFuS7	\N	\N	f	 	4	\N
22163	EXCNZ2pAAlZaFri1	\N	\N	f	 	4	\N
22164	EXCNZ2pAAlZaFmy7	\N	\N	f	 	4	\N
22165	EXCNZ2pAAlZaFjC1	\N	\N	f	 	4	\N
22166	EXCNZ2pAAlZaFfCE	\N	\N	f	 	4	\N
22167	EXCNZ2pAAlZaFbSE	\N	\N	f	 	4	\N
22168	EXCNZ2pAAlZaFWyB	\N	\N	f	 	4	\N
22169	EXCNZ2pAAlZaFTiF	\N	\N	f	 	4	\N
22170	EXCNZ2pAAlZaFOyD	\N	\N	f	 	4	\N
22171	EXCNZ2pAAlZaFLi9	\N	\N	f	 	4	\N
22172	EXCNZ2pAAlZaFHS9	\N	\N	f	 	4	\N
22173	EXCNZ2pAAlZaFDiB	\N	\N	f	 	4	\N
22174	EXCNZ2pAAlZaE_C7	\N	\N	f	 	4	\N
22175	EXCNZ2pAAlZaE7S7	\N	\N	f	 	4	\N
22176	EXCNZ2pAAlZaE3C5	\N	\N	f	 	4	\N
22177	EXCNZ2pAAlZaEyi2	\N	\N	f	 	4	\N
22178	EXCNZ2pAAlZaEui5	\N	\N	f	 	4	\N
22179	EXCNZ2pAAlZaEqi4	\N	\N	f	 	4	\N
22180	EXCNZ2pAAlZaEnS0	\N	\N	f	 	4	\N
22181	EXCNZ2pAAlZaEii6	\N	\N	f	 	4	\N
22182	EXCNZ2pAAlZaEfSE	\N	\N	f	 	4	\N
22183	EXCNZ2pAAlZaEbCE	\N	\N	f	 	4	\N
22184	EXCNZ2pAAlZaEWiB	\N	\N	f	 	4	\N
22185	EXCNZ2pAAlZaESS9	\N	\N	f	 	4	\N
22186	EXCNZ2pAAlZaEOiD	\N	\N	f	 	4	\N
22187	EXCNZ2pAAlZaEKiC	\N	\N	f	 	4	\N
22188	EXCNZ2pAAlZaEGSC	\N	\N	f	 	4	\N
22189	EXCNZ2pAAlZaEDS9	\N	\N	f	 	4	\N
22190	EXCNZ2pAAlZaD_y3	\N	\N	f	 	4	\N
22191	EXCNZ2pAAlZaD6i7	\N	\N	f	 	4	\N
22192	EXCNZ2pAAlZaD3S3	\N	\N	f	 	4	\N
22193	EXCNZ2pAAlZaDzS2	\N	\N	f	 	4	\N
22194	EXCNZ2pAAlZaDuy3	\N	\N	f	 	4	\N
22195	EXCNZ2pAAlZaDrS4	\N	\N	f	 	4	\N
22196	EXCNZ2pAAlZaDmy1	\N	\N	f	 	4	\N
22197	EXCNZ2pAAlZaDji5	\N	\N	f	 	4	\N
22198	EXCNZ2pAAlZaDfiA	\N	\N	f	 	4	\N
22199	EXCNZ2pAAlZaDbS8	\N	\N	f	 	4	\N
22200	EXCNZ2pAAlZaDXSB	\N	\N	f	 	4	\N
22201	EXCNZ2pAAlZaDTi9	\N	\N	f	 	4	\N
22202	EXCNZ2pAAlZaDPCC	\N	\N	f	 	4	\N
22203	EXCNZ2pAAlZaDLSC	\N	\N	f	 	4	\N
22204	EXCNZ2pAAlZaDGy9	\N	\N	f	 	4	\N
22205	EXCNZ2pAAlZaDDiD	\N	\N	f	 	4	\N
22206	EXCNZ2pAAlZaC-y6	\N	\N	f	 	4	\N
22207	EXCNZ2pAAlZaC6i6	\N	\N	f	 	4	\N
22208	EXCNZ2pAAlZaC2y4	\N	\N	f	 	4	\N
22209	EXCNZ2pAAlZaCyS7	\N	\N	f	 	4	\N
22210	EXCNZ2pAAlZaCuS0	\N	\N	f	 	4	\N
22211	EXCNZ2pAAlZaCri6	\N	\N	f	 	4	\N
22212	EXCNZ2pAAlZaCnS6	\N	\N	f	 	4	\N
22213	EXCNZ2pAAlZaCjC6	\N	\N	f	 	4	\N
22214	EXCNZ2pAAlZaCeiF	\N	\N	f	 	4	\N
22215	EXCNZ2pAAlZaCbiA	\N	\N	f	 	4	\N
22216	EXCNZ2pAAlZaCWiD	\N	\N	f	 	4	\N
22217	EXCNZ2pAAlZaCSiC	\N	\N	f	 	4	\N
22218	EXCNZ2pAAlZaCOyA	\N	\N	f	 	4	\N
22219	EXCNZ2pAAlZaCKS9	\N	\N	f	 	4	\N
22220	EXCNZ2pAAlZaAjx4	\N	\N	f	 	4	\N
22221	EXCNZ2pAAlZaAeRD	\N	\N	f	 	4	\N
22222	EXCNZ2pAAlZaAbB9	\N	\N	f	 	4	\N
22223	EXCNZ2pAAlZaAXBA	\N	\N	f	 	4	\N
22224	EXCNZ2pAAlZaATh9	\N	\N	f	 	4	\N
22225	EXCNZ2pAAlZaAPxF	\N	\N	f	 	4	\N
22226	EXCNZ2pAAlZaAKR8	\N	\N	f	 	4	\N
22227	EXCNZ2pAAlZaAGRB	\N	\N	f	 	4	\N
22228	EXCNZ2pAAlZaACRA	\N	\N	f	 	4	\N
22229	EXCNZ2pAAlZaP_gC	\N	\N	f	 	4	\N
22230	EXCNZ2pAAlZaP6w8	\N	\N	f	 	4	\N
22231	EXCNZ2pAAlZaP2gA	\N	\N	f	 	4	\N
22232	EXCNZ2pAAlZaPywA	\N	\N	f	 	4	\N
22233	EXCNZ2pAAlZaPvAA	\N	\N	f	 	4	\N
22234	EXCNZ2pAAlZaPrw8	\N	\N	f	 	4	\N
22235	EXCNZ2pAAlZaPmQD	\N	\N	f	 	4	\N
22236	EXCNZ2pAAlZaPjA9	\N	\N	f	 	4	\N
22237	EXCNZ2pAAlZaPeg0	\N	\N	f	 	4	\N
22238	EXCNZ2pAAlZaPag1	\N	\N	f	 	4	\N
22239	EXCNZ2pAAlZaPWw3	\N	\N	f	 	4	\N
22240	EXCNZ2pAAlZaPTw6	\N	\N	f	 	4	\N
22241	EXCNZ2pAAlZaPPQ3	\N	\N	f	 	4	\N
22242	EXCNZ2pAAlZaPLw0	\N	\N	f	 	4	\N
22243	EXCNZ2pAAlZaPHQ1	\N	\N	f	 	4	\N
22244	EXCNZ2pAAlZaPDw2	\N	\N	f	 	4	\N
22245	EXCNZ2pAAlZaO-QA	\N	\N	f	 	4	\N
22246	EXCNZ2pAAlZaO7wD	\N	\N	f	 	4	\N
22247	EXCNZ2pAAlZaO2Q8	\N	\N	f	 	4	\N
22248	EXCNZ2pAAlZaOzgE	\N	\N	f	 	4	\N
22249	EXCNZ2pAAlZaOvg9	\N	\N	f	 	4	\N
22250	EXCNZ2pAAlZaOrQB	\N	\N	f	 	4	\N
22251	EXCNZ2pAAlZaOmQC	\N	\N	f	 	4	\N
22252	EXCNZ2pAAlZaOjQ9	\N	\N	f	 	4	\N
22253	EXCNZ2pAAlZaOfg5	\N	\N	f	 	4	\N
22254	EXCNZ2pAAlZaObA6	\N	\N	f	 	4	\N
22255	EXCNZ2pAAlZaOXg7	\N	\N	f	 	4	\N
22256	EXCNZ2pAAlZaOSQ1	\N	\N	f	 	4	\N
22257	EXCNZ2pAAlZaOOg5	\N	\N	f	 	4	\N
22258	EXCNZ2pAAlZaOKw5	\N	\N	f	 	4	\N
22259	EXCNZ2pAAlZaOHw2	\N	\N	f	 	4	\N
22260	EXCNZ2pAAlZaODQ1	\N	\N	f	 	4	\N
22261	EXCNZ2pAAlZaN_QD	\N	\N	f	 	4	\N
22262	EXCNZ2pAAlZaN6gB	\N	\N	f	 	4	\N
22263	EXCNZ2pAAlZaN3QF	\N	\N	f	 	4	\N
22264	EXCNZ2pAAlZaNzwC	\N	\N	f	 	4	\N
22265	EXCNZ2pAAlZaNvwB	\N	\N	f	 	4	\N
22266	EXCNZ2pAAlZaNqgF	\N	\N	f	 	4	\N
22267	EXCNZ2pAAlZaNng8	\N	\N	f	 	4	\N
22268	EXCNZ2pAAlZaNigD	\N	\N	f	 	4	\N
22269	EXCNZ2pAAlZaNew3	\N	\N	f	 	4	\N
22270	EXCNZ2pAAlZaNag3	\N	\N	f	 	4	\N
22271	EXCNZ2pAAlZaNWQ3	\N	\N	f	 	4	\N
22272	EXCNZ2pAAlZaNTA7	\N	\N	f	 	4	\N
22273	EXCNZ2pAAlZaNPg2	\N	\N	f	 	4	\N
22274	EXCNZ2pAAlZaNLQ0	\N	\N	f	 	4	\N
22275	EXCNZ2pAAlZaNGQ7	\N	\N	f	 	4	\N
22276	EXCNZ2pAAlZaNCg5	\N	\N	f	 	4	\N
22277	EXCNZ2pAAlZaM_AD	\N	\N	f	 	4	\N
22278	EXCNZ2pAAlZaM6gA	\N	\N	f	 	4	\N
22279	EXCNZ2pAAlZaM2g9	\N	\N	f	 	4	\N
22280	EXCNZ2pAAlZaMzwD	\N	\N	f	 	4	\N
22281	EXCNZ2pAAlZaMvQ8	\N	\N	f	 	4	\N
22282	EXCNZ2pAAlZaMqwF	\N	\N	f	 	4	\N
22283	EXCNZ2pAAlZaMmQE	\N	\N	f	 	4	\N
22284	EXCNZ2pAAlZaMjAA	\N	\N	f	 	4	\N
22285	EXCNZ2pAAlZaMeg3	\N	\N	f	 	4	\N
22286	EXCNZ2pAAlZaMag2	\N	\N	f	 	4	\N
22287	EXCNZ2pAAlZaMWQ2	\N	\N	f	 	4	\N
22288	EXCNZ2pAAlZaMTQ7	\N	\N	f	 	4	\N
22289	EXCNZ2pAAlZaMPQ0	\N	\N	f	 	4	\N
22290	EXCNZ2pAAlZaMKQ5	\N	\N	f	 	4	\N
22291	EXCNZ2pAAlZaMHg1	\N	\N	f	 	4	\N
22292	EXCNZ2pAAlZaMCg4	\N	\N	f	 	4	\N
22293	EXCNZ2pAAlZaL_AA	\N	\N	f	 	4	\N
22294	EXCNZ2pAAlZaL6QE	\N	\N	f	 	4	\N
22295	EXCNZ2pAAlZaL2QD	\N	\N	f	 	4	\N
22296	EXCNZ2pAAlZaLzgB	\N	\N	f	 	4	\N
22297	EXCNZ2pAAlZaLvQF	\N	\N	f	 	4	\N
22298	EXCNZ2pAAlZaLqQA	\N	\N	f	 	4	\N
22299	EXCNZ2pAAlZaLmQ9	\N	\N	f	 	4	\N
22300	EXCNZ2pAAlZaLjwE	\N	\N	f	 	4	\N
22301	EXCNZ2pAAlZaLfw1	\N	\N	f	 	4	\N
22302	EXCNZ2pAAlZaLaw4	\N	\N	f	 	4	\N
22303	EXCNZ2pAAlZaLWw7	\N	\N	f	 	4	\N
22304	EXCNZ2pAAlZaLSg7	\N	\N	f	 	4	\N
22305	EXCNZ2pAAlZaLPQ7	\N	\N	f	 	4	\N
22306	EXCNZ2pAAlZaLKw0	\N	\N	f	 	4	\N
22307	EXCNZ2pAAlZaLGw3	\N	\N	f	 	4	\N
22308	EXCNZ2pAAlZaLDQ4	\N	\N	f	 	4	\N
22309	EXCNZ2pAAlZaK_QA	\N	\N	f	 	4	\N
22310	EXCNZ2pAAlZaK6QF	\N	\N	f	 	4	\N
22311	EXCNZ2pAAlZaK3wA	\N	\N	f	 	4	\N
22312	EXCNZ2pAAlZaKyQD	\N	\N	f	 	4	\N
22313	EXCNZ2pAAlZaKuw8	\N	\N	f	 	4	\N
22314	EXCNZ2pAAlZaKrwD	\N	\N	f	 	4	\N
22315	EXCNZ2pAAlZaKngF	\N	\N	f	 	4	\N
22316	EXCNZ2pAAlZaKiQ9	\N	\N	f	 	4	\N
22317	EXCNZ2pAAlZaKfw0	\N	\N	f	 	4	\N
22318	EXCNZ2pAAlZaKbw1	\N	\N	f	 	4	\N
22319	EXCNZ2pAAlZaKXg3	\N	\N	f	 	4	\N
22320	EXCNZ2pAAlZaKSQ5	\N	\N	f	 	4	\N
22321	EXCNZ2pAAlZaKOw0	\N	\N	f	 	4	\N
22322	EXCNZ2pAAlZaKLQ7	\N	\N	f	 	4	\N
22323	EXCNZ2pAAlZaKGQ0	\N	\N	f	 	4	\N
22324	EXCNZ2pAAlZaKDA4	\N	\N	f	 	4	\N
22325	EXCNZ2pAAlZaJ_Q9	\N	\N	f	 	4	\N
22326	EXCNZ2pAAlZaJ6QC	\N	\N	f	 	4	\N
22327	EXCNZ2pAAlZaJ3g8	\N	\N	f	 	4	\N
22328	EXCNZ2pAAlZaJzAB	\N	\N	f	 	4	\N
22329	EXCNZ2pAAlZaJvAC	\N	\N	f	 	4	\N
22330	EXCNZ2pAAlZaJrQC	\N	\N	f	 	4	\N
22331	EXCNZ2pAAlZaJmg8	\N	\N	f	 	4	\N
22332	EXCNZ2pAAlZaJjQE	\N	\N	f	 	4	\N
22333	EXCNZ2pAAlZaJeg6	\N	\N	f	 	4	\N
22334	EXCNZ2pAAlZaJbw2	\N	\N	f	 	4	\N
22335	EXCNZ2pAAlZaJWg4	\N	\N	f	 	4	\N
22336	EXCNZ2pAAlZaJSg5	\N	\N	f	 	4	\N
22337	EXCNZ2pAAlZaJPw7	\N	\N	f	 	4	\N
22338	EXCNZ2pAAlZaJLg7	\N	\N	f	 	4	\N
22339	EXCNZ2pAAlZaJHg4	\N	\N	f	 	4	\N
22340	EXCNZ2pAAlZaJDw4	\N	\N	f	 	4	\N
22341	EXCNZ2pAAlZaI_wA	\N	\N	f	 	4	\N
22342	EXCNZ2pAAlZaI6gE	\N	\N	f	 	4	\N
22343	EXCNZ2pAAlZaI3AB	\N	\N	f	 	4	\N
22344	EXCNZ2pAAlZaIywD	\N	\N	f	 	4	\N
22345	EXCNZ2pAAlZaIvQC	\N	\N	f	 	4	\N
22346	EXCNZ2pAAlZaIqwB	\N	\N	f	 	4	\N
22347	EXCNZ2pAAlZaInQE	\N	\N	f	 	4	\N
22348	EXCNZ2pAAlZaIjAE	\N	\N	f	 	4	\N
22349	EXCNZ2pAAlZaIfQ0	\N	\N	f	 	4	\N
22350	EXCNZ2pAAlZaIaw7	\N	\N	f	 	4	\N
22351	EXCNZ2pAAlZaIXA3	\N	\N	f	 	4	\N
22352	EXCNZ2pAAlZaISQ7	\N	\N	f	 	4	\N
22353	EXCNZ2pAAlZaIOQ0	\N	\N	f	 	4	\N
22354	EXCNZ2pAAlZaILQ5	\N	\N	f	 	4	\N
22355	EXCNZ2pAAlZaIHQ6	\N	\N	f	 	4	\N
22356	EXCNZ2pAAlZaIDw5	\N	\N	f	 	4	\N
22357	EXCNZ2pAAlZaH_g4	\N	\N	f	 	4	\N
22358	EXCNZ2pAAlZaH7w4	\N	\N	f	 	4	\N
22359	EXCNZ2pAAlZaH3g6	\N	\N	f	 	4	\N
22360	EXCNZ2pAAlZaHzQ4	\N	\N	f	 	4	\N
22361	EXCNZ2pAAlZaHuQ7	\N	\N	f	 	4	\N
22362	EXCNZ2pAAlZaHrg1	\N	\N	f	 	4	\N
22363	EXCNZ2pAAlZaHmQ5	\N	\N	f	 	4	\N
22364	EXCNZ2pAAlZaHjg3	\N	\N	f	 	4	\N
22365	EXCNZ2pAAlZaHeQB	\N	\N	f	 	4	\N
22366	EXCNZ2pAAlZaHbwC	\N	\N	f	 	4	\N
22367	EXCNZ2pAAlZaHWQ9	\N	\N	f	 	4	\N
22368	EXCNZ2pAAlZaHTAD	\N	\N	f	 	4	\N
22369	EXCNZ2pAAlZaHPQB	\N	\N	f	 	4	\N
22370	EXCNZ2pAAlZaHLAB	\N	\N	f	 	4	\N
22371	EXCNZ2pAAlZaHHA8	\N	\N	f	 	4	\N
22372	EXCNZ2pAAlZaHCQC	\N	\N	f	 	4	\N
22373	EXCNZ2pAAlZaG_w4	\N	\N	f	 	4	\N
22374	EXCNZ2pAAlZaG6g0	\N	\N	f	 	4	\N
22375	EXCNZ2pAAlZaG3A5	\N	\N	f	 	4	\N
22376	EXCNZ2pAAlZaGzg6	\N	\N	f	 	4	\N
22377	EXCNZ2pAAlZaGvg1	\N	\N	f	 	4	\N
22378	EXCNZ2pAAlZaGrA2	\N	\N	f	 	4	\N
22379	EXCNZ2pAAlZaGng3	\N	\N	f	 	4	\N
22380	EXCNZ2pAAlZaGjg2	\N	\N	f	 	4	\N
22381	EXCNZ2pAAlZaGeg9	\N	\N	f	 	4	\N
22382	EXCNZ2pAAlZaGag8	\N	\N	f	 	4	\N
22383	EXCNZ2pAAlZaGWQ8	\N	\N	f	 	4	\N
22384	EXCNZ2pAAlZaGTAC	\N	\N	f	 	4	\N
22385	EXCNZ2pAAlZaGOwC	\N	\N	f	 	4	\N
22386	EXCNZ2pAAlZaGLAA	\N	\N	f	 	4	\N
22387	EXCNZ2pAAlZaGGwE	\N	\N	f	 	4	\N
22388	EXCNZ2pAAlZaGDgA	\N	\N	f	 	4	\N
22389	EXCNZ2pAAlZaF-g2	\N	\N	f	 	4	\N
22390	EXCNZ2pAAlZaF6Q0	\N	\N	f	 	4	\N
22391	EXCNZ2pAAlZaF2Q3	\N	\N	f	 	4	\N
22392	EXCNZ2pAAlZaFyQ2	\N	\N	f	 	4	\N
22393	EXCNZ2pAAlZaFvA0	\N	\N	f	 	4	\N
22394	EXCNZ2pAAlZaFqw6	\N	\N	f	 	4	\N
22395	EXCNZ2pAAlZaFmg4	\N	\N	f	 	4	\N
22396	EXCNZ2pAAlZaFig5	\N	\N	f	 	4	\N
22397	EXCNZ2pAAlZaFfQD	\N	\N	f	 	4	\N
22398	EXCNZ2pAAlZaFbAD	\N	\N	f	 	4	\N
22399	EXCNZ2pAAlZaFXQF	\N	\N	f	 	4	\N
22400	EXCNZ2pAAlZaFSg9	\N	\N	f	 	4	\N
22401	EXCNZ2pAAlZaFPgA	\N	\N	f	 	4	\N
22402	EXCNZ2pAAlZaFLQ8	\N	\N	f	 	4	\N
22403	EXCNZ2pAAlZaFHAA	\N	\N	f	 	4	\N
22404	EXCNZ2pAAlZaFCQE	\N	\N	f	 	4	\N
22405	EXCNZ2pAAlZaE_w6	\N	\N	f	 	4	\N
22406	EXCNZ2pAAlZaE7A4	\N	\N	f	 	4	\N
22407	EXCNZ2pAAlZaE3w4	\N	\N	f	 	4	\N
22408	EXCNZ2pAAlZaEzQ7	\N	\N	f	 	4	\N
22409	EXCNZ2pAAlZaEvg3	\N	\N	f	 	4	\N
22410	EXCNZ2pAAlZaErw3	\N	\N	f	 	4	\N
22411	EXCNZ2pAAlZaEnQ2	\N	\N	f	 	4	\N
22412	EXCNZ2pAAlZaEjg0	\N	\N	f	 	4	\N
22413	EXCNZ2pAAlZaD6Q6	\N	\N	f	 	4	\N
22414	EXCNZ2pAAlZaD2g6	\N	\N	f	 	4	\N
22415	EXCNZ2pAAlZaDzg3	\N	\N	f	 	4	\N
22416	EXCNZ2pAAlZaDug0	\N	\N	f	 	4	\N
22417	EXCNZ2pAAlZaDqw0	\N	\N	f	 	4	\N
22418	EXCNZ2pAAlZaDng6	\N	\N	f	 	4	\N
22419	EXCNZ2pAAlZaDig3	\N	\N	f	 	4	\N
22420	EXCNZ2pAAlZaDfAA	\N	\N	f	 	4	\N
22421	EXCNZ2pAAlZaDagD	\N	\N	f	 	4	\N
22422	EXCNZ2pAAlZaDXA8	\N	\N	f	 	4	\N
22423	EXCNZ2pAAlZaDTA9	\N	\N	f	 	4	\N
22424	EXCNZ2pAAlZaDOQB	\N	\N	f	 	4	\N
22425	EXCNZ2pAAlZaDLwC	\N	\N	f	 	4	\N
22426	EXCNZ2pAAlZaDGgA	\N	\N	f	 	4	\N
22427	EXCNZ2pAAlZaDCgB	\N	\N	f	 	4	\N
22428	EXCNZ2pAAlZaC-w4	\N	\N	f	 	4	\N
22429	EXCNZ2pAAlZaC7g0	\N	\N	f	 	4	\N
22430	EXCNZ2pAAlZaC3A1	\N	\N	f	 	4	\N
22431	EXCNZ2pAAlZaCzw3	\N	\N	f	 	4	\N
22432	EXCNZ2pAAlZaCvg5	\N	\N	f	 	4	\N
22433	EXCNZ2pAAlZaCrg4	\N	\N	f	 	4	\N
22434	EXCNZ2pAAlZaCmQ0	\N	\N	f	 	4	\N
22435	EXCNZ2pAAlZaCiQ1	\N	\N	f	 	4	\N
22436	EXCNZ2pAAlZaEnx1	\N	\N	f	 	4	\N
22437	EXCNZ2pAAlZaEjx0	\N	\N	f	 	4	\N
22438	EXCNZ2pAAlZaEeR9	\N	\N	f	 	4	\N
22439	EXCNZ2pAAlZaEahB	\N	\N	f	 	4	\N
22440	EXCNZ2pAAlZaEWRB	\N	\N	f	 	4	\N
22441	EXCNZ2pAAlZaESRA	\N	\N	f	 	4	\N
22442	EXCNZ2pAAlZaEORD	\N	\N	f	 	4	\N
22443	EXCNZ2pAAlZaELxA	\N	\N	f	 	4	\N
22444	EXCNZ2pAAlZaEHRB	\N	\N	f	 	4	\N
22445	EXCNZ2pAAlZaEDRA	\N	\N	f	 	4	\N
22446	EXCNZ2pAAlZaD-h5	\N	\N	f	 	4	\N
22447	EXCNZ2pAAlZaD7h0	\N	\N	f	 	4	\N
22448	EXCNZ2pAAlZaD3B1	\N	\N	f	 	4	\N
22449	EXCNZ2pAAlZaDyx7	\N	\N	f	 	4	\N
22450	EXCNZ2pAAlZaDvx4	\N	\N	f	 	4	\N
22451	EXCNZ2pAAlZaDrx5	\N	\N	f	 	4	\N
22452	EXCNZ2pAAlZaDmR0	\N	\N	f	 	4	\N
22453	EXCNZ2pAAlZaDjR5	\N	\N	f	 	4	\N
22454	EXCNZ2pAAlZaDfh9	\N	\N	f	 	4	\N
22455	EXCNZ2pAAlZaDahC	\N	\N	f	 	4	\N
22456	EXCNZ2pAAlZaDXR8	\N	\N	f	 	4	\N
22457	EXCNZ2pAAlZaDTB8	\N	\N	f	 	4	\N
22458	EXCNZ2pAAlZaDPRE	\N	\N	f	 	4	\N
22459	EXCNZ2pAAlZaDKh8	\N	\N	f	 	4	\N
22460	EXCNZ2pAAlZaDHxE	\N	\N	f	 	4	\N
22461	EXCNZ2pAAlZaDDxF	\N	\N	f	 	4	\N
22462	EXCNZ2pAAlZaC_x1	\N	\N	f	 	4	\N
22463	EXCNZ2pAAlZaC7B3	\N	\N	f	 	4	\N
22464	EXCNZ2pAAlZaC3B0	\N	\N	f	 	4	\N
22465	EXCNZ2pAAlZaCyh7	\N	\N	f	 	4	\N
22466	EXCNZ2pAAlZaCvR7	\N	\N	f	 	4	\N
22467	EXCNZ2pAAlZaCqR2	\N	\N	f	 	4	\N
22468	EXCNZ2pAAlZaCnR5	\N	\N	f	 	4	\N
22469	EXCNZ2pAAlZaCjR4	\N	\N	f	 	4	\N
22470	EXCNZ2pAAlZaCfBA	\N	\N	f	 	4	\N
22471	EXCNZ2pAAlZaCbx8	\N	\N	f	 	4	\N
22472	EXCNZ2pAAlZaCXhA	\N	\N	f	 	4	\N
22473	EXCNZ2pAAlZaCShF	\N	\N	f	 	4	\N
22474	EXCNZ2pAAlZaCPhC	\N	\N	f	 	4	\N
22475	EXCNZ2pAAlZaCKx8	\N	\N	f	 	4	\N
22476	EXCNZ2pAAlZaCGhA	\N	\N	f	 	4	\N
22477	EXCNZ2pAAlZaCChB	\N	\N	f	 	4	\N
22478	EXCNZ2pAAlZaCfg9	\N	\N	f	 	4	\N
22479	EXCNZ2pAAlZaCaQF	\N	\N	f	 	4	\N
22480	EXCNZ2pAAlZaCXQ8	\N	\N	f	 	4	\N
22481	EXCNZ2pAAlZaCSgE	\N	\N	f	 	4	\N
22482	EXCNZ2pAAlZaCPQE	\N	\N	f	 	4	\N
22483	EXCNZ2pAAlZaCLQF	\N	\N	f	 	4	\N
22484	EXCNZ2pAAlZaCHwE	\N	\N	f	 	4	\N
22485	EXCNZ2pAAlZaCCQ9	\N	\N	f	 	4	\N
22486	EXCNZ2pAAlZaB-w7	\N	\N	f	 	4	\N
22487	EXCNZ2pAAlZaB7w2	\N	\N	f	 	4	\N
22488	EXCNZ2pAAlZaB2Q7	\N	\N	f	 	4	\N
22489	EXCNZ2pAAlZaByQ6	\N	\N	f	 	4	\N
22490	EXCNZ2pAAlZaBvg6	\N	\N	f	 	4	\N
22491	EXCNZ2pAAlZaBqQ0	\N	\N	f	 	4	\N
22492	EXCNZ2pAAlZaBnA6	\N	\N	f	 	4	\N
22493	EXCNZ2pAAlZaBjQ6	\N	\N	f	 	4	\N
22494	EXCNZ2pAAlZaBfA8	\N	\N	f	 	4	\N
22495	EXCNZ2pAAlZaBbwA	\N	\N	f	 	4	\N
22496	EXCNZ2pAAlZaBXQB	\N	\N	f	 	4	\N
22497	EXCNZ2pAAlZaBSQE	\N	\N	f	 	4	\N
22498	EXCNZ2pAAlZaBPAC	\N	\N	f	 	4	\N
22499	EXCNZ2pAAlZaBLgF	\N	\N	f	 	4	\N
22500	EXCNZ2pAAlZaBGQB	\N	\N	f	 	4	\N
22501	EXCNZ2pAAlZaBDAF	\N	\N	f	 	4	\N
22502	EXCNZ2pAAlZaA-w6	\N	\N	f	 	4	\N
22503	EXCNZ2pAAlZaA7g2	\N	\N	f	 	4	\N
22504	EXCNZ2pAAlZaA3A3	\N	\N	f	 	4	\N
22505	EXCNZ2pAAlZaAzg0	\N	\N	f	 	4	\N
22506	EXCNZ2pAAlZaAvQ4	\N	\N	f	 	4	\N
22507	EXCNZ2pAAlZaAqg2	\N	\N	f	 	4	\N
22508	EXCNZ2pAAlZaAnQ6	\N	\N	f	 	4	\N
22509	EXCNZ2pAAlZaAjQ7	\N	\N	f	 	4	\N
22510	EXCNZ2pAAlZaAfwA	\N	\N	f	 	4	\N
22511	EXCNZ2pAAlZaAawF	\N	\N	f	 	4	\N
22512	EXCNZ2pAAlZaAXw8	\N	\N	f	 	4	\N
22513	EXCNZ2pAAlZaATQB	\N	\N	f	 	4	\N
22514	EXCNZ2pAAlZaAOwA	\N	\N	f	 	4	\N
22515	EXCNZ2pAAlZaALwF	\N	\N	f	 	4	\N
22516	EXCNZ2pAAlZaAGQA	\N	\N	f	 	4	\N
22517	EXCNZ2pAAlZaEfAD	\N	\N	f	 	4	\N
22518	EXCNZ2pAAlZaEawB	\N	\N	f	 	4	\N
22519	EXCNZ2pAAlZaEXwC	\N	\N	f	 	4	\N
22520	EXCNZ2pAAlZaETgC	\N	\N	f	 	4	\N
22521	EXCNZ2pAAlZaEOQC	\N	\N	f	 	4	\N
22522	EXCNZ2pAAlZaEKgE	\N	\N	f	 	4	\N
22523	EXCNZ2pAAlZaEHg9	\N	\N	f	 	4	\N
22524	EXCNZ2pAAlZaEDw9	\N	\N	f	 	4	\N
22525	EXCNZ2pAAlZaD_A2	\N	\N	f	 	4	\N
23526	EXCNZ2pAAlZaDKzB	\N	\N	f	 	4	\N
17526	EXCNZ2pAAlZZMLTE	\N	\N	f	 	5	\N
17527	EXCNZ2pAAlZZMGjA	\N	\N	f	 	5	\N
17528	EXCNZ2pAAlZZMCzA	\N	\N	f	 	5	\N
17529	EXCNZ2pAAlZZL-j3	\N	\N	f	 	5	\N
17530	EXCNZ2pAAlZZL7D4	\N	\N	f	 	5	\N
17531	EXCNZ2pAAlZZL3D7	\N	\N	f	 	5	\N
17532	EXCNZ2pAAlZZLyz1	\N	\N	f	 	5	\N
17533	EXCNZ2pAAlZZLvz2	\N	\N	f	 	5	\N
17534	EXCNZ2pAAlZZLrT1	\N	\N	f	 	5	\N
17535	EXCNZ2pAAlZZLmj5	\N	\N	f	 	5	\N
17536	EXCNZ2pAAlZZLjT3	\N	\N	f	 	5	\N
17537	EXCNZ2pAAlZZLejB	\N	\N	f	 	5	\N
17538	EXCNZ2pAAlZZLbDC	\N	\N	f	 	5	\N
17539	EXCNZ2pAAlZZLWj9	\N	\N	f	 	5	\N
17540	EXCNZ2pAAlZZLSTB	\N	\N	f	 	5	\N
17541	EXCNZ2pAAlZZLPD9	\N	\N	f	 	5	\N
17542	EXCNZ2pAAlZZLKzF	\N	\N	f	 	5	\N
17543	EXCNZ2pAAlZZLHTA	\N	\N	f	 	5	\N
17544	EXCNZ2pAAlZZLDDA	\N	\N	f	 	5	\N
17545	EXCNZ2pAAlZZK_z7	\N	\N	f	 	5	\N
17546	EXCNZ2pAAlZZK6T0	\N	\N	f	 	5	\N
17547	EXCNZ2pAAlZZK3j4	\N	\N	f	 	5	\N
17548	EXCNZ2pAAlZZKzj5	\N	\N	f	 	5	\N
17549	EXCNZ2pAAlZZKvz3	\N	\N	f	 	5	\N
17550	EXCNZ2pAAlZZKqj7	\N	\N	f	 	5	\N
17551	EXCNZ2pAAlZZKnT3	\N	\N	f	 	5	\N
17552	EXCNZ2pAAlZZKjz0	\N	\N	f	 	5	\N
17553	EXCNZ2pAAlZZKejA	\N	\N	f	 	5	\N
17554	EXCNZ2pAAlZZKazA	\N	\N	f	 	5	\N
17555	EXCNZ2pAAlZZKXTF	\N	\N	f	 	5	\N
17556	EXCNZ2pAAlZZKSj9	\N	\N	f	 	5	\N
17557	EXCNZ2pAAlZZKPD8	\N	\N	f	 	5	\N
17558	EXCNZ2pAAlZZKKTC	\N	\N	f	 	5	\N
17559	EXCNZ2pAAlZZKHz9	\N	\N	f	 	5	\N
17560	EXCNZ2pAAlZZKCjD	\N	\N	f	 	5	\N
17561	EXCNZ2pAAlZZJ-T2	\N	\N	f	 	5	\N
17562	EXCNZ2pAAlZZJ7D6	\N	\N	f	 	5	\N
17563	EXCNZ2pAAlZZJ3j7	\N	\N	f	 	5	\N
17564	EXCNZ2pAAlZZJyz3	\N	\N	f	 	5	\N
17565	EXCNZ2pAAlZZJuz4	\N	\N	f	 	5	\N
17566	EXCNZ2pAAlZZJrz1	\N	\N	f	 	5	\N
17567	EXCNZ2pAAlZZJnD1	\N	\N	f	 	5	\N
17568	EXCNZ2pAAlZZJjj2	\N	\N	f	 	5	\N
17569	EXCNZ2pAAlZZJfTE	\N	\N	f	 	5	\N
17570	EXCNZ2pAAlZZJaTB	\N	\N	f	 	5	\N
17571	EXCNZ2pAAlZZJXTC	\N	\N	f	 	5	\N
17572	EXCNZ2pAAlZZJSzB	\N	\N	f	 	5	\N
17573	EXCNZ2pAAlZZJOTE	\N	\N	f	 	5	\N
17574	EXCNZ2pAAlZZJKzD	\N	\N	f	 	5	\N
17575	EXCNZ2pAAlZZJHT8	\N	\N	f	 	5	\N
17576	EXCNZ2pAAlZZJDD8	\N	\N	f	 	5	\N
17577	EXCNZ2pAAlZZI-z1	\N	\N	f	 	5	\N
17578	EXCNZ2pAAlZZI7T6	\N	\N	f	 	5	\N
17579	EXCNZ2pAAlZZI2z3	\N	\N	f	 	5	\N
17580	EXCNZ2pAAlZZIyz2	\N	\N	f	 	5	\N
17581	EXCNZ2pAAlZZIuj4	\N	\N	f	 	5	\N
17582	EXCNZ2pAAlZZIrz0	\N	\N	f	 	5	\N
17583	EXCNZ2pAAlZZInD0	\N	\N	f	 	5	\N
17584	EXCNZ2pAAlZZIjD1	\N	\N	f	 	5	\N
17585	EXCNZ2pAAlZZIez9	\N	\N	f	 	5	\N
17586	EXCNZ2pAAlZZIaTA	\N	\N	f	 	5	\N
17587	EXCNZ2pAAlZZIXDC	\N	\N	f	 	5	\N
17588	EXCNZ2pAAlZZITTC	\N	\N	f	 	5	\N
17589	EXCNZ2pAAlZZIOTF	\N	\N	f	 	5	\N
17590	EXCNZ2pAAlZZILTA	\N	\N	f	 	5	\N
17591	EXCNZ2pAAlZZIHT9	\N	\N	f	 	5	\N
17592	EXCNZ2pAAlZZICzE	\N	\N	f	 	5	\N
17593	EXCNZ2pAAlZZH_zA	\N	\N	f	 	5	\N
17594	EXCNZ2pAAlZZH7zB	\N	\N	f	 	5	\N
17595	EXCNZ2pAAlZZH3j9	\N	\N	f	 	5	\N
17596	EXCNZ2pAAlZZHzj8	\N	\N	f	 	5	\N
17597	EXCNZ2pAAlZZHvjF	\N	\N	f	 	5	\N
17598	EXCNZ2pAAlZZHqzB	\N	\N	f	 	5	\N
17599	EXCNZ2pAAlZZHmz8	\N	\N	f	 	5	\N
17600	EXCNZ2pAAlZZHjjC	\N	\N	f	 	5	\N
17601	EXCNZ2pAAlZZHfz2	\N	\N	f	 	5	\N
17602	EXCNZ2pAAlZZHaT5	\N	\N	f	 	5	\N
17603	EXCNZ2pAAlZZHXD3	\N	\N	f	 	5	\N
17604	EXCNZ2pAAlZZHTj0	\N	\N	f	 	5	\N
17605	EXCNZ2pAAlZZHOz2	\N	\N	f	 	5	\N
17606	EXCNZ2pAAlZZHLD4	\N	\N	f	 	5	\N
17607	EXCNZ2pAAlZZHHT6	\N	\N	f	 	5	\N
17608	EXCNZ2pAAlZZHCj0	\N	\N	f	 	5	\N
17609	EXCNZ2pAAlZZG_D8	\N	\N	f	 	5	\N
17610	EXCNZ2pAAlZZG6TC	\N	\N	f	 	5	\N
17611	EXCNZ2pAAlZZG3DA	\N	\N	f	 	5	\N
17612	EXCNZ2pAAlZZGzTA	\N	\N	f	 	5	\N
17613	EXCNZ2pAAlZZGvTD	\N	\N	f	 	5	\N
17614	EXCNZ2pAAlZZGqjB	\N	\N	f	 	5	\N
17615	EXCNZ2pAAlZZGmj8	\N	\N	f	 	5	\N
17616	EXCNZ2pAAlZZGjTE	\N	\N	f	 	5	\N
17617	EXCNZ2pAAlZZGej6	\N	\N	f	 	5	\N
17618	EXCNZ2pAAlZZGaz6	\N	\N	f	 	5	\N
17619	EXCNZ2pAAlZZGWT7	\N	\N	f	 	5	\N
17620	EXCNZ2pAAlZZGSz4	\N	\N	f	 	5	\N
17621	EXCNZ2pAAlZZGOj2	\N	\N	f	 	5	\N
17622	EXCNZ2pAAlZZGKT0	\N	\N	f	 	5	\N
17623	EXCNZ2pAAlZZGHz5	\N	\N	f	 	5	\N
17624	EXCNZ2pAAlZZGCT2	\N	\N	f	 	5	\N
17625	EXCNZ2pAAlZZF-zC	\N	\N	f	 	5	\N
17626	EXCNZ2pAAlZZF6TF	\N	\N	f	 	5	\N
17627	EXCNZ2pAAlZZF2zE	\N	\N	f	 	5	\N
17628	EXCNZ2pAAlZZFzzB	\N	\N	f	 	5	\N
17629	EXCNZ2pAAlZZFvTE	\N	\N	f	 	5	\N
17630	EXCNZ2pAAlZZFrDE	\N	\N	f	 	5	\N
17631	EXCNZ2pAAlZZFmzA	\N	\N	f	 	5	\N
17632	EXCNZ2pAAlZZFjzF	\N	\N	f	 	5	\N
17633	EXCNZ2pAAlZZFej5	\N	\N	f	 	5	\N
17634	EXCNZ2pAAlZZFbz1	\N	\N	f	 	5	\N
17635	EXCNZ2pAAlZZFXz2	\N	\N	f	 	5	\N
17636	EXCNZ2pAAlZZFTz3	\N	\N	f	 	5	\N
17637	EXCNZ2pAAlZZFPj5	\N	\N	f	 	5	\N
17638	EXCNZ2pAAlZZFKj0	\N	\N	f	 	5	\N
17639	EXCNZ2pAAlZZFHz6	\N	\N	f	 	5	\N
17640	EXCNZ2pAAlZZFDT5	\N	\N	f	 	5	\N
17641	EXCNZ2pAAlZZE-jC	\N	\N	f	 	5	\N
17642	EXCNZ2pAAlZZE7DB	\N	\N	f	 	5	\N
17643	EXCNZ2pAAlZZE2jE	\N	\N	f	 	5	\N
17644	EXCNZ2pAAlZZEyzE	\N	\N	f	 	5	\N
17645	EXCNZ2pAAlZZEuTB	\N	\N	f	 	5	\N
17646	EXCNZ2pAAlZZErzC	\N	\N	f	 	5	\N
17647	EXCNZ2pAAlZZEnDC	\N	\N	f	 	5	\N
17648	EXCNZ2pAAlZZEjTC	\N	\N	f	 	5	\N
17649	EXCNZ2pAAlZZEfT3	\N	\N	f	 	5	\N
17650	EXCNZ2pAAlZZEaz4	\N	\N	f	 	5	\N
17651	EXCNZ2pAAlZZEXT1	\N	\N	f	 	5	\N
17652	EXCNZ2pAAlZZESz6	\N	\N	f	 	5	\N
17653	EXCNZ2pAAlZZEPT7	\N	\N	f	 	5	\N
17654	EXCNZ2pAAlZZEKz0	\N	\N	f	 	5	\N
17655	EXCNZ2pAAlZZEGz3	\N	\N	f	 	5	\N
17656	EXCNZ2pAAlZZEDT4	\N	\N	f	 	5	\N
17657	EXCNZ2pAAlZZD_TC	\N	\N	f	 	5	\N
17658	EXCNZ2pAAlZZD7jE	\N	\N	f	 	5	\N
17659	EXCNZ2pAAlZZD3jD	\N	\N	f	 	5	\N
17660	EXCNZ2pAAlZZDzTF	\N	\N	f	 	5	\N
17661	EXCNZ2pAAlZZDvT8	\N	\N	f	 	5	\N
17662	EXCNZ2pAAlZZDrD8	\N	\N	f	 	5	\N
17663	EXCNZ2pAAlZZDnz8	\N	\N	f	 	5	\N
17664	EXCNZ2pAAlZZDiTF	\N	\N	f	 	5	\N
17665	EXCNZ2pAAlZZDfz6	\N	\N	f	 	5	\N
17666	EXCNZ2pAAlZZDaT1	\N	\N	f	 	5	\N
17667	EXCNZ2pAAlZZDXj5	\N	\N	f	 	5	\N
17668	EXCNZ2pAAlZZDSz1	\N	\N	f	 	5	\N
17669	EXCNZ2pAAlZZDOj7	\N	\N	f	 	5	\N
17670	EXCNZ2pAAlZZDLz3	\N	\N	f	 	5	\N
17671	EXCNZ2pAAlZZDHz0	\N	\N	f	 	5	\N
17672	EXCNZ2pAAlZZDDD2	\N	\N	f	 	5	\N
17673	EXCNZ2pAAlZZC-jA	\N	\N	f	 	5	\N
17674	EXCNZ2pAAlZZC7jF	\N	\N	f	 	5	\N
17675	EXCNZ2pAAlZZC2TB	\N	\N	f	 	5	\N
17676	EXCNZ2pAAlZZCzTE	\N	\N	f	 	5	\N
17677	EXCNZ2pAAlZZCvjA	\N	\N	f	 	5	\N
17678	EXCNZ2pAAlZZCrjB	\N	\N	f	 	5	\N
17679	EXCNZ2pAAlZZCnj8	\N	\N	f	 	5	\N
17680	EXCNZ2pAAlZZCiTE	\N	\N	f	 	5	\N
17681	EXCNZ2pAAlZZCfT5	\N	\N	f	 	5	\N
17682	EXCNZ2pAAlZZCbD5	\N	\N	f	 	5	\N
17683	EXCNZ2pAAlZZCWz1	\N	\N	f	 	5	\N
17684	EXCNZ2pAAlZZCST2	\N	\N	f	 	5	\N
17685	EXCNZ2pAAlZZCPz3	\N	\N	f	 	5	\N
17686	EXCNZ2pAAlZZCKj7	\N	\N	f	 	5	\N
17687	EXCNZ2pAAlZZCHT3	\N	\N	f	 	5	\N
17688	EXCNZ2pAAlZZCDD3	\N	\N	f	 	5	\N
17689	EXCNZ2pAAlZZB_DF	\N	\N	f	 	5	\N
17690	EXCNZ2pAAlZZB6TB	\N	\N	f	 	5	\N
17691	EXCNZ2pAAlZZB3TC	\N	\N	f	 	5	\N
17692	EXCNZ2pAAlZZBzzF	\N	\N	f	 	5	\N
17693	EXCNZ2pAAlZZBvDB	\N	\N	f	 	5	\N
17694	EXCNZ2pAAlZZBrTB	\N	\N	f	 	5	\N
17695	EXCNZ2pAAlZZBmzE	\N	\N	f	 	5	\N
17696	EXCNZ2pAAlZZBjT9	\N	\N	f	 	5	\N
17697	EXCNZ2pAAlZZBfz4	\N	\N	f	 	5	\N
17698	EXCNZ2pAAlZZBbT7	\N	\N	f	 	5	\N
17699	EXCNZ2pAAlZZBXT4	\N	\N	f	 	5	\N
17700	EXCNZ2pAAlZZBSz3	\N	\N	f	 	5	\N
17701	EXCNZ2pAAlZZBOz4	\N	\N	f	 	5	\N
17702	EXCNZ2pAAlZZBLz1	\N	\N	f	 	5	\N
17703	EXCNZ2pAAlZZBGT4	\N	\N	f	 	5	\N
17704	EXCNZ2pAAlZZBCz7	\N	\N	f	 	5	\N
17705	EXCNZ2pAAlZZA_zD	\N	\N	f	 	5	\N
17706	EXCNZ2pAAlZZA7jD	\N	\N	f	 	5	\N
17707	EXCNZ2pAAlZZA3zF	\N	\N	f	 	5	\N
17708	EXCNZ2pAAlZZAzTC	\N	\N	f	 	5	\N
17709	EXCNZ2pAAlZZAvz9	\N	\N	f	 	5	\N
17710	EXCNZ2pAAlZZAqzC	\N	\N	f	 	5	\N
17711	EXCNZ2pAAlZZAmzF	\N	\N	f	 	5	\N
17712	EXCNZ2pAAlZZAiTC	\N	\N	f	 	5	\N
17713	EXCNZ2pAAlZZAeT3	\N	\N	f	 	5	\N
17714	EXCNZ2pAAlZZAbT6	\N	\N	f	 	5	\N
17715	EXCNZ2pAAlZZAWz3	\N	\N	f	 	5	\N
17716	EXCNZ2pAAlZZATj7	\N	\N	f	 	5	\N
17717	EXCNZ2pAAlZZAOj4	\N	\N	f	 	5	\N
17718	EXCNZ2pAAlZZAKz4	\N	\N	f	 	5	\N
17719	EXCNZ2pAAlZZAGT5	\N	\N	f	 	5	\N
17720	EXCNZ2pAAlZZADz2	\N	\N	f	 	5	\N
17721	EXCNZ2pAAlZZP_i2	\N	\N	f	 	5	\N
17722	EXCNZ2pAAlZZP6S4	\N	\N	f	 	5	\N
17723	EXCNZ2pAAlZZP3i0	\N	\N	f	 	5	\N
17724	EXCNZ2pAAlZZPzy0	\N	\N	f	 	5	\N
17725	EXCNZ2pAAlZZPui2	\N	\N	f	 	5	\N
17726	EXCNZ2pAAlZZPrS4	\N	\N	f	 	5	\N
17727	EXCNZ2pAAlZZPni4	\N	\N	f	 	5	\N
17728	EXCNZ2pAAlZZPjS6	\N	\N	f	 	5	\N
17729	EXCNZ2pAAlZZPeSD	\N	\N	f	 	5	\N
17730	EXCNZ2pAAlZZPbS8	\N	\N	f	 	5	\N
17731	EXCNZ2pAAlZZPXSB	\N	\N	f	 	5	\N
17732	EXCNZ2pAAlZZPTSA	\N	\N	f	 	5	\N
17733	EXCNZ2pAAlZZPOyB	\N	\N	f	 	5	\N
17734	EXCNZ2pAAlZZPKiB	\N	\N	f	 	5	\N
17735	EXCNZ2pAAlZZPHyD	\N	\N	f	 	5	\N
17736	EXCNZ2pAAlZZPDSE	\N	\N	f	 	5	\N
17737	EXCNZ2pAAlZZO_C1	\N	\N	f	 	5	\N
17738	EXCNZ2pAAlZZO7y3	\N	\N	f	 	5	\N
17739	EXCNZ2pAAlZZO3S2	\N	\N	f	 	5	\N
17740	EXCNZ2pAAlZZOzC2	\N	\N	f	 	5	\N
17741	EXCNZ2pAAlZZOvS4	\N	\N	f	 	5	\N
17742	EXCNZ2pAAlZZK_S4	\N	\N	f	 	5	\N
17743	EXCNZ2pAAlZZK6S1	\N	\N	f	 	5	\N
17744	EXCNZ2pAAlZZK3i5	\N	\N	f	 	5	\N
17745	EXCNZ2pAAlZZKzi4	\N	\N	f	 	5	\N
17746	EXCNZ2pAAlZZKvC1	\N	\N	f	 	5	\N
17747	EXCNZ2pAAlZZKrS1	\N	\N	f	 	5	\N
17748	EXCNZ2pAAlZZKnC3	\N	\N	f	 	5	\N
17749	EXCNZ2pAAlZZKjS3	\N	\N	f	 	5	\N
17750	EXCNZ2pAAlZZKfSC	\N	\N	f	 	5	\N
17751	EXCNZ2pAAlZZKbCC	\N	\N	f	 	5	\N
17752	EXCNZ2pAAlZZKWSA	\N	\N	f	 	5	\N
17753	EXCNZ2pAAlZZKSSB	\N	\N	f	 	5	\N
17754	EXCNZ2pAAlZZKPyA	\N	\N	f	 	5	\N
17755	EXCNZ2pAAlZZKLyB	\N	\N	f	 	5	\N
17756	EXCNZ2pAAlZZKGiD	\N	\N	f	 	5	\N
17757	EXCNZ2pAAlZZKDi8	\N	\N	f	 	5	\N
17758	EXCNZ2pAAlZZJ-i0	\N	\N	f	 	5	\N
17759	EXCNZ2pAAlZZJ6i1	\N	\N	f	 	5	\N
17760	EXCNZ2pAAlZZJ2i2	\N	\N	f	 	5	\N
17761	EXCNZ2pAAlZZJzC5	\N	\N	f	 	5	\N
17762	EXCNZ2pAAlZZJvi0	\N	\N	f	 	5	\N
17763	EXCNZ2pAAlZZJqy4	\N	\N	f	 	5	\N
17764	EXCNZ2pAAlZZJnS1	\N	\N	f	 	5	\N
17765	EXCNZ2pAAlZZJii7	\N	\N	f	 	5	\N
17766	EXCNZ2pAAlZZJfiC	\N	\N	f	 	5	\N
17767	EXCNZ2pAAlZZJbiD	\N	\N	f	 	5	\N
17768	EXCNZ2pAAlZZJXiE	\N	\N	f	 	5	\N
17769	EXCNZ2pAAlZZJTSC	\N	\N	f	 	5	\N
17770	EXCNZ2pAAlZZJPSB	\N	\N	f	 	5	\N
17771	EXCNZ2pAAlZZJLi9	\N	\N	f	 	5	\N
17772	EXCNZ2pAAlZZJHC8	\N	\N	f	 	5	\N
17773	EXCNZ2pAAlZZJDS8	\N	\N	f	 	5	\N
17774	EXCNZ2pAAlZZI-S2	\N	\N	f	 	5	\N
17775	EXCNZ2pAAlZZI7y5	\N	\N	f	 	5	\N
17776	EXCNZ2pAAlZZI2y2	\N	\N	f	 	5	\N
17777	EXCNZ2pAAlZZIyS1	\N	\N	f	 	5	\N
17778	EXCNZ2pAAlZZIvC3	\N	\N	f	 	5	\N
17779	EXCNZ2pAAlZZIqS7	\N	\N	f	 	5	\N
17780	EXCNZ2pAAlZZImy6	\N	\N	f	 	5	\N
17781	EXCNZ2pAAlZZIjC0	\N	\N	f	 	5	\N
17782	EXCNZ2pAAlZZIfiD	\N	\N	f	 	5	\N
17783	EXCNZ2pAAlZZIbyD	\N	\N	f	 	5	\N
17784	EXCNZ2pAAlZZIXyE	\N	\N	f	 	5	\N
17785	EXCNZ2pAAlZZISiA	\N	\N	f	 	5	\N
17786	EXCNZ2pAAlZZIPi9	\N	\N	f	 	5	\N
17787	EXCNZ2pAAlZZIKSF	\N	\N	f	 	5	\N
17788	EXCNZ2pAAlZZIHyA	\N	\N	f	 	5	\N
17789	EXCNZ2pAAlZZIDC8	\N	\N	f	 	5	\N
17790	EXCNZ2pAAlZZH-yF	\N	\N	f	 	5	\N
17791	EXCNZ2pAAlZZH7C9	\N	\N	f	 	5	\N
17792	EXCNZ2pAAlZZH2iC	\N	\N	f	 	5	\N
17793	EXCNZ2pAAlZZHySE	\N	\N	f	 	5	\N
17794	EXCNZ2pAAlZZHvSD	\N	\N	f	 	5	\N
17795	EXCNZ2pAAlZZHriF	\N	\N	f	 	5	\N
17796	EXCNZ2pAAlZZHmy9	\N	\N	f	 	5	\N
17797	EXCNZ2pAAlZZHjCF	\N	\N	f	 	5	\N
17798	EXCNZ2pAAlZZHey7	\N	\N	f	 	5	\N
17799	EXCNZ2pAAlZZHbS0	\N	\N	f	 	5	\N
17800	EXCNZ2pAAlZZHXy1	\N	\N	f	 	5	\N
17801	EXCNZ2pAAlZZHSS6	\N	\N	f	 	5	\N
17802	EXCNZ2pAAlZZHOy3	\N	\N	f	 	5	\N
17803	EXCNZ2pAAlZZHLC5	\N	\N	f	 	5	\N
17804	EXCNZ2pAAlZZHHi4	\N	\N	f	 	5	\N
17805	EXCNZ2pAAlZZHDS6	\N	\N	f	 	5	\N
17806	EXCNZ2pAAlZZG_yA	\N	\N	f	 	5	\N
17807	EXCNZ2pAAlZZG7S9	\N	\N	f	 	5	\N
17808	EXCNZ2pAAlZZG2yC	\N	\N	f	 	5	\N
17809	EXCNZ2pAAlZZOPzF	\N	\N	f	 	5	\N
17810	EXCNZ2pAAlZZOKzA	\N	\N	f	 	5	\N
17811	EXCNZ2pAAlZZOGTB	\N	\N	f	 	5	\N
17812	EXCNZ2pAAlZZODjD	\N	\N	f	 	5	\N
17813	EXCNZ2pAAlZZN_z0	\N	\N	f	 	5	\N
17814	EXCNZ2pAAlZZN6z5	\N	\N	f	 	5	\N
17815	EXCNZ2pAAlZZN3z2	\N	\N	f	 	5	\N
17816	EXCNZ2pAAlZZNyj6	\N	\N	f	 	5	\N
17817	EXCNZ2pAAlZZNvT6	\N	\N	f	 	5	\N
17818	EXCNZ2pAAlZZNrj4	\N	\N	f	 	5	\N
17819	EXCNZ2pAAlZZNnT4	\N	\N	f	 	5	\N
17820	EXCNZ2pAAlZZNjT5	\N	\N	f	 	5	\N
17821	EXCNZ2pAAlZZNfj9	\N	\N	f	 	5	\N
17822	EXCNZ2pAAlZZNbz9	\N	\N	f	 	5	\N
17823	EXCNZ2pAAlZZNWTC	\N	\N	f	 	5	\N
17824	EXCNZ2pAAlZZNTT9	\N	\N	f	 	5	\N
17825	EXCNZ2pAAlZZNPjD	\N	\N	f	 	5	\N
17826	EXCNZ2pAAlZZNKj8	\N	\N	f	 	5	\N
17827	EXCNZ2pAAlZZNGjB	\N	\N	f	 	5	\N
17828	EXCNZ2pAAlZZNCT9	\N	\N	f	 	5	\N
17829	EXCNZ2pAAlZZM_D2	\N	\N	f	 	5	\N
17830	EXCNZ2pAAlZZM7j1	\N	\N	f	 	5	\N
17831	EXCNZ2pAAlZZM2z7	\N	\N	f	 	5	\N
17832	EXCNZ2pAAlZZMzD1	\N	\N	f	 	5	\N
17833	EXCNZ2pAAlZZMvj4	\N	\N	f	 	5	\N
17834	EXCNZ2pAAlZZMqj1	\N	\N	f	 	5	\N
17835	EXCNZ2pAAlZZMnz7	\N	\N	f	 	5	\N
17836	EXCNZ2pAAlZZMjD5	\N	\N	f	 	5	\N
17837	EXCNZ2pAAlZZMezD	\N	\N	f	 	5	\N
17838	EXCNZ2pAAlZZMbDB	\N	\N	f	 	5	\N
17839	EXCNZ2pAAlZZMWTD	\N	\N	f	 	5	\N
17840	EXCNZ2pAAlZZMTD9	\N	\N	f	 	5	\N
17841	EXCNZ2pAAlZZMOTB	\N	\N	f	 	5	\N
17842	EXCNZ2pAAlZZGzCA	\N	\N	f	 	5	\N
17843	EXCNZ2pAAlZZGvSC	\N	\N	f	 	5	\N
17844	EXCNZ2pAAlZZGqiA	\N	\N	f	 	5	\N
17845	EXCNZ2pAAlZZGniD	\N	\N	f	 	5	\N
17846	EXCNZ2pAAlZZGii8	\N	\N	f	 	5	\N
17847	EXCNZ2pAAlZZGfi3	\N	\N	f	 	5	\N
17848	EXCNZ2pAAlZZGay7	\N	\N	f	 	5	\N
17849	EXCNZ2pAAlZZGWy4	\N	\N	f	 	5	\N
17850	EXCNZ2pAAlZZGSS7	\N	\N	f	 	5	\N
17851	EXCNZ2pAAlZZGPC5	\N	\N	f	 	5	\N
17852	EXCNZ2pAAlZZGLC4	\N	\N	f	 	5	\N
17853	EXCNZ2pAAlZZGGS2	\N	\N	f	 	5	\N
17854	EXCNZ2pAAlZZGDy5	\N	\N	f	 	5	\N
17855	EXCNZ2pAAlZZF_SB	\N	\N	f	 	5	\N
17856	EXCNZ2pAAlZZF6yC	\N	\N	f	 	5	\N
17857	EXCNZ2pAAlZZF3yB	\N	\N	f	 	5	\N
17858	EXCNZ2pAAlZZFzS8	\N	\N	f	 	5	\N
17859	EXCNZ2pAAlZZFuSB	\N	\N	f	 	5	\N
17860	EXCNZ2pAAlZZFrSE	\N	\N	f	 	5	\N
17861	EXCNZ2pAAlZZFmS9	\N	\N	f	 	5	\N
17862	EXCNZ2pAAlZZFjSC	\N	\N	f	 	5	\N
17863	EXCNZ2pAAlZZFfi0	\N	\N	f	 	5	\N
17864	EXCNZ2pAAlZZFai5	\N	\N	f	 	5	\N
17865	EXCNZ2pAAlZZFWy7	\N	\N	f	 	5	\N
17866	EXCNZ2pAAlZZFTS0	\N	\N	f	 	5	\N
17867	EXCNZ2pAAlZZFPy5	\N	\N	f	 	5	\N
17868	EXCNZ2pAAlZZFKy0	\N	\N	f	 	5	\N
17869	EXCNZ2pAAlZZFHC4	\N	\N	f	 	5	\N
17870	EXCNZ2pAAlZZFDy6	\N	\N	f	 	5	\N
17871	EXCNZ2pAAlZZE_CB	\N	\N	f	 	5	\N
17872	EXCNZ2pAAlZZE6yD	\N	\N	f	 	5	\N
17873	EXCNZ2pAAlZZE3iB	\N	\N	f	 	5	\N
17874	EXCNZ2pAAlZZEyiE	\N	\N	f	 	5	\N
17875	EXCNZ2pAAlZZEviD	\N	\N	f	 	5	\N
17876	EXCNZ2pAAlZZEryD	\N	\N	f	 	5	\N
17877	EXCNZ2pAAlZZEnyE	\N	\N	f	 	5	\N
17878	EXCNZ2pAAlZZEjiE	\N	\N	f	 	5	\N
17879	EXCNZ2pAAlZZEfy0	\N	\N	f	 	5	\N
17880	EXCNZ2pAAlZZEby1	\N	\N	f	 	5	\N
17881	EXCNZ2pAAlZZEWi7	\N	\N	f	 	5	\N
17882	EXCNZ2pAAlZZETC0	\N	\N	f	 	5	\N
17883	EXCNZ2pAAlZZEOy0	\N	\N	f	 	5	\N
17884	EXCNZ2pAAlZZELi4	\N	\N	f	 	5	\N
17885	EXCNZ2pAAlZZEHC5	\N	\N	f	 	5	\N
17886	EXCNZ2pAAlZZECi2	\N	\N	f	 	5	\N
17887	EXCNZ2pAAlZZD-S9	\N	\N	f	 	5	\N
17888	EXCNZ2pAAlZZD7iF	\N	\N	f	 	5	\N
17889	EXCNZ2pAAlZZD3CE	\N	\N	f	 	5	\N
17890	EXCNZ2pAAlZZDziD	\N	\N	f	 	5	\N
17891	EXCNZ2pAAlZZDvC8	\N	\N	f	 	5	\N
17892	EXCNZ2pAAlZZDrC9	\N	\N	f	 	5	\N
17893	EXCNZ2pAAlZZDny9	\N	\N	f	 	5	\N
17894	EXCNZ2pAAlZZDiyC	\N	\N	f	 	5	\N
17895	EXCNZ2pAAlZZDfS5	\N	\N	f	 	5	\N
17896	EXCNZ2pAAlZZDbC5	\N	\N	f	 	5	\N
17897	EXCNZ2pAAlZZDWS3	\N	\N	f	 	5	\N
17898	EXCNZ2pAAlZZDTS6	\N	\N	f	 	5	\N
17899	EXCNZ2pAAlZZDOy7	\N	\N	f	 	5	\N
17900	EXCNZ2pAAlZZDKS4	\N	\N	f	 	5	\N
17901	EXCNZ2pAAlZZDGi4	\N	\N	f	 	5	\N
17902	EXCNZ2pAAlZZDCy4	\N	\N	f	 	5	\N
17903	EXCNZ2pAAlZZC_SC	\N	\N	f	 	5	\N
17904	EXCNZ2pAAlZZC6yB	\N	\N	f	 	5	\N
17905	EXCNZ2pAAlZZC3SE	\N	\N	f	 	5	\N
17906	EXCNZ2pAAlZZCziC	\N	\N	f	 	5	\N
17907	EXCNZ2pAAlZZCuiF	\N	\N	f	 	5	\N
17908	EXCNZ2pAAlZZCrC8	\N	\N	f	 	5	\N
17909	EXCNZ2pAAlZZCmyC	\N	\N	f	 	5	\N
17910	EXCNZ2pAAlZZCjSB	\N	\N	f	 	5	\N
17911	EXCNZ2pAAlZZCey2	\N	\N	f	 	5	\N
17912	EXCNZ2pAAlZZCay3	\N	\N	f	 	5	\N
17913	EXCNZ2pAAlZZCXy4	\N	\N	f	 	5	\N
17914	EXCNZ2pAAlZZCTi4	\N	\N	f	 	5	\N
17915	EXCNZ2pAAlZZCPS0	\N	\N	f	 	5	\N
17916	EXCNZ2pAAlZZCKy7	\N	\N	f	 	5	\N
17917	EXCNZ2pAAlZZCHi1	\N	\N	f	 	5	\N
17918	EXCNZ2pAAlZZCDi0	\N	\N	f	 	5	\N
17919	EXCNZ2pAAlZZB-y9	\N	\N	f	 	5	\N
17920	EXCNZ2pAAlZZB7yC	\N	\N	f	 	5	\N
17921	EXCNZ2pAAlZZB2yB	\N	\N	f	 	5	\N
17922	EXCNZ2pAAlZZBziF	\N	\N	f	 	5	\N
17923	EXCNZ2pAAlZZBuiC	\N	\N	f	 	5	\N
17924	EXCNZ2pAAlZZBqyC	\N	\N	f	 	5	\N
17925	EXCNZ2pAAlZZBmiE	\N	\N	f	 	5	\N
17926	EXCNZ2pAAlZZBjS8	\N	\N	f	 	5	\N
17927	EXCNZ2pAAlZZBfS7	\N	\N	f	 	5	\N
17928	EXCNZ2pAAlZZBaS2	\N	\N	f	 	5	\N
17929	EXCNZ2pAAlZZBXy7	\N	\N	f	 	5	\N
17930	EXCNZ2pAAlZZBTi7	\N	\N	f	 	5	\N
17931	EXCNZ2pAAlZZBOS7	\N	\N	f	 	5	\N
17932	EXCNZ2pAAlZZBKS6	\N	\N	f	 	5	\N
17933	EXCNZ2pAAlZZBGS5	\N	\N	f	 	5	\N
17934	EXCNZ2pAAlZZBCi7	\N	\N	f	 	5	\N
17935	EXCNZ2pAAlZZA-y8	\N	\N	f	 	5	\N
17936	EXCNZ2pAAlZZA7iC	\N	\N	f	 	5	\N
17937	EXCNZ2pAAlZZA3iF	\N	\N	f	 	5	\N
17938	EXCNZ2pAAlZZAzyF	\N	\N	f	 	5	\N
17939	EXCNZ2pAAlZZAvCB	\N	\N	f	 	5	\N
17940	EXCNZ2pAAlZZAqSF	\N	\N	f	 	5	\N
17941	EXCNZ2pAAlZZAniB	\N	\N	f	 	5	\N
17942	EXCNZ2pAAlZZAjC8	\N	\N	f	 	5	\N
17943	EXCNZ2pAAlZZAey0	\N	\N	f	 	5	\N
17944	EXCNZ2pAAlZZAay1	\N	\N	f	 	5	\N
17945	EXCNZ2pAAlZZAXy6	\N	\N	f	 	5	\N
17946	EXCNZ2pAAlZZATC4	\N	\N	f	 	5	\N
17947	EXCNZ2pAAlZZAPy0	\N	\N	f	 	5	\N
17948	EXCNZ2pAAlZZAKS7	\N	\N	f	 	5	\N
17949	EXCNZ2pAAlZZAGi7	\N	\N	f	 	5	\N
17950	EXCNZ2pAAlZZADy3	\N	\N	f	 	5	\N
17951	EXCNZ2pAAlZZP-h5	\N	\N	f	 	5	\N
17952	EXCNZ2pAAlZZP6h4	\N	\N	f	 	5	\N
17953	EXCNZ2pAAlZZP2R4	\N	\N	f	 	5	\N
17954	EXCNZ2pAAlZZPyR5	\N	\N	f	 	5	\N
17955	EXCNZ2pAAlZZPvB7	\N	\N	f	 	5	\N
17956	EXCNZ2pAAlZZPrB6	\N	\N	f	 	5	\N
17957	EXCNZ2pAAlZZPmh3	\N	\N	f	 	5	\N
17958	EXCNZ2pAAlZZPix3	\N	\N	f	 	5	\N
17959	EXCNZ2pAAlZZPexC	\N	\N	f	 	5	\N
17960	EXCNZ2pAAlZZPaRF	\N	\N	f	 	5	\N
17961	EXCNZ2pAAlZZPXR8	\N	\N	f	 	5	\N
17962	EXCNZ2pAAlZZPTR9	\N	\N	f	 	5	\N
17963	EXCNZ2pAAlZZPPRE	\N	\N	f	 	5	\N
17964	EXCNZ2pAAlZZPKx9	\N	\N	f	 	5	\N
17965	EXCNZ2pAAlZZPGhB	\N	\N	f	 	5	\N
17966	EXCNZ2pAAlZZPDRD	\N	\N	f	 	5	\N
17967	EXCNZ2pAAlZZO_x1	\N	\N	f	 	5	\N
17968	EXCNZ2pAAlZZO6h5	\N	\N	f	 	5	\N
17969	EXCNZ2pAAlZZO3B0	\N	\N	f	 	5	\N
17970	EXCNZ2pAAlZZOzx2	\N	\N	f	 	5	\N
17971	EXCNZ2pAAlZZOux1	\N	\N	f	 	5	\N
17972	EXCNZ2pAAlZZOrh5	\N	\N	f	 	5	\N
17973	EXCNZ2pAAlZZOmx3	\N	\N	f	 	5	\N
17974	EXCNZ2pAAlZZOjx6	\N	\N	f	 	5	\N
17975	EXCNZ2pAAlZZOehC	\N	\N	f	 	5	\N
17976	EXCNZ2pAAlZZOaRE	\N	\N	f	 	5	\N
17977	EXCNZ2pAAlZZOXR9	\N	\N	f	 	5	\N
17978	EXCNZ2pAAlZZOTR8	\N	\N	f	 	5	\N
17979	EXCNZ2pAAlZZOPBE	\N	\N	f	 	5	\N
17980	EXCNZ2pAAlZZOKh9	\N	\N	f	 	5	\N
17981	EXCNZ2pAAlZZOGR9	\N	\N	f	 	5	\N
17982	EXCNZ2pAAlZZOCxA	\N	\N	f	 	5	\N
17983	EXCNZ2pAAlZZN-h7	\N	\N	f	 	5	\N
17984	EXCNZ2pAAlZZN7h2	\N	\N	f	 	5	\N
17985	EXCNZ2pAAlZZN2x4	\N	\N	f	 	5	\N
17986	EXCNZ2pAAlZZNzR3	\N	\N	f	 	5	\N
17987	EXCNZ2pAAlZZNvx6	\N	\N	f	 	5	\N
17988	EXCNZ2pAAlZZNqx3	\N	\N	f	 	5	\N
17989	EXCNZ2pAAlZZNnB7	\N	\N	f	 	5	\N
17990	EXCNZ2pAAlZZNjh4	\N	\N	f	 	5	\N
17991	EXCNZ2pAAlZZMXh8	\N	\N	f	 	5	\N
17992	EXCNZ2pAAlZZMTh9	\N	\N	f	 	5	\N
17993	EXCNZ2pAAlZZMPRD	\N	\N	f	 	5	\N
17994	EXCNZ2pAAlZZMLxE	\N	\N	f	 	5	\N
17995	EXCNZ2pAAlZZMHxD	\N	\N	f	 	5	\N
17996	EXCNZ2pAAlZZMDhD	\N	\N	f	 	5	\N
17997	EXCNZ2pAAlZZL-h1	\N	\N	f	 	5	\N
17998	EXCNZ2pAAlZZL6h0	\N	\N	f	 	5	\N
17999	EXCNZ2pAAlZZL3h7	\N	\N	f	 	5	\N
18000	EXCNZ2pAAlZZLzh6	\N	\N	f	 	5	\N
18001	EXCNZ2pAAlZZLvx0	\N	\N	f	 	5	\N
18002	EXCNZ2pAAlZZLrh0	\N	\N	f	 	5	\N
18003	EXCNZ2pAAlZZLmx6	\N	\N	f	 	5	\N
18004	EXCNZ2pAAlZZLiR5	\N	\N	f	 	5	\N
18005	EXCNZ2pAAlZZLfBF	\N	\N	f	 	5	\N
18006	EXCNZ2pAAlZZLax9	\N	\N	f	 	5	\N
18007	EXCNZ2pAAlZZLXxE	\N	\N	f	 	5	\N
18008	EXCNZ2pAAlZZLTxF	\N	\N	f	 	5	\N
18009	EXCNZ2pAAlZZLOxC	\N	\N	f	 	5	\N
18010	EXCNZ2pAAlZZLLBA	\N	\N	f	 	5	\N
18011	EXCNZ2pAAlZZLGxE	\N	\N	f	 	5	\N
18012	EXCNZ2pAAlZZLDB8	\N	\N	f	 	5	\N
18013	EXCNZ2pAAlZZK_R7	\N	\N	f	 	5	\N
18014	EXCNZ2pAAlZZK7R6	\N	\N	f	 	5	\N
18015	EXCNZ2pAAlZZK3B4	\N	\N	f	 	5	\N
18016	EXCNZ2pAAlZZKzh7	\N	\N	f	 	5	\N
18017	EXCNZ2pAAlZZKvR3	\N	\N	f	 	5	\N
18018	EXCNZ2pAAlZZKrx0	\N	\N	f	 	5	\N
18019	EXCNZ2pAAlZZKnB0	\N	\N	f	 	5	\N
18020	EXCNZ2pAAlZZKih7	\N	\N	f	 	5	\N
18021	EXCNZ2pAAlZZKfBE	\N	\N	f	 	5	\N
18022	EXCNZ2pAAlZZKbxC	\N	\N	f	 	5	\N
18023	EXCNZ2pAAlZZKWhA	\N	\N	f	 	5	\N
18024	EXCNZ2pAAlZZKTxE	\N	\N	f	 	5	\N
18025	EXCNZ2pAAlZZKORF	\N	\N	f	 	5	\N
18026	EXCNZ2pAAlZZKLRA	\N	\N	f	 	5	\N
18027	EXCNZ2pAAlZZKGhE	\N	\N	f	 	5	\N
18028	EXCNZ2pAAlZZKCRC	\N	\N	f	 	5	\N
18029	EXCNZ2pAAlZZJ_h7	\N	\N	f	 	5	\N
18030	EXCNZ2pAAlZZJ7R5	\N	\N	f	 	5	\N
18031	EXCNZ2pAAlZZJ3h5	\N	\N	f	 	5	\N
18032	EXCNZ2pAAlZZJzR7	\N	\N	f	 	5	\N
18033	EXCNZ2pAAlZZJuh7	\N	\N	f	 	5	\N
18034	EXCNZ2pAAlZZJrh2	\N	\N	f	 	5	\N
18035	EXCNZ2pAAlZZJmx4	\N	\N	f	 	5	\N
18036	EXCNZ2pAAlZZJih4	\N	\N	f	 	5	\N
18037	EXCNZ2pAAlZZJfhF	\N	\N	f	 	5	\N
18038	EXCNZ2pAAlZZJahA	\N	\N	f	 	5	\N
18039	EXCNZ2pAAlZZJXBF	\N	\N	f	 	5	\N
18040	EXCNZ2pAAlZZJSh8	\N	\N	f	 	5	\N
18041	EXCNZ2pAAlZZJOhF	\N	\N	f	 	5	\N
18042	EXCNZ2pAAlZZJKxF	\N	\N	f	 	5	\N
18043	EXCNZ2pAAlZZJHx8	\N	\N	f	 	5	\N
18044	EXCNZ2pAAlZZJDx9	\N	\N	f	 	5	\N
18045	EXCNZ2pAAlZZI_x7	\N	\N	f	 	5	\N
18046	EXCNZ2pAAlZZI7x6	\N	\N	f	 	5	\N
18047	EXCNZ2pAAlZZI3B6	\N	\N	f	 	5	\N
18048	EXCNZ2pAAlZZIzx4	\N	\N	f	 	5	\N
18049	EXCNZ2pAAlZZIvR1	\N	\N	f	 	5	\N
18050	EXCNZ2pAAlZZIrB1	\N	\N	f	 	5	\N
18051	EXCNZ2pAAlZZInx1	\N	\N	f	 	5	\N
18052	EXCNZ2pAAlZZIjx0	\N	\N	f	 	5	\N
18053	EXCNZ2pAAlZZIehA	\N	\N	f	 	5	\N
18054	EXCNZ2pAAlZZIbxE	\N	\N	f	 	5	\N
18055	EXCNZ2pAAlZZIXxD	\N	\N	f	 	5	\N
18056	EXCNZ2pAAlZZISRA	\N	\N	f	 	5	\N
18057	EXCNZ2pAAlZZIOhE	\N	\N	f	 	5	\N
18058	EXCNZ2pAAlZZOri6	\N	\N	f	 	5	\N
18059	EXCNZ2pAAlZZOnC7	\N	\N	f	 	5	\N
18060	EXCNZ2pAAlZZOjC6	\N	\N	f	 	5	\N
18061	EXCNZ2pAAlZZOfyA	\N	\N	f	 	5	\N
18062	EXCNZ2pAAlZZObyB	\N	\N	f	 	5	\N
18063	EXCNZ2pAAlZZOWSE	\N	\N	f	 	5	\N
18064	EXCNZ2pAAlZZOSyD	\N	\N	f	 	5	\N
18065	EXCNZ2pAAlZZOOS8	\N	\N	f	 	5	\N
18066	EXCNZ2pAAlZZOKyB	\N	\N	f	 	5	\N
18067	EXCNZ2pAAlZZOGy8	\N	\N	f	 	5	\N
18068	EXCNZ2pAAlZZOCi8	\N	\N	f	 	5	\N
18069	EXCNZ2pAAlZZN-i4	\N	\N	f	 	5	\N
18070	EXCNZ2pAAlZZN7i1	\N	\N	f	 	5	\N
18071	EXCNZ2pAAlZZN2y7	\N	\N	f	 	5	\N
18072	EXCNZ2pAAlZZNzi3	\N	\N	f	 	5	\N
18073	EXCNZ2pAAlZZNvS7	\N	\N	f	 	5	\N
18074	EXCNZ2pAAlZZNrC7	\N	\N	f	 	5	\N
18075	EXCNZ2pAAlZZNnS5	\N	\N	f	 	5	\N
18076	EXCNZ2pAAlZZNjS4	\N	\N	f	 	5	\N
18077	EXCNZ2pAAlZZNfCA	\N	\N	f	 	5	\N
18078	EXCNZ2pAAlZZNbi9	\N	\N	f	 	5	\N
18079	EXCNZ2pAAlZZNWSD	\N	\N	f	 	5	\N
18080	EXCNZ2pAAlZZNTiB	\N	\N	f	 	5	\N
18081	EXCNZ2pAAlZZNOy9	\N	\N	f	 	5	\N
18082	EXCNZ2pAAlZZNLCF	\N	\N	f	 	5	\N
18083	EXCNZ2pAAlZZNHCC	\N	\N	f	 	5	\N
18084	EXCNZ2pAAlZZNCiB	\N	\N	f	 	5	\N
18085	EXCNZ2pAAlZZM_y0	\N	\N	f	 	5	\N
18086	EXCNZ2pAAlZZM7y1	\N	\N	f	 	5	\N
18087	EXCNZ2pAAlZZM3i3	\N	\N	f	 	5	\N
18088	EXCNZ2pAAlZZMzy3	\N	\N	f	 	5	\N
18089	EXCNZ2pAAlZZMvC7	\N	\N	f	 	5	\N
18090	EXCNZ2pAAlZZMqS3	\N	\N	f	 	5	\N
18091	EXCNZ2pAAlZZMmi3	\N	\N	f	 	5	\N
18092	EXCNZ2pAAlZZMiS1	\N	\N	f	 	5	\N
18093	EXCNZ2pAAlZZMeiD	\N	\N	f	 	5	\N
18094	EXCNZ2pAAlZZMbi8	\N	\N	f	 	5	\N
18095	EXCNZ2pAAlZZMWyE	\N	\N	f	 	5	\N
18096	EXCNZ2pAAlZZMSiE	\N	\N	f	 	5	\N
18097	EXCNZ2pAAlZZMOi9	\N	\N	f	 	5	\N
18098	EXCNZ2pAAlZZMKSB	\N	\N	f	 	5	\N
18099	EXCNZ2pAAlZZMGiB	\N	\N	f	 	5	\N
18100	EXCNZ2pAAlZZMCS9	\N	\N	f	 	5	\N
18101	EXCNZ2pAAlZZL-y3	\N	\N	f	 	5	\N
18102	EXCNZ2pAAlZZL7y6	\N	\N	f	 	5	\N
18103	EXCNZ2pAAlZZL3C6	\N	\N	f	 	5	\N
18104	EXCNZ2pAAlZZLyy0	\N	\N	f	 	5	\N
18105	EXCNZ2pAAlZZLvi2	\N	\N	f	 	5	\N
18106	EXCNZ2pAAlZZLrC1	\N	\N	f	 	5	\N
18107	EXCNZ2pAAlZZLny1	\N	\N	f	 	5	\N
18108	EXCNZ2pAAlZZLiy4	\N	\N	f	 	5	\N
18109	EXCNZ2pAAlZZLeS9	\N	\N	f	 	5	\N
18110	EXCNZ2pAAlZZLaiB	\N	\N	f	 	5	\N
18111	EXCNZ2pAAlZZLXyD	\N	\N	f	 	5	\N
18112	EXCNZ2pAAlZZLTSE	\N	\N	f	 	5	\N
18113	EXCNZ2pAAlZZLPiA	\N	\N	f	 	5	\N
18114	EXCNZ2pAAlZZLLC9	\N	\N	f	 	5	\N
18115	EXCNZ2pAAlZZLHSB	\N	\N	f	 	5	\N
18116	EXCNZ2pAAlZZLCiD	\N	\N	f	 	5	\N
18117	EXCNZ2pAAlZZIKRC	\N	\N	f	 	5	\N
18118	EXCNZ2pAAlZZIHx9	\N	\N	f	 	5	\N
18119	EXCNZ2pAAlZZIDx8	\N	\N	f	 	5	\N
18120	EXCNZ2pAAlZZH_RA	\N	\N	f	 	5	\N
18121	EXCNZ2pAAlZZH7RB	\N	\N	f	 	5	\N
18122	EXCNZ2pAAlZZH2RC	\N	\N	f	 	5	\N
18123	EXCNZ2pAAlZZHzB8	\N	\N	f	 	5	\N
18124	EXCNZ2pAAlZZHux8	\N	\N	f	 	5	\N
18125	EXCNZ2pAAlZZHrBE	\N	\N	f	 	5	\N
18126	EXCNZ2pAAlZZHnRC	\N	\N	f	 	5	\N
18127	EXCNZ2pAAlZZHjRD	\N	\N	f	 	5	\N
18128	EXCNZ2pAAlZZHeR6	\N	\N	f	 	5	\N
18129	EXCNZ2pAAlZZHah4	\N	\N	f	 	5	\N
18130	EXCNZ2pAAlZZHWR4	\N	\N	f	 	5	\N
18131	EXCNZ2pAAlZZHTh2	\N	\N	f	 	5	\N
18132	EXCNZ2pAAlZZHOh1	\N	\N	f	 	5	\N
18133	EXCNZ2pAAlZZHLh4	\N	\N	f	 	5	\N
18134	EXCNZ2pAAlZZHHR4	\N	\N	f	 	5	\N
18135	EXCNZ2pAAlZZHDh6	\N	\N	f	 	5	\N
18136	EXCNZ2pAAlZZG-hC	\N	\N	f	 	5	\N
18137	EXCNZ2pAAlZZG6hD	\N	\N	f	 	5	\N
18138	EXCNZ2pAAlZZG3hA	\N	\N	f	 	5	\N
18139	EXCNZ2pAAlZZGyxE	\N	\N	f	 	5	\N
18140	EXCNZ2pAAlZZGuh8	\N	\N	f	 	5	\N
18141	EXCNZ2pAAlZZGrRE	\N	\N	f	 	5	\N
18142	EXCNZ2pAAlZZGmhA	\N	\N	f	 	5	\N
18143	EXCNZ2pAAlZZGjRC	\N	\N	f	 	5	\N
18144	EXCNZ2pAAlZZGeh4	\N	\N	f	 	5	\N
18145	EXCNZ2pAAlZZGbh1	\N	\N	f	 	5	\N
18146	EXCNZ2pAAlZZGXR1	\N	\N	f	 	5	\N
18147	EXCNZ2pAAlZZGTh3	\N	\N	f	 	5	\N
18148	EXCNZ2pAAlZZGPx5	\N	\N	f	 	5	\N
18149	EXCNZ2pAAlZZGLB7	\N	\N	f	 	5	\N
18150	EXCNZ2pAAlZZGGR1	\N	\N	f	 	5	\N
18151	EXCNZ2pAAlZZGCR0	\N	\N	f	 	5	\N
18152	EXCNZ2pAAlZZF_R8	\N	\N	f	 	5	\N
18153	EXCNZ2pAAlZZF6hE	\N	\N	f	 	5	\N
18154	EXCNZ2pAAlZZF3x8	\N	\N	f	 	5	\N
18155	EXCNZ2pAAlZZFzx9	\N	\N	f	 	5	\N
18156	EXCNZ2pAAlZZFuhB	\N	\N	f	 	5	\N
18157	EXCNZ2pAAlZZFqxB	\N	\N	f	 	5	\N
18158	EXCNZ2pAAlZZFnhD	\N	\N	f	 	5	\N
18159	EXCNZ2pAAlZZFjBE	\N	\N	f	 	5	\N
18160	EXCNZ2pAAlZZFfB1	\N	\N	f	 	5	\N
18161	EXCNZ2pAAlZZFbx3	\N	\N	f	 	5	\N
18162	EXCNZ2pAAlZZFXx0	\N	\N	f	 	5	\N
18163	EXCNZ2pAAlZZFTx1	\N	\N	f	 	5	\N
18164	EXCNZ2pAAlZZFOh3	\N	\N	f	 	5	\N
18165	EXCNZ2pAAlZZFLh6	\N	\N	f	 	5	\N
18166	EXCNZ2pAAlZZFGh1	\N	\N	f	 	5	\N
18167	EXCNZ2pAAlZZFDB6	\N	\N	f	 	5	\N
18168	EXCNZ2pAAlZZE_xB	\N	\N	f	 	5	\N
18169	EXCNZ2pAAlZZE7B9	\N	\N	f	 	5	\N
18170	EXCNZ2pAAlZZE3RB	\N	\N	f	 	5	\N
18171	EXCNZ2pAAlZZEzh9	\N	\N	f	 	5	\N
18172	EXCNZ2pAAlZZEvBC	\N	\N	f	 	5	\N
18173	EXCNZ2pAAlZZErhF	\N	\N	f	 	5	\N
18174	EXCNZ2pAAlZZEmh8	\N	\N	f	 	5	\N
18175	EXCNZ2pAAlZZEiRA	\N	\N	f	 	5	\N
18176	EXCNZ2pAAlZZEeR5	\N	\N	f	 	5	\N
18177	EXCNZ2pAAlZZEbR0	\N	\N	f	 	5	\N
18178	EXCNZ2pAAlZZEXx1	\N	\N	f	 	5	\N
18179	EXCNZ2pAAlZZETB3	\N	\N	f	 	5	\N
18180	EXCNZ2pAAlZZEOx3	\N	\N	f	 	5	\N
18181	EXCNZ2pAAlZZELh7	\N	\N	f	 	5	\N
18182	EXCNZ2pAAlZZEGR3	\N	\N	f	 	5	\N
18183	EXCNZ2pAAlZZECR2	\N	\N	f	 	5	\N
18184	EXCNZ2pAAlZZD_RE	\N	\N	f	 	5	\N
18185	EXCNZ2pAAlZZD6x9	\N	\N	f	 	5	\N
18186	EXCNZ2pAAlZZD3RC	\N	\N	f	 	5	\N
18187	EXCNZ2pAAlZZDzRD	\N	\N	f	 	5	\N
18188	EXCNZ2pAAlZZDuhD	\N	\N	f	 	5	\N
18189	EXCNZ2pAAlZZDqxD	\N	\N	f	 	5	\N
18190	EXCNZ2pAAlZZDmhF	\N	\N	f	 	5	\N
18191	EXCNZ2pAAlZZDjxB	\N	\N	f	 	5	\N
18192	EXCNZ2pAAlZZDeh1	\N	\N	f	 	5	\N
18193	EXCNZ2pAAlZZDbB6	\N	\N	f	 	5	\N
18194	EXCNZ2pAAlZZDXB5	\N	\N	f	 	5	\N
18195	EXCNZ2pAAlZZDTB4	\N	\N	f	 	5	\N
18196	EXCNZ2pAAlZZDPR2	\N	\N	f	 	5	\N
18197	EXCNZ2pAAlZZDLh0	\N	\N	f	 	5	\N
18198	EXCNZ2pAAlZZDGh7	\N	\N	f	 	5	\N
18199	EXCNZ2pAAlZZDCh6	\N	\N	f	 	5	\N
18200	EXCNZ2pAAlZZC_RF	\N	\N	f	 	5	\N
18201	EXCNZ2pAAlZZC7hD	\N	\N	f	 	5	\N
18202	EXCNZ2pAAlZZC3hE	\N	\N	f	 	5	\N
18203	EXCNZ2pAAlZZCzBD	\N	\N	f	 	5	\N
18204	EXCNZ2pAAlZZCuhC	\N	\N	f	 	5	\N
18205	EXCNZ2pAAlZZCrBB	\N	\N	f	 	5	\N
18206	EXCNZ2pAAlZZCmhE	\N	\N	f	 	5	\N
18207	EXCNZ2pAAlZZCjxA	\N	\N	f	 	5	\N
18208	EXCNZ2pAAlZZCfB6	\N	\N	f	 	5	\N
18209	EXCNZ2pAAlZZCbR6	\N	\N	f	 	5	\N
18210	EXCNZ2pAAlZZCXR5	\N	\N	f	 	5	\N
18211	EXCNZ2pAAlZZCTx6	\N	\N	f	 	5	\N
18212	EXCNZ2pAAlZZCPB2	\N	\N	f	 	5	\N
18213	EXCNZ2pAAlZZCLB3	\N	\N	f	 	5	\N
18214	EXCNZ2pAAlZZCGh6	\N	\N	f	 	5	\N
18215	EXCNZ2pAAlZZCDh3	\N	\N	f	 	5	\N
18216	EXCNZ2pAAlZZB_BD	\N	\N	f	 	5	\N
18217	EXCNZ2pAAlZZB7hE	\N	\N	f	 	5	\N
18218	EXCNZ2pAAlZZB3BF	\N	\N	f	 	5	\N
18219	EXCNZ2pAAlZZByx9	\N	\N	f	 	5	\N
18220	EXCNZ2pAAlZZBvR8	\N	\N	f	 	5	\N
18221	EXCNZ2pAAlZZBrB8	\N	\N	f	 	5	\N
18222	EXCNZ2pAAlZZBnRA	\N	\N	f	 	5	\N
18223	EXCNZ2pAAlZZBjx9	\N	\N	f	 	5	\N
18224	EXCNZ2pAAlZZBeR0	\N	\N	f	 	5	\N
18225	EXCNZ2pAAlZZBah2	\N	\N	f	 	5	\N
18226	EXCNZ2pAAlZZBXx4	\N	\N	f	 	5	\N
18227	EXCNZ2pAAlZZBTR7	\N	\N	f	 	5	\N
18228	EXCNZ2pAAlZZBPx2	\N	\N	f	 	5	\N
18229	EXCNZ2pAAlZZBKh6	\N	\N	f	 	5	\N
18230	EXCNZ2pAAlZZBGR6	\N	\N	f	 	5	\N
18231	EXCNZ2pAAlZZBDx1	\N	\N	f	 	5	\N
18232	EXCNZ2pAAlZZA_BC	\N	\N	f	 	5	\N
18233	EXCNZ2pAAlZZA7hF	\N	\N	f	 	5	\N
18234	EXCNZ2pAAlZZA3hC	\N	\N	f	 	5	\N
18235	EXCNZ2pAAlZZAyh9	\N	\N	f	 	5	\N
18236	EXCNZ2pAAlZZAvR9	\N	\N	f	 	5	\N
18237	EXCNZ2pAAlZZArB9	\N	\N	f	 	5	\N
18238	EXCNZ2pAAlZZAnBA	\N	\N	f	 	5	\N
18239	EXCNZ2pAAlZZAihD	\N	\N	f	 	5	\N
18240	EXCNZ2pAAlZZAfx7	\N	\N	f	 	5	\N
18241	EXCNZ2pAAlZZAaR0	\N	\N	f	 	5	\N
18242	EXCNZ2pAAlZZAXh4	\N	\N	f	 	5	\N
18243	EXCNZ2pAAlZZATR6	\N	\N	f	 	5	\N
18244	EXCNZ2pAAlZZAPR1	\N	\N	f	 	5	\N
18245	EXCNZ2pAAlZZAKR4	\N	\N	f	 	5	\N
18246	EXCNZ2pAAlZZAHx1	\N	\N	f	 	5	\N
18247	EXCNZ2pAAlZZACR6	\N	\N	f	 	5	\N
18248	EXCNZ2pAAlZZP-Q7	\N	\N	f	 	5	\N
18249	EXCNZ2pAAlZZP7g1	\N	\N	f	 	5	\N
18250	EXCNZ2pAAlZZP2g6	\N	\N	f	 	5	\N
18251	EXCNZ2pAAlZZPyw6	\N	\N	f	 	5	\N
18252	EXCNZ2pAAlZZPvg4	\N	\N	f	 	5	\N
18253	EXCNZ2pAAlZZPrQ6	\N	\N	f	 	5	\N
18254	EXCNZ2pAAlZZPnQ5	\N	\N	f	 	5	\N
18255	EXCNZ2pAAlZZPjw6	\N	\N	f	 	5	\N
18256	EXCNZ2pAAlZZPeQF	\N	\N	f	 	5	\N
18257	EXCNZ2pAAlZZPawC	\N	\N	f	 	5	\N
18258	EXCNZ2pAAlZZPWQD	\N	\N	f	 	5	\N
18259	EXCNZ2pAAlZZPSgF	\N	\N	f	 	5	\N
18260	EXCNZ2pAAlZZPPQF	\N	\N	f	 	5	\N
18261	EXCNZ2pAAlZZPLAF	\N	\N	f	 	5	\N
18262	EXCNZ2pAAlZZPHQD	\N	\N	f	 	5	\N
18263	EXCNZ2pAAlZZPCwA	\N	\N	f	 	5	\N
18264	EXCNZ2pAAlZZO-Q6	\N	\N	f	 	5	\N
18265	EXCNZ2pAAlZZO6Q7	\N	\N	f	 	5	\N
18266	EXCNZ2pAAlZZJfQD	\N	\N	f	 	5	\N
18267	EXCNZ2pAAlZZJbQC	\N	\N	f	 	5	\N
18268	EXCNZ2pAAlZZJXwD	\N	\N	f	 	5	\N
18269	EXCNZ2pAAlZZJSQA	\N	\N	f	 	5	\N
18270	EXCNZ2pAAlZZJPgA	\N	\N	f	 	5	\N
18271	EXCNZ2pAAlZZJLwA	\N	\N	f	 	5	\N
18272	EXCNZ2pAAlZZJHg8	\N	\N	f	 	5	\N
18273	EXCNZ2pAAlZZJCgD	\N	\N	f	 	5	\N
18274	EXCNZ2pAAlZZI-w2	\N	\N	f	 	5	\N
18275	EXCNZ2pAAlZZI7A4	\N	\N	f	 	5	\N
18276	EXCNZ2pAAlZZI3w4	\N	\N	f	 	5	\N
18277	EXCNZ2pAAlZZIzQ7	\N	\N	f	 	5	\N
18278	EXCNZ2pAAlZZIvg3	\N	\N	f	 	5	\N
18279	EXCNZ2pAAlZZIrw3	\N	\N	f	 	5	\N
18280	EXCNZ2pAAlZZInQ2	\N	\N	f	 	5	\N
18281	EXCNZ2pAAlZZIjA2	\N	\N	f	 	5	\N
18282	EXCNZ2pAAlZZIfwE	\N	\N	f	 	5	\N
18283	EXCNZ2pAAlZZIaQ9	\N	\N	f	 	5	\N
18284	EXCNZ2pAAlZZIWg9	\N	\N	f	 	5	\N
18285	EXCNZ2pAAlZZITwD	\N	\N	f	 	5	\N
18286	EXCNZ2pAAlZZIOwE	\N	\N	f	 	5	\N
18287	EXCNZ2pAAlZZILwB	\N	\N	f	 	5	\N
18288	EXCNZ2pAAlZZIHg9	\N	\N	f	 	5	\N
18289	EXCNZ2pAAlZZICgC	\N	\N	f	 	5	\N
18290	EXCNZ2pAAlZZH_QB	\N	\N	f	 	5	\N
18291	EXCNZ2pAAlZZH6gD	\N	\N	f	 	5	\N
18292	EXCNZ2pAAlZZH3gA	\N	\N	f	 	5	\N
18293	EXCNZ2pAAlZZHzgB	\N	\N	f	 	5	\N
18294	EXCNZ2pAAlZZHuw9	\N	\N	f	 	5	\N
18295	EXCNZ2pAAlZZHrAF	\N	\N	f	 	5	\N
18296	EXCNZ2pAAlZZHnAC	\N	\N	f	 	5	\N
18297	EXCNZ2pAAlZZHiwA	\N	\N	f	 	5	\N
18298	EXCNZ2pAAlZZHew5	\N	\N	f	 	5	\N
18299	EXCNZ2pAAlZZHaw4	\N	\N	f	 	5	\N
18300	EXCNZ2pAAlZZHXA0	\N	\N	f	 	5	\N
18301	EXCNZ2pAAlZZHSQ4	\N	\N	f	 	5	\N
18302	EXCNZ2pAAlZZHOw1	\N	\N	f	 	5	\N
18303	EXCNZ2pAAlZZHLg5	\N	\N	f	 	5	\N
18304	EXCNZ2pAAlZZHGw3	\N	\N	f	 	5	\N
18305	EXCNZ2pAAlZZHDg7	\N	\N	f	 	5	\N
18306	EXCNZ2pAAlZZG-QE	\N	\N	f	 	5	\N
18307	EXCNZ2pAAlZZG7AA	\N	\N	f	 	5	\N
18308	EXCNZ2pAAlZZG2QC	\N	\N	f	 	5	\N
18309	EXCNZ2pAAlZZGzwB	\N	\N	f	 	5	\N
18310	EXCNZ2pAAlZZGvwC	\N	\N	f	 	5	\N
18311	EXCNZ2pAAlZZGqw9	\N	\N	f	 	5	\N
18312	EXCNZ2pAAlZZGmwA	\N	\N	f	 	5	\N
18313	EXCNZ2pAAlZZGiwB	\N	\N	f	 	5	\N
18314	EXCNZ2pAAlZZGeQ6	\N	\N	f	 	5	\N
18315	EXCNZ2pAAlZZGaQ7	\N	\N	f	 	5	\N
18316	EXCNZ2pAAlZZGWw6	\N	\N	f	 	5	\N
18317	EXCNZ2pAAlZZGTw3	\N	\N	f	 	5	\N
18318	EXCNZ2pAAlZZGPg5	\N	\N	f	 	5	\N
18319	EXCNZ2pAAlZZGLw5	\N	\N	f	 	5	\N
18320	EXCNZ2pAAlZZGHQ4	\N	\N	f	 	5	\N
18321	EXCNZ2pAAlZZGCQ1	\N	\N	f	 	5	\N
18322	EXCNZ2pAAlZZF-QD	\N	\N	f	 	5	\N
18323	EXCNZ2pAAlZZF7wA	\N	\N	f	 	5	\N
18324	EXCNZ2pAAlZZF2gC	\N	\N	f	 	5	\N
18325	EXCNZ2pAAlZZFygD	\N	\N	f	 	5	\N
18326	EXCNZ2pAAlZZFvAC	\N	\N	f	 	5	\N
18327	EXCNZ2pAAlZZFrQC	\N	\N	f	 	5	\N
18328	EXCNZ2pAAlZZFnQF	\N	\N	f	 	5	\N
18329	EXCNZ2pAAlZZFjQE	\N	\N	f	 	5	\N
18330	EXCNZ2pAAlZZFeQ5	\N	\N	f	 	5	\N
18331	EXCNZ2pAAlZZFaQ4	\N	\N	f	 	5	\N
18332	EXCNZ2pAAlZZFXQ3	\N	\N	f	 	5	\N
18333	EXCNZ2pAAlZZNeRC	\N	\N	f	 	5	\N
18334	EXCNZ2pAAlZZNahE	\N	\N	f	 	5	\N
18335	EXCNZ2pAAlZZNWxC	\N	\N	f	 	5	\N
18336	EXCNZ2pAAlZZNSRF	\N	\N	f	 	5	\N
18337	EXCNZ2pAAlZZNOxA	\N	\N	f	 	5	\N
18338	EXCNZ2pAAlZZNLBC	\N	\N	f	 	5	\N
18339	EXCNZ2pAAlZZNHxC	\N	\N	f	 	5	\N
18340	EXCNZ2pAAlZZNDRF	\N	\N	f	 	5	\N
18341	EXCNZ2pAAlZZM-R5	\N	\N	f	 	5	\N
18342	EXCNZ2pAAlZZM7x2	\N	\N	f	 	5	\N
18343	EXCNZ2pAAlZZM3h0	\N	\N	f	 	5	\N
18344	EXCNZ2pAAlZZMzh1	\N	\N	f	 	5	\N
18345	EXCNZ2pAAlZZMvh6	\N	\N	f	 	5	\N
18346	EXCNZ2pAAlZZMrh7	\N	\N	f	 	5	\N
18347	EXCNZ2pAAlZZMnR7	\N	\N	f	 	5	\N
18348	EXCNZ2pAAlZZMjh5	\N	\N	f	 	5	\N
18349	EXCNZ2pAAlZZMfxB	\N	\N	f	 	5	\N
18350	EXCNZ2pAAlZZMaxE	\N	\N	f	 	5	\N
18351	EXCNZ2pAAlZZFTw0	\N	\N	f	 	5	\N
18352	EXCNZ2pAAlZZFPg6	\N	\N	f	 	5	\N
18353	EXCNZ2pAAlZZFLg7	\N	\N	f	 	5	\N
18354	EXCNZ2pAAlZZFHA6	\N	\N	f	 	5	\N
18355	EXCNZ2pAAlZZFDg5	\N	\N	f	 	5	\N
18356	EXCNZ2pAAlZZE_Q8	\N	\N	f	 	5	\N
18357	EXCNZ2pAAlZZE6QD	\N	\N	f	 	5	\N
18358	EXCNZ2pAAlZZE3AB	\N	\N	f	 	5	\N
18359	EXCNZ2pAAlZZEygC	\N	\N	f	 	5	\N
18360	EXCNZ2pAAlZZEvgF	\N	\N	f	 	5	\N
18361	EXCNZ2pAAlZZErgE	\N	\N	f	 	5	\N
18362	EXCNZ2pAAlZZEmw8	\N	\N	f	 	5	\N
18363	EXCNZ2pAAlZZEiw9	\N	\N	f	 	5	\N
18364	EXCNZ2pAAlZZEfQ0	\N	\N	f	 	5	\N
18365	EXCNZ2pAAlZZEbw3	\N	\N	f	 	5	\N
18366	EXCNZ2pAAlZZEWQ6	\N	\N	f	 	5	\N
18367	EXCNZ2pAAlZZETQ3	\N	\N	f	 	5	\N
18368	EXCNZ2pAAlZZEPw6	\N	\N	f	 	5	\N
18369	EXCNZ2pAAlZZELA4	\N	\N	f	 	5	\N
18370	EXCNZ2pAAlZZEGw0	\N	\N	f	 	5	\N
18371	EXCNZ2pAAlZZECg0	\N	\N	f	 	5	\N
18372	EXCNZ2pAAlZZD_QF	\N	\N	f	 	5	\N
18373	EXCNZ2pAAlZZD7QE	\N	\N	f	 	5	\N
18374	EXCNZ2pAAlZZD3wF	\N	\N	f	 	5	\N
18375	EXCNZ2pAAlZZDzwE	\N	\N	f	 	5	\N
18376	EXCNZ2pAAlZZDvQB	\N	\N	f	 	5	\N
18377	EXCNZ2pAAlZZDrg9	\N	\N	f	 	5	\N
18378	EXCNZ2pAAlZZDmQD	\N	\N	f	 	5	\N
18379	EXCNZ2pAAlZZDjwA	\N	\N	f	 	5	\N
18380	EXCNZ2pAAlZZDew1	\N	\N	f	 	5	\N
18381	EXCNZ2pAAlZZDbQ6	\N	\N	f	 	5	\N
18382	EXCNZ2pAAlZZDWQ1	\N	\N	f	 	5	\N
18383	EXCNZ2pAAlZZDSg3	\N	\N	f	 	5	\N
18384	EXCNZ2pAAlZZDOQ7	\N	\N	f	 	5	\N
18385	EXCNZ2pAAlZZDLg1	\N	\N	f	 	5	\N
18386	EXCNZ2pAAlZZDGQ5	\N	\N	f	 	5	\N
18387	EXCNZ2pAAlZZDCw6	\N	\N	f	 	5	\N
18388	EXCNZ2pAAlZZC_gD	\N	\N	f	 	5	\N
18389	EXCNZ2pAAlZZC7wD	\N	\N	f	 	5	\N
18390	EXCNZ2pAAlZZC2wA	\N	\N	f	 	5	\N
18391	EXCNZ2pAAlZZCyQ9	\N	\N	f	 	5	\N
18392	EXCNZ2pAAlZZCuwC	\N	\N	f	 	5	\N
18393	EXCNZ2pAAlZZCrg8	\N	\N	f	 	5	\N
18394	EXCNZ2pAAlZZCnA9	\N	\N	f	 	5	\N
18395	EXCNZ2pAAlZZCjgA	\N	\N	f	 	5	\N
18396	EXCNZ2pAAlZZCfQ6	\N	\N	f	 	5	\N
18397	EXCNZ2pAAlZZCbQ7	\N	\N	f	 	5	\N
18398	EXCNZ2pAAlZZCXA5	\N	\N	f	 	5	\N
18399	EXCNZ2pAAlZZCTw7	\N	\N	f	 	5	\N
18400	EXCNZ2pAAlZZCPg1	\N	\N	f	 	5	\N
18401	EXCNZ2pAAlZZCLA2	\N	\N	f	 	5	\N
18402	EXCNZ2pAAlZZCGQ4	\N	\N	f	 	5	\N
18403	EXCNZ2pAAlZZCCw7	\N	\N	f	 	5	\N
18404	EXCNZ2pAAlZZB-gA	\N	\N	f	 	5	\N
18405	EXCNZ2pAAlZZB6Q8	\N	\N	f	 	5	\N
18406	EXCNZ2pAAlZZB3QF	\N	\N	f	 	5	\N
18407	EXCNZ2pAAlZZBzwC	\N	\N	f	 	5	\N
18408	EXCNZ2pAAlZZBvwB	\N	\N	f	 	5	\N
18409	EXCNZ2pAAlZZBrQ8	\N	\N	f	 	5	\N
18410	EXCNZ2pAAlZZBmgC	\N	\N	f	 	5	\N
18411	EXCNZ2pAAlZZBjQA	\N	\N	f	 	5	\N
18412	EXCNZ2pAAlZZBfA4	\N	\N	f	 	5	\N
18413	EXCNZ2pAAlZZBag3	\N	\N	f	 	5	\N
18414	EXCNZ2pAAlZZBXg4	\N	\N	f	 	5	\N
18415	EXCNZ2pAAlZZBTw4	\N	\N	f	 	5	\N
18416	EXCNZ2pAAlZZBOQ5	\N	\N	f	 	5	\N
18417	EXCNZ2pAAlZZBLw2	\N	\N	f	 	5	\N
18418	EXCNZ2pAAlZZBGQ7	\N	\N	f	 	5	\N
18419	EXCNZ2pAAlZZBCg5	\N	\N	f	 	5	\N
18420	EXCNZ2pAAlZZA_QC	\N	\N	f	 	5	\N
18421	EXCNZ2pAAlZZA6gA	\N	\N	f	 	5	\N
18422	EXCNZ2pAAlZZA2QA	\N	\N	f	 	5	\N
18423	EXCNZ2pAAlZZAyQB	\N	\N	f	 	5	\N
18424	EXCNZ2pAAlZZAugF	\N	\N	f	 	5	\N
18425	EXCNZ2pAAlZZArwB	\N	\N	f	 	5	\N
18426	EXCNZ2pAAlZZAng9	\N	\N	f	 	5	\N
18427	EXCNZ2pAAlZZAiQF	\N	\N	f	 	5	\N
18428	EXCNZ2pAAlZZAeQ0	\N	\N	f	 	5	\N
18429	EXCNZ2pAAlZZAbg6	\N	\N	f	 	5	\N
18430	EXCNZ2pAAlZZAXg5	\N	\N	f	 	5	\N
18431	EXCNZ2pAAlZZATw5	\N	\N	f	 	5	\N
18432	EXCNZ2pAAlZZAOw6	\N	\N	f	 	5	\N
18433	EXCNZ2pAAlZZALA0	\N	\N	f	 	5	\N
18434	EXCNZ2pAAlZZAHw0	\N	\N	f	 	5	\N
18435	EXCNZ2pAAlZZOiT2	\N	\N	f	 	5	\N
18436	EXCNZ2pAAlZZOfD8	\N	\N	f	 	5	\N
18437	EXCNZ2pAAlZZOajF	\N	\N	f	 	5	\N
18438	EXCNZ2pAAlZZOWTF	\N	\N	f	 	5	\N
18439	EXCNZ2pAAlZZOTTA	\N	\N	f	 	5	\N
18440	EXCNZ2pAAlZZO3w2	\N	\N	f	 	5	\N
18441	EXCNZ2pAAlZZOzg2	\N	\N	f	 	5	\N
18442	EXCNZ2pAAlZZOuw0	\N	\N	f	 	5	\N
18443	EXCNZ2pAAlZZOrQ7	\N	\N	f	 	5	\N
18444	EXCNZ2pAAlZZOmQ0	\N	\N	f	 	5	\N
18445	EXCNZ2pAAlZZOiw3	\N	\N	f	 	5	\N
18446	EXCNZ2pAAlZZOfAB	\N	\N	f	 	5	\N
18447	EXCNZ2pAAlZZOawD	\N	\N	f	 	5	\N
18448	EXCNZ2pAAlZZOWgF	\N	\N	f	 	5	\N
18449	EXCNZ2pAAlZZOSwF	\N	\N	f	 	5	\N
18450	EXCNZ2pAAlZZOPAF	\N	\N	f	 	5	\N
18451	EXCNZ2pAAlZZOLgC	\N	\N	f	 	5	\N
18452	EXCNZ2pAAlZZOGQ8	\N	\N	f	 	5	\N
18453	EXCNZ2pAAlZZOCQ9	\N	\N	f	 	5	\N
18454	EXCNZ2pAAlZZN_Q1	\N	\N	f	 	5	\N
18455	EXCNZ2pAAlZZN6w6	\N	\N	f	 	5	\N
18456	EXCNZ2pAAlZZN2w5	\N	\N	f	 	5	\N
18457	EXCNZ2pAAlZZNyg5	\N	\N	f	 	5	\N
18458	EXCNZ2pAAlZZNvQ5	\N	\N	f	 	5	\N
18459	EXCNZ2pAAlZZNrg7	\N	\N	f	 	5	\N
18460	EXCNZ2pAAlZZNmw1	\N	\N	f	 	5	\N
18461	EXCNZ2pAAlZZNiw0	\N	\N	f	 	5	\N
18462	EXCNZ2pAAlZZNeQD	\N	\N	f	 	5	\N
18463	EXCNZ2pAAlZZNawE	\N	\N	f	 	5	\N
18464	EXCNZ2pAAlZZNXw9	\N	\N	f	 	5	\N
18465	EXCNZ2pAAlZZNTw8	\N	\N	f	 	5	\N
18466	EXCNZ2pAAlZZNOwB	\N	\N	f	 	5	\N
18467	EXCNZ2pAAlZZNLAD	\N	\N	f	 	5	\N
18468	EXCNZ2pAAlZZNHAE	\N	\N	f	 	5	\N
18469	EXCNZ2pAAlZZNDQE	\N	\N	f	 	5	\N
18470	EXCNZ2pAAlZZM-g7	\N	\N	f	 	5	\N
18471	EXCNZ2pAAlZZM7g2	\N	\N	f	 	5	\N
18472	EXCNZ2pAAlZZM3w0	\N	\N	f	 	5	\N
18473	EXCNZ2pAAlZZMzw1	\N	\N	f	 	5	\N
18474	EXCNZ2pAAlZZMvw6	\N	\N	f	 	5	\N
18475	EXCNZ2pAAlZZMrg6	\N	\N	f	 	5	\N
18476	EXCNZ2pAAlZZMnQ6	\N	\N	f	 	5	\N
18477	EXCNZ2pAAlZZMig0	\N	\N	f	 	5	\N
18478	EXCNZ2pAAlZZMfwA	\N	\N	f	 	5	\N
18479	EXCNZ2pAAlZZMagE	\N	\N	f	 	5	\N
18480	EXCNZ2pAAlZZMWwC	\N	\N	f	 	5	\N
18481	EXCNZ2pAAlZZMSQF	\N	\N	f	 	5	\N
18482	EXCNZ2pAAlZZMPwE	\N	\N	f	 	5	\N
18483	EXCNZ2pAAlZZMKwB	\N	\N	f	 	5	\N
18484	EXCNZ2pAAlZZMHgD	\N	\N	f	 	5	\N
18485	EXCNZ2pAAlZZMCw9	\N	\N	f	 	5	\N
18486	EXCNZ2pAAlZZL-w1	\N	\N	f	 	5	\N
18487	EXCNZ2pAAlZZL6g1	\N	\N	f	 	5	\N
18488	EXCNZ2pAAlZZL3w7	\N	\N	f	 	5	\N
18489	EXCNZ2pAAlZZLzg7	\N	\N	f	 	5	\N
18490	EXCNZ2pAAlZZLug4	\N	\N	f	 	5	\N
18491	EXCNZ2pAAlZZLrw0	\N	\N	f	 	5	\N
18492	EXCNZ2pAAlZZLnw3	\N	\N	f	 	5	\N
18493	EXCNZ2pAAlZZLjw2	\N	\N	f	 	5	\N
18494	EXCNZ2pAAlZZLew9	\N	\N	f	 	5	\N
18495	EXCNZ2pAAlZZLbgD	\N	\N	f	 	5	\N
18496	EXCNZ2pAAlZZLXgE	\N	\N	f	 	5	\N
18497	EXCNZ2pAAlZZLSwA	\N	\N	f	 	5	\N
18498	EXCNZ2pAAlZZLOwD	\N	\N	f	 	5	\N
18499	EXCNZ2pAAlZZLKgD	\N	\N	f	 	5	\N
18500	EXCNZ2pAAlZZLGgE	\N	\N	f	 	5	\N
18501	EXCNZ2pAAlZZLDgB	\N	\N	f	 	5	\N
18502	EXCNZ2pAAlZZK-Q2	\N	\N	f	 	5	\N
18503	EXCNZ2pAAlZZK6Q3	\N	\N	f	 	5	\N
18504	EXCNZ2pAAlZZK2g3	\N	\N	f	 	5	\N
18505	EXCNZ2pAAlZZKzA4	\N	\N	f	 	5	\N
18506	EXCNZ2pAAlZZKuw4	\N	\N	f	 	5	\N
18507	EXCNZ2pAAlZZKrg0	\N	\N	f	 	5	\N
18508	EXCNZ2pAAlZZKnA1	\N	\N	f	 	5	\N
18509	EXCNZ2pAAlZZKjw3	\N	\N	f	 	5	\N
18510	EXCNZ2pAAlZZKew8	\N	\N	f	 	5	\N
18511	EXCNZ2pAAlZZKaQB	\N	\N	f	 	5	\N
18512	EXCNZ2pAAlZZKWQ8	\N	\N	f	 	5	\N
18513	EXCNZ2pAAlZZKTQD	\N	\N	f	 	5	\N
18514	EXCNZ2pAAlZZKOwC	\N	\N	f	 	5	\N
18515	EXCNZ2pAAlZZKLQB	\N	\N	f	 	5	\N
18516	EXCNZ2pAAlZZKHgB	\N	\N	f	 	5	\N
18517	EXCNZ2pAAlZZKDA8	\N	\N	f	 	5	\N
18518	EXCNZ2pAAlZZJ-g2	\N	\N	f	 	5	\N
18519	EXCNZ2pAAlZZJ7g7	\N	\N	f	 	5	\N
18520	EXCNZ2pAAlZZJ2w1	\N	\N	f	 	5	\N
18521	EXCNZ2pAAlZZJyQ2	\N	\N	f	 	5	\N
18522	EXCNZ2pAAlZZJvw3	\N	\N	f	 	5	\N
18523	EXCNZ2pAAlZZJrg3	\N	\N	f	 	5	\N
18524	EXCNZ2pAAlZZJnQ3	\N	\N	f	 	5	\N
18525	EXCNZ2pAAlZZJjw0	\N	\N	f	 	5	\N
\.


--
-- TOC entry 2662 (class 0 OID 0)
-- Dependencies: 218
-- Name: ic_acreditacion_qr_id_seq; Type: SEQUENCE SET; Schema: public; Owner: icweb
--

SELECT pg_catalog.setval('ic_acreditacion_qr_id_seq', 24625, true);


--
-- TOC entry 2621 (class 0 OID 116487)
-- Dependencies: 221
-- Data for Name: ic_acreditacion_tipo; Type: TABLE DATA; Schema: public; Owner: icweb
--

COPY ic_acreditacion_tipo (id, nombre) FROM stdin;
1	Explanada
2	Bar/Restaurante
3	Cancha
4	Club Tijuana Acceso Limitado
5	Palco de Prensa
6	Palco
7	Tribuna
8	Club Tijuana Acceso Total
9	Escolta
10	Escolta Palco
11	Seguridad
\.


--
-- TOC entry 2663 (class 0 OID 0)
-- Dependencies: 220
-- Name: ic_acreditacion_tipo_id_seq; Type: SEQUENCE SET; Schema: public; Owner: icweb
--

SELECT pg_catalog.setval('ic_acreditacion_tipo_id_seq', 11, true);


--
-- TOC entry 2575 (class 0 OID 116087)
-- Dependencies: 175
-- Data for Name: ic_area; Type: TABLE DATA; Schema: public; Owner: icweb
--

COPY ic_area (id_area, nombre, id_gerencia, correo, telefono) FROM stdin;
2	Administracin	1	admin@xolos.com.mx	6225933
3	Estadio	2	estadio@xolos.com.mx	6225933
4	Finanzas	4	finanzas@xolos.com.mx	6225933
5	Jurdico	1	juridico@xolos.com.mx	6225933
6	Ventas y Atencin al Cliente	5	ventas@xolos.com.mx	6225933
7	Operaciones	3	operaciones@xolos.com.mx	6225933
8	Relaciones Pblicas	12	relacionespublicas@xolos.com.mx	6225933
9	Tiendas	1	tiendas@xolos.com.mx	6225933
10	Fut-7	1	fut7@xolos.com.mx	6225933
11	Planeacin Estratgica	3	planeacion@xolos.com.mx	6225933
12	T.I	3	sistemas@xolos.com.mx	6225933
13	Taquilla	3	taquilla@xolos.com.mx	6225933
14	Mantenimiento	6	mantenimiento@xolos.com.mx	6225933
15	Seguridad	3	seguridad@xolos.com.mx	6225933
16	Control de Procesos	4	controldeprocesos@xolos.com.mx	6225933
17	Almacn	4	almacen@xolos.com.mx	6225933
18	Nmina	7	nomina@xolos.com.mx	6225933
19	Cafetera	1	cafeteria@xolos.com.mx	6225933
20	Compras	4	compras@xolos.com.mx	6225933
21	Cix	1	cix@xolos.com.mx	6225933
22	Mercadotecnia	9	mercadotecnia@xolos.com.mx	6225933
23	Comunicacin	8	comunicacion@xolos.com.mx	6225933
24	Responsabilidad Social	10	responsabilidadsocial@xolos.com.mx	6225933
25	Comercializacin	11	comercializacion@xolos.com.mx	6225933
26	Diseo	9	diseno@xolos.com.mx	6225933
28	prueba1	5	prueba1	23456456
29	prueba300	11	ldhah	3234432
32	dsfoiu	1	dsoif@xolo.com	dsofoiufdsoufs
\.


--
-- TOC entry 2664 (class 0 OID 0)
-- Dependencies: 176
-- Name: ic_area_id_area_seq; Type: SEQUENCE SET; Schema: public; Owner: icweb
--

SELECT pg_catalog.setval('ic_area_id_area_seq', 32, true);


--
-- TOC entry 2577 (class 0 OID 116095)
-- Dependencies: 177
-- Data for Name: ic_categoria; Type: TABLE DATA; Schema: public; Owner: icweb
--

COPY ic_categoria (id_categoria, nombre) FROM stdin;
1	Patrocinios
2	Contraprestacin
3	Gastos Generales
4	Otros Ingresos
5	Fuerzas Bsicas
6	Sub-15
7	Sub-17
8	Sub-20
9	Primer Equipo
10	Otros Gastos
11	Partidos Torneo Apertura
12	Partidos Torneo Clausura
13	Partidos Concacaf
14	Partidos Copa Libertadores
15	Planeacin Estratgica
16	Otros Ingresos
17	Asociacin Civil
\.


--
-- TOC entry 2665 (class 0 OID 0)
-- Dependencies: 178
-- Name: ic_categoria_id_categoria_seq; Type: SEQUENCE SET; Schema: public; Owner: icweb
--

SELECT pg_catalog.setval('ic_categoria_id_categoria_seq', 18, true);


--
-- TOC entry 2579 (class 0 OID 116100)
-- Dependencies: 179
-- Data for Name: ic_categoria_usuario; Type: TABLE DATA; Schema: public; Owner: icweb
--

COPY ic_categoria_usuario (id_categoria_usuario, id_categoria, id_fos_perfil) FROM stdin;
\.


--
-- TOC entry 2666 (class 0 OID 0)
-- Dependencies: 180
-- Name: ic_categoria_usuario_id_categoria_usuario_seq; Type: SEQUENCE SET; Schema: public; Owner: icweb
--

SELECT pg_catalog.setval('ic_categoria_usuario_id_categoria_usuario_seq', 1, false);


--
-- TOC entry 2581 (class 0 OID 116105)
-- Dependencies: 181
-- Data for Name: ic_centro_trabajo; Type: TABLE DATA; Schema: public; Owner: icweb
--

COPY ic_centro_trabajo (id_centro, nombre, direccion, correo, telefono) FROM stdin;
3	Administracin	Boulevard Agua Caliente, 12027, Hipdromo, 22000	administracion@xolos.com.mx	6225933
4	Almacn	Boulevard Agua Caliente, 12027, Hipdromo, 22000	almacen@xolos.com.mx	6225933
5	Fut-7	Boulevard Agua Caliente, 12027, Hipdromo, 22000	fut7@xolos.com.mx	6225933
6	Fut-7 Hipdromo	Boulevard Agua Caliente, 12027, Hipdromo, 22000	fut7hipodromo@xolos.com.mx	6225933
7	Cafetera	Boulevard Agua Caliente, 12027, Hipdromo, 22000	cafeteria@xolos.com.mx	6225933
9	Plaza rio	Boulevard Agua Caliente, 12027, Hipdromo, 22000	tiendaplazario@xolos.com.mx	6225933
10	Galerias	Boulevard Agua Caliente, 12027, Hipdromo, 22000	tiendagalerias@xolos.com.mx	6225933
11	Macroplaza	Boulevard Agua Caliente, 12027, Hipdromo, 22000	tiendamacroplaza@xolos.com.mx	6225933
12	Las Brisas	Boulevard Agua Caliente, 12027, Hipdromo, 22000	tiendalasbrisas@xolos.com.mx	6225933
13	Tienda Virtual	Boulevard Agua Caliente, 12027, Hipdromo, 22000	tiendavirtual@xolos.com.mx	6225933
14	Tienda Mexicali	Boulevard Agua Caliente, 12027, Hipdromo, 22000	tiendamexicali@xolos.com.mx	6225933
15	Tienda Minicity	Boulevard Agua Caliente, 12027, Hipdromo, 22000	tiendaminicity@xolos.com.mx	6225933
8	Tienda Paseo 2000	Boulevard Agua Caliente, 12027, Hipdromo, 22000	tiendapaseo2000@xolos.com.mx	6225933
16	Tienda P.A	Boulevard Agua Caliente, 12027, Hipdromo, 22000	tiendapa@xolos.com.mx	6225933
17	Cix Dorado	Boulevard Agua Caliente, 12027, Hipdromo, 22000	cixdorado@xolos.com.mx	6225933
18	Cix Ensenada	Boulevard Agua Caliente, 12027, Hipdromo, 22000	cixensenada@xolos.com.mx	6225933
19	Cix Femenil Tecnolgico	Boulevard Agua Caliente, 12027, Hipdromo, 22000	cixfemeniltecnologico@xolos.com.mx	6225933
20	Cix Florido	Boulevard Agua Caliente, 12027, Hipdromo, 22000	cixflorido@xolos.com.mx	6225933
21	Cix Hipdromo	Boulevard Agua Caliente, 12027, Hipdromo, 22000	cixhipodromo@xolos.com.mx	6225933
22	Cix La Paz	Boulevard Agua Caliente, 12027, Hipdromo, 22000	cixlapaz@xolos.com.mx	6225933
23	Cix Playas	Boulevard Agua Caliente, 12027, Hipdromo, 22000	cixplayas@xolos.com.mx	6225933
24	Cix Presidentes	Boulevard Agua Caliente, 12027, Hipdromo, 22000	cixpresidentes@xolos.com.mx	6225933
25	Cix San Quintn	Boulevard Agua Caliente, 12027, Hipdromo, 22000	cixsanquintin@xolos.com.mx	6225933
26	Cix Reforma	Boulevard Agua Caliente, 12027, Hipdromo, 22000	cixreforma@xolos.com.mx	6225933
27	Cix Rosarito	Boulevard Agua Caliente, 12027, Hipdromo, 22000	cixrosarito@xolos.com.mx	6225933
28	Cix Santa Fe	Boulevard Agua Caliente, 12027, Hipdromo, 22000	cixsantafe@xolos.com.mx	6225933
29	Cix Unidad Deportiva	Boulevard Agua Caliente, 12027, Hipdromo, 22000	cixunidaddeportiva@xolos.com.mx	6225933
30	Fut-7 Florido	Boulevard Agua Caliente, 12027, Hipdromo, 22000	fut7florido@xolos.com.mx	6225933
2	Estadio Mictlan	Boulevard Agua Caliente, 12027, Hipdromo, 22000	leopoldo.estrada@xolos.com.mx	6225933
35	priebaldkajdsad	frewohflksdjkajd	fre@xolos.com	111111111111
\.


--
-- TOC entry 2667 (class 0 OID 0)
-- Dependencies: 182
-- Name: ic_centro_trabajo_id_centro_seq; Type: SEQUENCE SET; Schema: public; Owner: icweb
--

SELECT pg_catalog.setval('ic_centro_trabajo_id_centro_seq', 35, true);


--
-- TOC entry 2628 (class 0 OID 116631)
-- Dependencies: 228
-- Data for Name: ic_comentarios; Type: TABLE DATA; Schema: public; Owner: icweb
--

COPY ic_comentarios (id, id_usuario, fecha_creado, mensaje, id_ticket, imagen) FROM stdin;
\.


--
-- TOC entry 2668 (class 0 OID 0)
-- Dependencies: 229
-- Name: ic_comentarios_id_seq; Type: SEQUENCE SET; Schema: public; Owner: icweb
--

SELECT pg_catalog.setval('ic_comentarios_id_seq', 1, false);


--
-- TOC entry 2583 (class 0 OID 116113)
-- Dependencies: 183
-- Data for Name: ic_compras; Type: TABLE DATA; Schema: public; Owner: icweb
--

COPY ic_compras (id, id_solicitud_general, estatus, fecha_aprobacion, fecha_modificacion, folio) FROM stdin;
\.


--
-- TOC entry 2669 (class 0 OID 0)
-- Dependencies: 184
-- Name: ic_compras_id_seq; Type: SEQUENCE SET; Schema: public; Owner: icweb
--

SELECT pg_catalog.setval('ic_compras_id_seq', 1, false);


--
-- TOC entry 2585 (class 0 OID 116118)
-- Dependencies: 185
-- Data for Name: ic_cuentas_de_mayor; Type: TABLE DATA; Schema: public; Owner: icweb
--

COPY ic_cuentas_de_mayor (id, cuenta_mayor_numero, cuenta_mayor_nombre, gestion_posiciones_abiertas, tipo_moneda_saldo, periodo_contable, periodo_contable_1, descripcion_sistema_contable, id_empresa, tipo_cuenta, bloqueo_cuenta) FROM stdin;
1	100000	ACTIVO	NO	MXN	009	2017	PRINCIPIOS DE CONTABILIDAD DE MEXICO	SPOSA2	ACTIVOS FIJOS	SE PERMITEN TODAS LAS CONTABILIZACIONES
2	1000000000	FONDO FIJO CAJA	NO	MXN	009	2017	PRINCIPIOS DE CONTABILIDAD DE MEXICO	SPOSA2	CAJA	SE PERMITEN TODAS LAS CONTABILIZACIONES
3	1000000001	CAJA CHICA BARRAS	NO	MXN	009	2017	PRINCIPIOS DE CONTABILIDAD DE MEXICO	SPOSA2	CAJA	SE PERMITEN TODAS LAS CONTABILIZACIONES
4	1000000002	CAJA CHICA XOLOSHOP	NO	MXN	009	2017	PRINCIPIOS DE CONTABILIDAD DE MEXICO	SPOSA2	CAJA	SE PERMITEN TODAS LAS CONTABILIZACIONES
5	1000000003	CAJA CHICA DEPORTIVO	NO	MXN	9	2017	PRINCIPIOS DE CONTABILIDAD DE MEXICO	SPOSA2	CAJA	SE PERMITEN TODAS LAS CONTABILIZACIONES
6	1000000004	CAJA CHICA ADMINISTRACION	NO	MXN	9	2017	PRINCIPIOS DE CONTABILIDAD DE MEXICO	SPOSA2	CAJA	SE PERMITEN TODAS LAS CONTABILIZACIONES
7	1000000005	CAJA CHICA OPERACIONES	NO	MXN	9	2017	PRINCIPIOS DE CONTABILIDAD DE MEXICO	SPOSA2	CAJA	SE PERMITEN TODAS LAS CONTABILIZACIONES
8	1000000006	CAJA CHEQUES EN TRANSITO	NO	MXN	9	2017	PRINCIPIOS DE CONTABILIDAD DE MEXICO	SPOSA2	CAJA	SE PERMITEN TODAS LAS CONTABILIZACIONES
9	1010000000	MERCANCIAS EN TRANSITO	NO	MXN	9	2017	PRINCIPIOS DE CONTABILIDAD DE MEXICO	SPOSA2	DEVENGOS O COMPENSACIONES	SE PERMITEN TODAS LAS CONTABILIZACIONES
10	1020000000	BANCOS	NO	MXN	9	2017	PRINCIPIOS DE CONTABILIDAD DE MEXICO	SPOSA2	CAJA	NO SE PERMITEN CONTABILIZACIONES
11	1021000000	SERFIN	NO	MXN	9	2017	PRINCIPIOS DE CONTABILIDAD DE MEXICO	SPOSA2	CAJA	SE PERMITEN SOLO CONTABILIZACIONES AUTOMATICAS
12	1022000000	AFIRME MN (166107466)	NO	MXN	9	2017	PRINCIPIOS DE CONTABILIDAD DE MEXICO	SPOSA2	CAJA	SE PERMITEN TODAS LAS CONTABILIZACIONES
13	1022000001	AFIRME MN (166107466) CHEQUES	NO	MXN	9	2017	PRINCIPIOS DE CONTABILIDAD DE MEXICO	SPOSA2	CAJA	SE PERMITEN SOLO CONTABILIZACIONES AUTOMATICAS
14	1022000002	AFIRME MN (166107466) TRANSFERENCIA	NO	MXN	9	2017	PRINCIPIOS DE CONTABILIDAD DE MEXICO	SPOSA2	CAJA	SE PERMITEN SOLO CONTABILIZACIONES AUTOMATICAS
15	1022000003	AFIRME MN (166107466) AHORRO	NO	MXN	9	2017	PRINCIPIOS DE CONTABILIDAD DE MEXICO	SPOSA2	CAJA	SE PERMITEN SOLO CONTABILIZACIONES AUTOMATICAS
16	1022000004	AFIRME MN (166107466) TARJETA DE CREDITO	NO	MXN	9	2017	PRINCIPIOS DE CONTABILIDAD DE MEXICO	SPOSA2	CAJA	SE PERMITEN SOLO CONTABILIZACIONES AUTOMATICAS
17	1022010000	BANORTE MN (0533820997)	NO	MXN	9	2017	PRINCIPIOS DE CONTABILIDAD DE MEXICO	SPOSA2	CAJA	SE PERMITEN TODAS LAS CONTABILIZACIONES
18	1022010001	BANORTE MN (0533820997) CHEQUES	NO	MXN	9	2017	PRINCIPIOS DE CONTABILIDAD DE MEXICO	SPOSA2	CAJA	SE PERMITEN SOLO CONTABILIZACIONES AUTOMATICAS
19	1022010002	BANORTE MN (0533820997) TRANSFERENCIA	NO	MXN	9	2017	PRINCIPIOS DE CONTABILIDAD DE MEXICO	SPOSA2	CAJA	SE PERMITEN SOLO CONTABILIZACIONES AUTOMATICAS
20	1022010003	BANORTE MN (0533820997) AHORRO	NO	MXN	9	2017	PRINCIPIOS DE CONTABILIDAD DE MEXICO	SPOSA2	CAJA	SE PERMITEN SOLO CONTABILIZACIONES AUTOMATICAS
\.


--
-- TOC entry 2670 (class 0 OID 0)
-- Dependencies: 186
-- Name: ic_cuentas_de_mayor_id_seq; Type: SEQUENCE SET; Schema: public; Owner: icweb
--

SELECT pg_catalog.setval('ic_cuentas_de_mayor_id_seq', 4, true);


--
-- TOC entry 2587 (class 0 OID 116126)
-- Dependencies: 187
-- Data for Name: ic_direccion; Type: TABLE DATA; Schema: public; Owner: icweb
--

COPY ic_direccion (id_direccion, nombre, id_centro) FROM stdin;
1	Planeacin Estratgica	3
2	Mercadotecnia	3
3	Planeacin Estratgica	10
4	sakljlkasjdlkd	3
7	oiuofid	3
\.


--
-- TOC entry 2671 (class 0 OID 0)
-- Dependencies: 188
-- Name: ic_direccion_id_direccion_seq; Type: SEQUENCE SET; Schema: public; Owner: icweb
--

SELECT pg_catalog.setval('ic_direccion_id_direccion_seq', 8, true);


--
-- TOC entry 2589 (class 0 OID 116131)
-- Dependencies: 189
-- Data for Name: ic_documento_compras; Type: TABLE DATA; Schema: public; Owner: icweb
--

COPY ic_documento_compras (id, id_solicitud_general, fecha, nombre) FROM stdin;
\.


--
-- TOC entry 2672 (class 0 OID 0)
-- Dependencies: 190
-- Name: ic_documento_compras_id_seq; Type: SEQUENCE SET; Schema: public; Owner: icweb
--

SELECT pg_catalog.setval('ic_documento_compras_id_seq', 1, false);


--
-- TOC entry 2591 (class 0 OID 116136)
-- Dependencies: 191
-- Data for Name: ic_estatus_solicitud; Type: TABLE DATA; Schema: public; Owner: icweb
--

COPY ic_estatus_solicitud (id, id_solicitud_general, id_usuario, estatus, fecha_solicitud, fecha_modificacion, folio) FROM stdin;
5	113	12	INICIO	2017-11-08	2017-11-08	ICXSREQCXX0001
6	114	12	INICIO	2017-11-08	2017-11-08	ICXSREQCXX86
7	117	12	INICIO	2017-11-08	2017-11-08	ICXSCOMGXX21
8	118	12	INICIO	2017-11-08	2017-11-08	ICXSREECXX22
9	121	12	INICIO	2017-11-08	2017-11-08	ICXSCOMGXX23
10	126	12	INICIO	2017-11-09	2017-11-09	ICXSANTGXX14
11	127	12	INICIO	2017-11-10	2017-11-10	ICXSREQCXX87
12	128	12	INICIO	2017-11-10	2017-11-10	ICXSREQCXX88
13	129	12	INICIO	2017-11-10	2017-11-10	ICXSREQCXX89
14	130	12	INICIO	2017-11-10	2017-11-10	ICXSREQCXX90
15	131	12	INICIO	2017-11-10	2017-11-10	ICXSREQCXX91
16	132	12	INICIO	2017-11-10	2017-11-10	ICXSREQCXX92
17	133	12	INICIO	2017-11-10	2017-11-10	ICXSREQCXX93
18	134	12	INICIO	2017-11-10	2017-11-10	ICXSREQCXX94
19	135	12	INICIO	2017-11-10	2017-11-10	ICXSREQCXX95
20	136	12	INICIO	2017-11-10	2017-11-10	ICXSREQCXX96
21	137	12	INICIO	2017-11-10	2017-11-10	ICXSREQCXX97
22	138	12	INICIO	2017-11-10	2017-11-10	ICXSREQCXX98
23	139	12	INICIO	2017-11-10	2017-11-10	ICXSREQCXX99
24	140	12	INICIO	2017-11-10	2017-11-10	ICXSREQCXX100
25	141	12	INICIO	2017-11-10	2017-11-10	ICXSREQCXX101
26	142	12	INICIO	2017-11-10	2017-11-10	ICXSREQCXX102
27	143	12	INICIO	2017-11-10	2017-11-10	ICXSREQCXX103
28	144	12	INICIO	2017-11-10	2017-11-10	ICXSREQCXX104
29	145	12	INICIO	2017-11-10	2017-11-10	ICXSREQCXX105
30	146	12	INICIO	2017-11-10	2017-11-10	ICXSREQCXX106
31	147	12	INICIO	2017-11-10	2017-11-10	ICXSREQCXX107
32	148	12	INICIO	2017-11-13	2017-11-13	ICXSREQCXX108
33	149	12	INICIO	2017-11-13	2017-11-13	ICXSREQCXX109
34	150	12	INICIO	2017-11-13	2017-11-13	ICXSREQCXX110
35	151	12	INICIO	2017-11-13	2017-11-13	ICXSREQCXX111
36	152	12	INICIO	2017-11-13	2017-11-13	ICXSREQCXX112
37	153	12	INICIO	2017-11-13	2017-11-13	ICXSREQCXX113
38	154	12	INICIO	2017-11-13	2017-11-13	ICXSREQCXX114
39	155	12	INICIO	2017-11-13	2017-11-13	ICXSREQCXX115
40	156	12	INICIO	2017-11-13	2017-11-13	ICXSREQCXX116
41	157	12	INICIO	2017-11-13	2017-11-13	ICXSREQCXX117
42	158	12	INICIO	2017-11-13	2017-11-13	ICXSREQCXX118
43	159	12	INICIO	2017-11-13	2017-11-13	ICXSREQCXX119
44	160	12	INICIO	2017-11-13	2017-11-13	ICXSREQCXX120
45	161	12	INICIO	2017-11-13	2017-11-13	ICXSREQCXX121
46	162	12	INICIO	2017-11-13	2017-11-13	ICXSREQCXX122
47	163	12	INICIO	2017-11-13	2017-11-13	ICXSREQCXX123
48	164	12	INICIO	2017-11-13	2017-11-13	ICXSREQCXX124
49	165	12	INICIO	2017-11-13	2017-11-13	ICXSREQCXX125
50	166	12	INICIO	2017-11-13	2017-11-13	ICXSREQCXX126
51	167	12	INICIO	2017-11-13	2017-11-13	ICXSREQCXX127
52	168	12	INICIO	2017-11-13	2017-11-13	ICXSREQCXX128
53	169	12	INICIO	2017-11-13	2017-11-13	ICXSREQCXX129
54	170	12	INICIO	2017-11-13	2017-11-13	ICXSREQCXX130
55	171	12	INICIO	2017-11-13	2017-11-13	ICXSREQCXX131
56	172	12	INICIO	2017-11-13	2017-11-13	ICXSREQCXX132
57	173	12	INICIO	2017-11-13	2017-11-13	ICXSREQCXX133
58	174	12	INICIO	2017-11-13	2017-11-13	ICXSREQCXX134
59	175	12	INICIO	2017-11-13	2017-11-13	ICXSREQCXX135
60	176	12	INICIO	2017-11-13	2017-11-13	ICXSREQCXX136
61	177	12	INICIO	2017-11-13	2017-11-13	ICXSREQCXX137
62	178	12	INICIO	2017-11-13	2017-11-13	ICXSREQCXX138
63	179	12	INICIO	2017-11-13	2017-11-13	ICXSREQCXX139
64	180	12	INICIO	2017-11-13	2017-11-13	ICXSREQCXX140
65	181	12	INICIO	2017-11-13	2017-11-13	ICXSREQCXX141
66	182	12	INICIO	2017-11-13	2017-11-13	ICXSREQCXX142
67	183	12	INICIO	2017-11-13	2017-11-13	ICXSREQCXX143
68	184	12	INICIO	2017-11-13	2017-11-13	ICXSREQCXX144
69	185	12	INICIO	2017-11-13	2017-11-13	ICXSREQCXX145
70	186	12	INICIO	2017-11-13	2017-11-13	ICXSREQCXX146
71	187	12	INICIO	2017-11-13	2017-11-13	ICXSREQCXX147
72	188	12	INICIO	2017-11-14	2017-11-14	ICXSREQCXX148
73	189	12	INICIO	2017-11-14	2017-11-14	ICXSREQCXX149
74	190	12	INICIO	2017-11-14	2017-11-14	ICXSREQCXX150
75	191	12	INICIO	2017-11-14	2017-11-14	ICXSREQCXX151
76	192	12	INICIO	2017-11-14	2017-11-14	ICXSREQCXX152
77	193	12	INICIO	2017-11-14	2017-11-14	ICXSREQCXX153
78	194	12	INICIO	2017-11-14	2017-11-14	ICXSREQCXX154
79	195	12	INICIO	2017-11-14	2017-11-14	ICXSREQCXX155
80	196	12	INICIO	2017-11-14	2017-11-14	ICXSREQCXX156
81	197	12	INICIO	2017-11-14	2017-11-14	ICXSREQCXX157
82	198	12	INICIO	2017-11-14	2017-11-14	ICXSREQCXX158
83	199	12	INICIO	2017-11-14	2017-11-14	ICXSREQCXX159
84	200	12	INICIO	2017-11-14	2017-11-14	ICXSREQCXX160
85	201	12	INICIO	2017-11-14	2017-11-14	ICXSREQCXX161
86	202	12	INICIO	2017-11-14	2017-11-14	ICXSREQCXX162
87	203	12	INICIO	2017-11-14	2017-11-14	ICXSREQCXX163
88	204	12	INICIO	2017-11-14	2017-11-14	ICXSREQCXX164
89	205	12	INICIO	2017-11-14	2017-11-14	ICXSREQCXX165
90	206	12	INICIO	2017-11-14	2017-11-14	ICXSREQCXX166
91	207	12	INICIO	2017-11-14	2017-11-14	ICXSREQCXX167
92	208	12	INICIO	2017-11-14	2017-11-14	ICXSREQCXX168
93	209	12	INICIO	2017-11-14	2017-11-14	ICXSREQCXX169
94	210	12	INICIO	2017-11-14	2017-11-14	ICXSREQCXX170
95	211	12	INICIO	2017-11-14	2017-11-14	ICXSREQCXX171
96	212	12	INICIO	2017-11-14	2017-11-14	ICXSREQCXX172
97	213	12	INICIO	2017-11-14	2017-11-14	ICXSREQCXX173
98	214	12	INICIO	2017-11-14	2017-11-14	ICXSREQCXX174
99	215	12	INICIO	2017-11-14	2017-11-14	ICXSREQCXX175
100	216	12	INICIO	2017-11-14	2017-11-14	ICXSREQCXX176
101	217	12	INICIO	2017-11-14	2017-11-14	ICXSREQCXX177
102	218	12	INICIO	2017-11-14	2017-11-14	ICXSREQCXX178
103	219	12	INICIO	2017-11-14	2017-11-14	ICXSREQCXX179
104	220	12	INICIO	2017-11-14	2017-11-14	ICXSREQCXX180
105	221	12	INICIO	2017-11-14	2017-11-14	ICXSREQCXX181
106	222	12	INICIO	2017-11-14	2017-11-14	ICXSREQCXX182
108	223	12	INICIO	2017-11-14	2017-11-14	ICXSREQCXX183
110	224	12	INICIO	2017-11-14	2017-11-14	ICXSREQCXX184
111	225	12	INICIO	2017-11-14	2017-11-14	ICXSREQCXX185
112	226	12	INICIO	2017-11-14	2017-11-14	ICXSREQCXX186
113	227	12	INICIO	2017-11-14	2017-11-14	ICXSREQCXX187
114	228	12	INICIO	2017-11-14	2017-11-14	ICXSREQCXX188
115	229	12	INICIO	2017-11-14	2017-11-14	ICXSREQCXX189
116	230	12	INICIO	2017-11-14	2017-11-14	ICXSREQCXX190
117	231	12	INICIO	2017-11-15	2017-11-15	ICXSREQCXX191
118	233	12	INICIO	2017-11-15	2017-11-15	ICXSREQCXX193
119	234	12	INICIO	2017-11-15	2017-11-15	ICXSREQCXX194
121	235	12	INICIO	2017-11-15	2017-11-15	ICXSREQCXX195
123	236	12	INICIO	2017-11-15	2017-11-15	ICXSREQCXX196
125	237	12	INICIO	2017-11-15	2017-11-15	ICXSREQCXX197
126	238	12	INICIO	2017-11-15	2017-11-15	ICXSREQCXX198
127	239	12	INICIO	2017-11-15	2017-11-15	ICXSREQCXX199
128	240	12	INICIO	2017-11-15	2017-11-15	ICXSREQCXX200
129	241	12	INICIO	2017-11-15	2017-11-15	ICXSREQCXX201
130	242	12	INICIO	2017-11-15	2017-11-15	ICXSREQCXX202
131	243	12	INICIO	2017-11-15	2017-11-15	ICXSREQCXX203
133	244	12	INICIO	2017-11-15	2017-11-15	ICXSREQCXX204
134	245	12	INICIO	2017-11-15	2017-11-15	ICXSREQCXX205
135	246	12	INICIO	2017-11-15	2017-11-15	ICXSREQCXX206
136	247	12	INICIO	2017-11-15	2017-11-15	ICXSREQCXX207
138	248	12	INICIO	2017-11-15	2017-11-15	ICXSREQCXX208
139	249	12	INICIO	2017-11-15	2017-11-15	ICXSREQCXX209
140	250	12	INICIO	2017-11-15	2017-11-15	ICXSREQCXX210
141	251	12	INICIO	2017-11-15	2017-11-15	ICXSREQCXX211
142	252	12	INICIO	2017-11-15	2017-11-15	ICXSREQCXX212
144	253	12	INICIO	2017-11-15	2017-11-15	ICXSREQCXX213
145	254	12	INICIO	2017-11-15	2017-11-15	ICXSREQCXX214
146	255	12	INICIO	2017-11-15	2017-11-15	ICXSREQCXX215
147	256	12	INICIO	2017-11-15	2017-11-15	ICXSREQCXX216
148	257	12	INICIO	2017-11-15	2017-11-15	ICXSREQCXX217
149	258	12	INICIO	2017-11-15	2017-11-15	ICXSREQCXX218
150	259	12	INICIO	2017-11-15	2017-11-15	ICXSREQCXX219
151	260	12	INICIO	2017-11-15	2017-11-15	ICXSREQCXX220
152	261	12	INICIO	2017-11-15	2017-11-15	ICXSREQCXX221
153	262	12	INICIO	2017-11-15	2017-11-15	ICXSREQCXX222
154	263	12	INICIO	2017-11-15	2017-11-15	ICXSREQCXX223
155	264	12	INICIO	2017-11-15	2017-11-15	ICXSREQCXX224
156	265	12	INICIO	2017-11-15	2017-11-15	ICXSREQCXX225
157	266	12	INICIO	2017-11-15	2017-11-15	ICXSREQCXX226
158	267	12	INICIO	2017-11-15	2017-11-15	ICXSREQCXX227
159	268	12	INICIO	2017-11-15	2017-11-15	ICXSREQCXX228
160	269	12	INICIO	2017-11-15	2017-11-15	ICXSREQCXX229
161	270	12	INICIO	2017-11-15	2017-11-15	ICXSREQCXX230
162	271	12	INICIO	2017-11-15	2017-11-15	ICXSREQCXX231
164	272	12	INICIO	2017-11-15	2017-11-15	ICXSREQCXX232
165	273	12	INICIO	2017-11-15	2017-11-15	ICXSREQCXX233
166	274	12	INICIO	2017-11-15	2017-11-15	ICXSREQCXX234
167	275	12	INICIO	2017-11-15	2017-11-15	ICXSREQCXX235
168	276	12	INICIO	2017-11-15	2017-11-15	ICXSREQCXX236
169	277	12	INICIO	2017-11-15	2017-11-15	ICXSREQCXX237
170	278	12	INICIO	2017-11-15	2017-11-15	ICXSREQCXX238
171	279	13	INICIO	2017-11-15	2017-11-15	ICXSREQCXX239
172	280	13	INICIO	2017-11-15	2017-11-15	ICXSREQCXX240
173	281	13	INICIO	2017-11-15	2017-11-15	ICXSREQCXX241
174	282	13	INICIO	2017-11-15	2017-11-15	ICXSREQCXX242
175	283	13	INICIO	2017-11-15	2017-11-15	ICXSREQCXX243
176	284	13	INICIO	2017-11-16	2017-11-16	ICXSREQCXX244
177	285	13	INICIO	2017-11-16	2017-11-16	ICXSREQCXX245
178	286	13	INICIO	2017-11-16	2017-11-16	ICXSREQCXX246
179	287	13	INICIO	2017-11-16	2017-11-16	ICXSREQCXX247
180	288	13	INICIO	2017-11-16	2017-11-16	ICXSREQCXX248
181	289	13	INICIO	2017-11-16	2017-11-16	ICXSREQCXX249
182	290	13	INICIO	2017-11-16	2017-11-16	ICXSREQCXX250
183	291	13	INICIO	2017-11-16	2017-11-16	ICXSREQCXX251
184	292	13	INICIO	2017-11-16	2017-11-16	ICXSREQCXX252
185	293	11	INICIO	2017-11-16	2017-11-16	ICXSREQCXX253
186	294	11	INICIO	2017-11-16	2017-11-16	ICXSREQCXX254
187	295	10	INICIO	2017-11-16	2017-11-16	ICXSREQCXX255
188	296	10	INICIO	2017-11-16	2017-11-16	ICXSREQCXX256
189	297	10	INICIO	2017-11-16	2017-11-16	ICXSREQCXX257
190	298	10	INICIO	2017-11-16	2017-11-16	ICXSREQCXX258
191	299	10	INICIO	2017-11-16	2017-11-16	ICXSREQCXX259
192	300	10	INICIO	2017-11-16	2017-11-16	ICXSREQCXX260
193	301	9	INICIO	2017-11-16	2017-11-16	ICXSREQCXX261
194	302	9	INICIO	2017-11-16	2017-11-16	ICXSREQCXX262
195	303	9	INICIO	2017-11-16	2017-11-16	ICXSREQCXX263
196	304	9	INICIO	2017-11-16	2017-11-16	ICXSREQCXX264
197	305	9	INICIO	2017-11-16	2017-11-16	ICXSREQCXX265
198	306	9	INICIO	2017-11-16	2017-11-16	ICXSREQCXX266
199	307	9	INICIO	2017-11-16	2017-11-16	ICXSREQCXX267
200	308	9	INICIO	2017-11-16	2017-11-16	ICXSREQCXX268
201	309	9	INICIO	2017-11-16	2017-11-16	ICXSREQCXX269
202	310	9	INICIO	2017-11-16	2017-11-16	ICXSREQCXX270
203	311	9	INICIO	2017-11-16	2017-11-16	ICXSREQCXX271
204	312	9	INICIO	2017-11-16	2017-11-16	ICXSREQCXX272
205	313	9	INICIO	2017-11-16	2017-11-16	ICXSREQCXX273
206	314	9	INICIO	2017-11-16	2017-11-16	ICXSREQCXX274
207	315	9	INICIO	2017-11-16	2017-11-16	ICXSREQCXX275
208	316	9	INICIO	2017-11-16	2017-11-16	ICXSREQCXX276
209	317	9	INICIO	2017-11-16	2017-11-16	ICXSREQCXX277
210	318	9	INICIO	2017-11-16	2017-11-16	ICXSREQCXX278
211	319	9	INICIO	2017-11-16	2017-11-16	ICXSREQCXX279
212	320	9	INICIO	2017-11-16	2017-11-16	ICXSREQCXX280
213	321	9	INICIO	2017-11-16	2017-11-16	ICXSREQCXX281
214	322	9	INICIO	2017-11-16	2017-11-16	ICXSREQCXX282
215	323	9	INICIO	2017-11-16	2017-11-16	ICXSREQCXX283
216	324	9	INICIO	2017-11-16	2017-11-16	ICXSREQCXX284
217	325	9	INICIO	2017-11-16	2017-11-16	ICXSREQCXX285
218	326	9	INICIO	2017-11-16	2017-11-16	ICXSREQCXX286
219	327	9	INICIO	2017-11-16	2017-11-16	ICXSREQCXX287
220	328	9	INICIO	2017-11-16	2017-11-16	ICXSREQCXX288
221	329	9	INICIO	2017-11-16	2017-11-16	ICXSREQCXX289
222	330	9	INICIO	2017-11-16	2017-11-16	ICXSREQCXX290
223	331	9	INICIO	2017-11-16	2017-11-16	ICXSREQCXX291
224	332	9	INICIO	2017-11-16	2017-11-16	ICXSREQCXX292
225	333	9	INICIO	2017-11-16	2017-11-16	ICXSREQCXX293
226	334	9	INICIO	2017-11-16	2017-11-16	ICXSREQCXX294
227	335	9	INICIO	2017-11-16	2017-11-16	ICXSREQCXX295
228	336	9	INICIO	2017-11-16	2017-11-16	ICXSREQCXX296
229	337	9	INICIO	2017-11-16	2017-11-16	ICXSREQCXX297
230	338	9	INICIO	2017-11-16	2017-11-16	ICXSREQCXX298
231	339	9	INICIO	2017-11-16	2017-11-16	ICXSREQCXX299
232	340	9	INICIO	2017-11-16	2017-11-16	ICXSREQCXX300
233	341	9	INICIO	2017-11-16	2017-11-16	ICXSREQCXX301
234	342	9	INICIO	2017-11-16	2017-11-16	ICXSREQCXX302
235	343	9	INICIO	2017-11-16	2017-11-16	ICXSREQCXX303
236	344	9	INICIO	2017-11-16	2017-11-16	ICXSREQCXX304
237	345	9	INICIO	2017-11-16	2017-11-16	ICXSREQCXX305
238	346	9	INICIO	2017-11-16	2017-11-16	ICXSREQCXX306
239	347	9	INICIO	2017-11-16	2017-11-16	ICXSREQCXX307
240	348	9	INICIO	2017-11-16	2017-11-16	ICXSREQCXX308
241	349	9	INICIO	2017-11-16	2017-11-16	ICXSREQCXX309
242	350	9	INICIO	2017-11-16	2017-11-16	ICXSREQCXX310
243	351	9	INICIO	2017-11-16	2017-11-16	ICXSREQCXX311
244	352	9	INICIO	2017-11-16	2017-11-16	ICXSREQCXX312
245	353	9	INICIO	2017-11-16	2017-11-16	ICXSREQCXX313
246	354	9	INICIO	2017-11-16	2017-11-16	ICXSREQCXX314
247	355	9	INICIO	2017-11-16	2017-11-16	ICXSREQCXX315
248	356	9	INICIO	2017-11-16	2017-11-16	ICXSREQCXX316
249	357	9	INICIO	2017-11-16	2017-11-16	ICXSREQCXX317
250	358	9	INICIO	2017-11-16	2017-11-16	ICXSREQCXX318
251	359	9	INICIO	2017-11-16	2017-11-16	ICXSREQCXX319
252	360	9	INICIO	2017-11-16	2017-11-16	ICXSREQCXX320
253	361	9	INICIO	2017-11-16	2017-11-16	ICXSREQCXX321
254	362	9	INICIO	2017-11-16	2017-11-16	ICXSREQCXX322
255	363	9	INICIO	2017-11-16	2017-11-16	ICXSREQCXX323
256	364	9	INICIO	2017-11-16	2017-11-16	ICXSREQCXX324
257	365	9	INICIO	2017-11-16	2017-11-16	ICXSREQCXX325
258	366	9	INICIO	2017-11-16	2017-11-16	ICXSREQCXX326
259	367	9	INICIO	2017-11-16	2017-11-16	ICXSREQCXX327
260	368	9	INICIO	2017-11-16	2017-11-16	ICXSREQCXX328
261	369	9	INICIO	2017-11-16	2017-11-16	ICXSREQCXX329
262	370	9	INICIO	2017-11-16	2017-11-16	ICXSREQCXX330
263	371	9	INICIO	2017-11-16	2017-11-16	ICXSREQCXX331
264	372	9	INICIO	2017-11-16	2017-11-16	ICXSREQCXX332
265	373	9	INICIO	2017-11-16	2017-11-16	ICXSREQCXX333
266	374	9	INICIO	2017-11-16	2017-11-16	ICXSREQCXX334
267	375	9	INICIO	2017-11-16	2017-11-16	ICXSREQCXX335
268	376	9	INICIO	2017-11-16	2017-11-16	ICXSREQCXX336
269	377	9	INICIO	2017-11-16	2017-11-16	ICXSREQCXX337
270	378	11	INICIO	2017-11-16	2017-11-16	ICXSREQCXX338
271	379	10	INICIO	2017-11-16	2017-11-16	ICXSREQCXX339
272	380	10	INICIO	2017-11-16	2017-11-16	ICXSREQCXX340
273	381	11	INICIO	2017-11-16	2017-11-16	ICXSREQCXX341
274	382	11	INICIO	2017-11-16	2017-11-16	ICXSREQCXX342
275	383	11	INICIO	2017-11-16	2017-11-16	ICXSREQCXX343
276	384	11	INICIO	2017-11-16	2017-11-16	ICXSREQCXX344
278	385	11	INICIO	2017-11-16	2017-11-16	ICXSREQCXX345
280	386	10	INICIO	2017-11-17	2017-11-17	ICXSREQCXX346
282	387	10	INICIO	2017-11-17	2017-11-17	ICXSREQCXX347
283	388	13	INICIO	2017-11-17	2017-11-17	ICXSREQCXX348
284	389	13	INICIO	2017-11-17	2017-11-17	ICXSREQCXX349
285	390	13	INICIO	2017-11-17	2017-11-17	ICXSREQCXX350
286	391	13	INICIO	2017-11-17	2017-11-17	ICXSREQCXX351
287	392	13	INICIO	2017-11-17	2017-11-17	ICXSREQCXX352
288	393	11	PROCESO	2017-11-17	2017-11-17	ICXSREQCXX353
289	394	9	PROCESO	2017-11-17	2017-11-17	ICXSREQCXX354
290	395	10	AUTORIZADO	2017-11-17	2017-11-17	ICXSREQCXX355
291	396	13	INICIO	2017-11-17	2017-11-17	ICXSREQCXX356
292	397	13	INICIO	2017-11-17	2017-11-17	ICXSREQCXX357
293	398	13	INICIO	2017-11-17	2017-11-17	ICXSREQCXX358
294	399	13	INICIO	2017-11-17	2017-11-17	ICXSREQCXX359
295	400	13	INICIO	2017-11-17	2017-11-17	ICXSREQCXX360
296	401	13	INICIO	2017-11-17	2017-11-17	ICXSREQCXX361
297	402	13	INICIO	2017-11-17	2017-11-17	ICXSREQCXX362
298	403	13	INICIO	2017-11-17	2017-11-17	ICXSREQCXX363
299	404	11	PROCESO	2017-11-17	2017-11-17	ICXSREQCXX364
300	405	9	PROCESO	2017-11-17	2017-11-17	ICXSREQCXX365
301	406	10	AUTORIZADO	2017-11-17	2017-11-17	ICXSREQCXX366
302	407	9	PROCESO	2017-11-17	2017-11-17	ICXSREQCXX367
303	408	10	AUTORIZADO	2017-11-17	2017-11-17	ICXSREQCXX368
304	409	11	PROCESO	2017-11-17	2017-11-17	ICXSREQCXX369
\.


--
-- TOC entry 2673 (class 0 OID 0)
-- Dependencies: 192
-- Name: ic_estatus_solicitud_id_seq; Type: SEQUENCE SET; Schema: public; Owner: icweb
--

SELECT pg_catalog.setval('ic_estatus_solicitud_id_seq', 304, true);


--
-- TOC entry 2622 (class 0 OID 116587)
-- Dependencies: 222
-- Data for Name: ic_estatus_ticket; Type: TABLE DATA; Schema: public; Owner: icweb
--

COPY ic_estatus_ticket (id, nombre) FROM stdin;
1	NO ASIGNADO
2	ASIGNADO
3	TRABAJANDO
4	EN ESPERA
5	FINALIZADO
\.


--
-- TOC entry 2674 (class 0 OID 0)
-- Dependencies: 223
-- Name: ic_estatus_ticket_id_seq; Type: SEQUENCE SET; Schema: public; Owner: icweb
--

SELECT pg_catalog.setval('ic_estatus_ticket_id_seq', 1, false);


--
-- TOC entry 2593 (class 0 OID 116144)
-- Dependencies: 193
-- Data for Name: ic_fos_perfil; Type: TABLE DATA; Schema: public; Owner: icweb
--

COPY ic_fos_perfil (id_perfil, nombre, apellido, telefono, id_centro, id_direccion, id_gerencia, id_area, id_puesto, id_fos, firma) FROM stdin;
3	Zuleyma	Estrada Curiel	6648002089	3	1	3	12	33	2	\N
2	Shantee	bouchain	1122331	4	3	3	4	5	1	\N
1	htde	ee	e	2	1	1	2	1	1	\N
8	Osmar	Bazan	234	3	1	1	2	1	8	\N
10	Zullye	Estrada	6641234567	3	1	3	12	33	12	\N
11	Martin	Ibarra	6641234567	3	1	3	12	14	11	\N
12	Jeronimo	Vera	6641234567	3	1	1	2	51	10	\N
9	paulina	garcia	234	3	1	1	2	1	3	\N
13	Paulina	Garcia	6641234567	3	1	3	7	6	9	\N
\.


--
-- TOC entry 2675 (class 0 OID 0)
-- Dependencies: 194
-- Name: ic_fos_perfil_id_perfil_seq; Type: SEQUENCE SET; Schema: public; Owner: icweb
--

SELECT pg_catalog.setval('ic_fos_perfil_id_perfil_seq', 13, true);


--
-- TOC entry 2595 (class 0 OID 116152)
-- Dependencies: 195
-- Data for Name: ic_gerencia; Type: TABLE DATA; Schema: public; Owner: icweb
--

COPY ic_gerencia (id_gerencia, nombre, id_direccion) FROM stdin;
1	Administracin	1
2	Estadio	1
3	Operaciones	1
4	Finanzas	1
5	Ventas y Atencin al Cliente	1
6	Mantenimiento	1
7	Recursos Humanos	1
8	Comunicacin	2
9	Mercadotecnia	2
10	Responsabilidad Social	2
11	Comercializacin	2
12	Relaciones Pblicas	1
14	lksajdkjdsa	1
15	gerenciaaaaaaaa	1
16	byevsd	1
17	aejemplo	1
\.


--
-- TOC entry 2676 (class 0 OID 0)
-- Dependencies: 196
-- Name: ic_gerencia_id_gerencia_seq; Type: SEQUENCE SET; Schema: public; Owner: icweb
--

SELECT pg_catalog.setval('ic_gerencia_id_gerencia_seq', 18, true);


--
-- TOC entry 2630 (class 0 OID 116651)
-- Dependencies: 230
-- Data for Name: ic_historial_ticket; Type: TABLE DATA; Schema: public; Owner: icweb
--

COPY ic_historial_ticket (id, id_ticket, fecha_modificacion, nuevo_estatus) FROM stdin;
\.


--
-- TOC entry 2677 (class 0 OID 0)
-- Dependencies: 231
-- Name: ic_historial_ticket_id_seq; Type: SEQUENCE SET; Schema: public; Owner: icweb
--

SELECT pg_catalog.setval('ic_historial_ticket_id_seq', 1, false);


--
-- TOC entry 2597 (class 0 OID 116157)
-- Dependencies: 197
-- Data for Name: ic_mensajes; Type: TABLE DATA; Schema: public; Owner: icweb
--

COPY ic_mensajes (id, asunto, id_fos_remitente, id_fos_destinatario, fecha_envio) FROM stdin;
1	Aprobacion/Negacion de Solicitud	12	12	2017-11-10
2	Aprobacion/Negacion de Solicitud	12	12	2017-11-10
3	Aprobacion/Negacion de Solicitud	12	12	2017-11-10
4	Aprobacion/Negacion de Solicitud	12	12	2017-11-10
5	Aprobacion/Negacion de Solicitud	12	12	2017-11-10
6	Aprobacion/Negacion de Solicitud	12	12	2017-11-10
7	Aprobacion/Negacion de Solicitud	12	12	2017-11-10
8	Aprobacion/Negacion de Solicitud	12	12	2017-11-10
9	Aprobacion/Negacion de Solicitud	12	12	2017-11-10
10	Aprobacion/Negacion de Solicitud	12	12	2017-11-10
11	Aprobacion/Negacion de Solicitud	12	12	2017-11-10
12	Aprobacion/Negacion de Solicitud	12	12	2017-11-10
13	Aprobacion/Negacion de Solicitud	12	12	2017-11-10
14	Aprobacion/Negacion de Solicitud	12	12	2017-11-10
15	Aprobacion/Negacion de Solicitud	12	12	2017-11-10
16	Aprobacion/Negacion de Solicitud	12	12	2017-11-10
17	Aprobacion/Negacion de Solicitud	12	12	2017-11-13
18	Aprobacion/Negacion de Solicitud	12	12	2017-11-13
19	Aprobacion/Negacion de Solicitud	12	12	2017-11-13
20	Aprobacion/Negacion de Solicitud	12	12	2017-11-13
21	Aprobacion/Negacion de Solicitud	12	12	2017-11-13
22	Aprobacion/Negacion de Solicitud	12	12	2017-11-13
23	Aprobacion/Negacion de Solicitud	12	12	2017-11-13
24	Aprobacion/Negacion de Solicitud	12	12	2017-11-13
25	Aprobacion/Negacion de Solicitud	12	12	2017-11-13
26	Aprobacion/Negacion de Solicitud	12	12	2017-11-13
27	Aprobacion/Negacion de Solicitud	12	12	2017-11-13
28	Aprobacion/Negacion de Solicitud	12	12	2017-11-13
29	Aprobacion/Negacion de Solicitud	12	12	2017-11-13
30	Aprobacion/Negacion de Solicitud	12	12	2017-11-13
31	Aprobacion/Negacion de Solicitud	12	12	2017-11-13
32	Aprobacion/Negacion de Solicitud	12	12	2017-11-13
33	Aprobacion/Negacion de Solicitud	12	12	2017-11-13
34	Aprobacion/Negacion de Solicitud	12	12	2017-11-13
35	Aprobacion/Negacion de Solicitud	12	12	2017-11-13
36	Aprobacion/Negacion de Solicitud	12	12	2017-11-13
37	Aprobacion/Negacion de Solicitud	12	12	2017-11-13
38	Aprobacion/Negacion de Solicitud	12	12	2017-11-13
39	Aprobacion/Negacion de Solicitud	12	12	2017-11-13
40	Aprobacion/Negacion de Solicitud	12	12	2017-11-13
41	Aprobacion/Negacion de Solicitud	12	12	2017-11-13
42	Aprobacion/Negacion de Solicitud	12	12	2017-11-13
43	Aprobacion/Negacion de Solicitud	12	12	2017-11-13
44	Aprobacion/Negacion de Solicitud	12	12	2017-11-13
45	Aprobacion/Negacion de Solicitud	12	12	2017-11-13
46	Aprobacion/Negacion de Solicitud	12	12	2017-11-13
47	Aprobacion/Negacion de Solicitud	12	12	2017-11-13
48	Aprobacion/Negacion de Solicitud	12	12	2017-11-13
49	Aprobacion/Negacion de Solicitud	12	12	2017-11-13
50	Aprobacion/Negacion de Solicitud	12	12	2017-11-13
51	Aprobacion/Negacion de Solicitud	12	12	2017-11-13
52	Aprobacion/Negacion de Solicitud	12	12	2017-11-13
53	Aprobacion/Negacion de Solicitud	12	12	2017-11-13
54	Aprobacion/Negacion de Solicitud	12	12	2017-11-13
55	Aprobacion/Negacion de Solicitud	12	12	2017-11-13
56	Aprobacion/Negacion de Solicitud	12	12	2017-11-14
57	Aprobacion/Negacion de Solicitud	12	12	2017-11-14
58	Aprobacion/Negacion de Solicitud	12	12	2017-11-14
59	Aprobacion/Negacion de Solicitud	12	12	2017-11-14
60	Aprobacion/Negacion de Solicitud	12	12	2017-11-14
61	Aprobacion/Negacion de Solicitud	12	12	2017-11-14
62	Aprobacion/Negacion de Solicitud	12	12	2017-11-14
63	Aprobacion/Negacion de Solicitud	12	12	2017-11-14
64	Aprobacion/Negacion de Solicitud	12	12	2017-11-14
65	Solicitud de Requisicion	12	12	2017-11-14
66	Solicitud de Requisicion	12	12	2017-11-14
67	Solicitud de Requisicion	12	12	2017-11-14
68	Solicitud de Requisicion	12	12	2017-11-14
69	Solicitud de Requisicion	12	12	2017-11-14
70	Solicitud de Requisicion	12	12	2017-11-14
71	Solicitud de Requisicion	12	12	2017-11-14
72	Solicitud de Requisicion	12	12	2017-11-14
73	Solicitud de Requisicion	12	12	2017-11-14
74	Solicitud de Requisicion	12	12	2017-11-14
75	Solicitud de Requisicion	12	12	2017-11-14
76	Solicitud de Requisicion	12	12	2017-11-14
77	Solicitud de Requisicion	12	12	2017-11-14
78	Solicitud de Requisicion	12	12	2017-11-14
79	Solicitud de Requisicion	12	12	2017-11-14
80	Solicitud de Requisicion	12	12	2017-11-14
81	Solicitud de Requisicion	12	12	2017-11-14
82	Solicitud de Requisicion	12	12	2017-11-14
83	Solicitud de Requisicion	12	12	2017-11-14
84	Solicitud de Requisicion	12	12	2017-11-14
85	Solicitud de Requisicion	12	12	2017-11-14
86	Solicitud de Requisicion	12	12	2017-11-14
87	Solicitud de Requisicion	12	12	2017-11-14
88	Solicitud de Requisicion	12	12	2017-11-14
89	Solicitud de Requisicion	12	12	2017-11-14
90	Solicitud de Requisicion	12	12	2017-11-14
91	Solicitud de Requisicion	12	12	2017-11-14
92	Solicitud de Requisicion	12	12	2017-11-14
93	Solicitud de Requisicion	12	12	2017-11-14
94	Solicitud de Requisicion	12	12	2017-11-14
95	Solicitud de Requisicion	12	12	2017-11-14
96	Solicitud de Requisicion	12	12	2017-11-14
97	Solicitud de Requisicion	12	12	2017-11-14
98	Solicitud de Requisicion	12	12	2017-11-14
99	Solicitud de Requisicion	12	12	2017-11-15
100	Solicitud de Requisicion	12	12	2017-11-15
101	Solicitud de Requisicion	12	12	2017-11-15
102	Solicitud de Requisicion	12	12	2017-11-15
103	Solicitud de Requisicion	12	12	2017-11-15
104	Solicitud de Requisicion	12	12	2017-11-15
105	Solicitud de Requisicion	12	12	2017-11-15
106	Solicitud de Requisicion	12	12	2017-11-15
107	Solicitud de Requisicion	12	12	2017-11-15
108	Solicitud de Requisicion	12	12	2017-11-15
109	Solicitud de Requisicion	12	12	2017-11-15
110	Solicitud de Requisicion	12	12	2017-11-15
111	Solicitud de Requisicion	12	12	2017-11-15
112	Solicitud de Requisicion	12	12	2017-11-15
113	Solicitud de Requisicion	12	12	2017-11-15
114	Solicitud de Requisicion	12	12	2017-11-15
115	Solicitud de Requisicion	12	12	2017-11-15
116	Solicitud de Requisicion	12	12	2017-11-15
117	Solicitud de Requisicion	12	12	2017-11-15
118	Solicitud de Requisicion	12	12	2017-11-15
119	Solicitud de Requisicion	12	12	2017-11-15
120	Solicitud de Requisicion	12	12	2017-11-15
121	Solicitud de Requisicion	12	12	2017-11-15
122	Solicitud de Requisicion	12	12	2017-11-15
123	Solicitud de Requisicion	12	12	2017-11-15
124	Solicitud de Requisicion	12	12	2017-11-15
125	Solicitud de Requisicion	12	12	2017-11-15
126	Solicitud de Requisicion	12	12	2017-11-15
127	Solicitud de Requisicion	12	12	2017-11-15
128	Solicitud de Requisicion	12	12	2017-11-15
129	Solicitud de Requisicion	12	12	2017-11-15
130	Solicitud de Requisicion	12	12	2017-11-15
131	Solicitud de Requisicion	12	12	2017-11-15
132	Solicitud de Requisicion	12	12	2017-11-15
133	Solicitud de Requisicion	12	12	2017-11-15
134	Solicitud de Requisicion	12	12	2017-11-15
135	Solicitud de Requisicion	12	12	2017-11-15
136	Solicitud de Requisicion	12	12	2017-11-15
137	Solicitud de Requisicion	12	12	2017-11-15
138	Solicitud de Requisicion	12	12	2017-11-15
139	Solicitud de Requisicion	12	12	2017-11-15
140	Solicitud de Requisicion	12	12	2017-11-15
141	Solicitud de Requisicion	12	12	2017-11-15
142	Solicitud de Requisicion	12	12	2017-11-15
143	Solicitud de Requisicion	12	12	2017-11-15
144	Solicitud de Requisicion	12	12	2017-11-15
145	Solicitud de Requisicion	13	13	2017-11-15
146	Solicitud de Requisicion	13	13	2017-11-15
147	Solicitud de Requisicion	13	13	2017-11-15
148	Solicitud de Requisicion	13	13	2017-11-15
149	Solicitud de Requisicion	13	13	2017-11-16
150	Solicitud de Requisicion	13	13	2017-11-16
151	Solicitud de Requisicion	13	13	2017-11-16
152	Solicitud de Requisicion	13	13	2017-11-16
153	Solicitud de Requisicion	13	13	2017-11-16
154	Solicitud de Requisicion	13	13	2017-11-16
155	Solicitud de Requisicion	13	13	2017-11-16
156	Solicitud de Requisicion	13	13	2017-11-16
157	Solicitud de Requisicion	11	11	2017-11-16
158	Solicitud de Requisicion	11	11	2017-11-16
159	Solicitud de Requisicion	10	10	2017-11-16
160	Solicitud de Requisicion	10	10	2017-11-16
161	Solicitud de Requisicion	10	10	2017-11-16
162	Solicitud de Requisicion	10	10	2017-11-16
163	Solicitud de Requisicion	10	10	2017-11-16
164	Solicitud de Requisicion	10	10	2017-11-16
165	Solicitud de Requisicion	9	9	2017-11-16
166	Solicitud de Requisicion	9	9	2017-11-16
167	Solicitud de Requisicion	9	9	2017-11-16
168	Solicitud de Requisicion	9	9	2017-11-16
169	Solicitud de Requisicion	9	9	2017-11-16
170	Solicitud de Requisicion	9	9	2017-11-16
171	Solicitud de Requisicion	9	9	2017-11-16
172	Solicitud de Requisicion	9	9	2017-11-16
173	Solicitud de Requisicion	9	9	2017-11-16
174	Solicitud de Requisicion	9	9	2017-11-16
175	Solicitud de Requisicion	9	9	2017-11-16
176	Solicitud de Requisicion	9	9	2017-11-16
177	Solicitud de Requisicion	9	9	2017-11-16
178	Solicitud de Requisicion	9	9	2017-11-16
179	Solicitud de Requisicion	9	9	2017-11-16
180	Solicitud de Requisicion	9	9	2017-11-16
181	Solicitud de Requisicion	9	9	2017-11-16
182	Solicitud de Requisicion	9	9	2017-11-16
183	Solicitud de Requisicion	9	9	2017-11-16
184	Solicitud de Requisicion	9	9	2017-11-16
185	Solicitud de Requisicion	9	9	2017-11-16
186	Solicitud de Requisicion	9	9	2017-11-16
187	Solicitud de Requisicion	9	9	2017-11-16
188	Solicitud de Requisicion	9	9	2017-11-16
189	Solicitud de Requisicion	9	9	2017-11-16
190	Solicitud de Requisicion	9	9	2017-11-16
191	Solicitud de Requisicion	9	9	2017-11-16
192	Solicitud de Requisicion	9	9	2017-11-16
193	Solicitud de Requisicion	9	9	2017-11-16
194	Solicitud de Requisicion	9	9	2017-11-16
195	Solicitud de Requisicion	9	9	2017-11-16
196	Solicitud de Requisicion	9	9	2017-11-16
197	Solicitud de Requisicion	9	9	2017-11-16
198	Solicitud de Requisicion	9	9	2017-11-16
199	Solicitud de Requisicion	9	9	2017-11-16
200	Solicitud de Requisicion	9	9	2017-11-16
201	Solicitud de Requisicion	9	9	2017-11-16
202	Solicitud de Requisicion	9	9	2017-11-16
203	Solicitud de Requisicion	9	9	2017-11-16
204	Solicitud de Requisicion	9	9	2017-11-16
205	Solicitud de Requisicion	9	9	2017-11-16
206	Solicitud de Requisicion	9	9	2017-11-16
207	Solicitud de Requisicion	9	9	2017-11-16
208	Solicitud de Requisicion	9	9	2017-11-16
209	Solicitud de Requisicion	9	9	2017-11-16
210	Solicitud de Requisicion	9	9	2017-11-16
211	Solicitud de Requisicion	9	9	2017-11-16
212	Solicitud de Requisicion	9	9	2017-11-16
213	Solicitud de Requisicion	9	9	2017-11-16
214	Solicitud de Requisicion	9	9	2017-11-16
215	Solicitud de Requisicion	9	9	2017-11-16
216	Solicitud de Requisicion	9	9	2017-11-16
217	Solicitud de Requisicion	9	9	2017-11-16
218	Solicitud de Requisicion	9	9	2017-11-16
219	Solicitud de Requisicion	9	9	2017-11-16
220	Solicitud de Requisicion	9	9	2017-11-16
221	Solicitud de Requisicion	9	9	2017-11-16
222	Solicitud de Requisicion	9	9	2017-11-16
223	Solicitud de Requisicion	9	9	2017-11-16
224	Solicitud de Requisicion	9	9	2017-11-16
225	Solicitud de Requisicion	9	9	2017-11-16
226	Solicitud de Requisicion	9	9	2017-11-16
227	Solicitud de Requisicion	9	9	2017-11-16
228	Solicitud de Requisicion	9	9	2017-11-16
229	Solicitud de Requisicion	9	9	2017-11-16
230	Solicitud de Requisicion	9	9	2017-11-16
231	Solicitud de Requisicion	9	9	2017-11-16
232	Solicitud de Requisicion	9	9	2017-11-16
233	Solicitud de Requisicion	9	9	2017-11-16
234	Solicitud de Requisicion	9	9	2017-11-16
235	Solicitud de Requisicion	9	9	2017-11-16
236	Solicitud de Requisicion	9	9	2017-11-16
237	Solicitud de Requisicion	9	9	2017-11-16
238	Solicitud de Requisicion	9	9	2017-11-16
239	Solicitud de Requisicion	9	9	2017-11-16
240	Solicitud de Requisicion	9	9	2017-11-16
241	Solicitud de Requisicion	9	9	2017-11-16
242	Solicitud de Requisicion	11	11	2017-11-16
243	Solicitud de Requisicion	10	10	2017-11-16
244	Solicitud de Requisicion	10	10	2017-11-16
245	Solicitud de Requisicion	11	11	2017-11-16
246	Solicitud de Requisicion	11	11	2017-11-16
247	Solicitud de Requisicion	11	11	2017-11-16
248	Solicitud de Requisicion	11	11	2017-11-16
249	Solicitud de Requisicion	11	11	2017-11-16
250	Solicitud de Requisicion	10	10	2017-11-17
251	Solicitud de Requisicion	10	10	2017-11-17
252	Solicitud de Requisicion	13	13	2017-11-17
253	Solicitud de Requisicion	13	13	2017-11-17
254	Solicitud de Requisicion	13	13	2017-11-17
255	Solicitud de Requisicion	13	13	2017-11-17
256	Solicitud de Requisicion	13	13	2017-11-17
257	Solicitud de Requisicion	11	11	2017-11-17
258	Solicitud de Requisicion	9	9	2017-11-17
259	Solicitud de Requisicion	10	10	2017-11-17
260	Solicitud de Requisicion	13	13	2017-11-17
261	Solicitud de Requisicion	13	13	2017-11-17
262	Solicitud de Requisicion	13	13	2017-11-17
263	Solicitud de Requisicion	13	13	2017-11-17
264	Solicitud de Requisicion	13	13	2017-11-17
265	Solicitud de Requisicion	13	13	2017-11-17
266	Solicitud de Requisicion	13	13	2017-11-17
267	Solicitud de Requisicion	11	11	2017-11-17
268	Solicitud de Requisicion	9	9	2017-11-17
269	Solicitud de Requisicion	10	10	2017-11-17
270	Solicitud de Requisicion	9	9	2017-11-17
271	Solicitud de Requisicion	10	10	2017-11-17
272	Solicitud de Requisicion	11	11	2017-11-17
\.


--
-- TOC entry 2678 (class 0 OID 0)
-- Dependencies: 198
-- Name: ic_mensajes_id_seq; Type: SEQUENCE SET; Schema: public; Owner: icweb
--

SELECT pg_catalog.setval('ic_mensajes_id_seq', 272, true);


--
-- TOC entry 2599 (class 0 OID 116162)
-- Dependencies: 199
-- Data for Name: ic_puesto; Type: TABLE DATA; Schema: public; Owner: icweb
--

COPY ic_puesto (id_puesto, nombre) FROM stdin;
1	Gerente
2	Gerente
3	Gerente
4	Gerente
5	Gerente
6	Gerente
7	Gerente
8	Jefe
9	Sub-Gerente
10	Mensajero
11	Auxiliar en Operaciones
12	Auxiliar en Operaciones
13	Gerente
14	Coordinador
15	Encargado
16	Gerente
17	Gerente
18	Auxiliar
19	Coordinador Administrativo
20	Auxiliar Administrativo
21	Encargado
22	Contador General
23	Auxiliar Finanzas
24	Contador Fiscal
25	Auxiliar Contable
26	Auxiliar Contable Dorados
27	Coordinador
28	Auxiliar
29	Mantenimiento
30	Limpieza
31	Coordinador
32	Auxiliar
33	Analista
34	Auxiliar Administrativo
35	Vendedor
36	Tienda Virtual
37	Encargado
38	Mensajero
39	Coordinador Deportivo
40	Auxiliar Administrativo
41	Coordinador Administrativo
42	Coordinador
44	Ejecutivo Ventas y Atencin al Cliente
45	Sub-Gerente
46	Coordinador Administrativo
47	Coordinador Deportivo
48	rbitro
49	Relaciones Pblicas
50	Auxiliar
51	Director
52	Asistente Direccin
53	Coordinadora de Vinculacin
54	Sub-Gerente
55	Gerente
56	Gerente
57	Gerente
58	Gerente
59	Coordinador
60	Coordinador
61	Coordinador Comercial
62	Ejecutivo de Imagen
63	Jefe de Animacin
64	Jefe de Prensa
65	Sub-Gerente de Video
66	Jefe de Video
67	Ejecutivo Video, Fotografa e Impresos
68	Sub-Gerente Fotografa
69	Jefe de Redes Sociales
70	U.S Media Communications
71	Gerente
74	ajuaaaaaaaaaaaa
\.


--
-- TOC entry 2679 (class 0 OID 0)
-- Dependencies: 200
-- Name: ic_puesto_id_puesto_seq; Type: SEQUENCE SET; Schema: public; Owner: icweb
--

SELECT pg_catalog.setval('ic_puesto_id_puesto_seq', 74, true);


--
-- TOC entry 2602 (class 0 OID 116169)
-- Dependencies: 202
-- Data for Name: ic_solicitud; Type: TABLE DATA; Schema: public; Owner: icweb
--

COPY ic_solicitud (id, tipo_solicitud) FROM stdin;
1	Solicitud de Requisicion
2	Solicitud de Reembolso de Gastos
3	Solicitud de Anticipo de Gastos
4	Solicitud de Comprobacion de Gastos
\.


--
-- TOC entry 2604 (class 0 OID 116175)
-- Dependencies: 204
-- Data for Name: ic_solicitud_anticipo; Type: TABLE DATA; Schema: public; Owner: icweb
--

COPY ic_solicitud_anticipo (id, id_solicitud_general, destino_de_viaje, fecha_desde, fecha_hasta, motivo_de_viaje, importe_anticipo, folio, id_usuario, estatus, id_solicitud) FROM stdin;
1	23	daskd;akd	2017-10-14	2017-10-20	ijiojdwoiwq	\N	\N	\N	\N	\N
2	32	sadjdsa	2012-01-01	2012-01-01	dssddsad	\N	1	\N	\N	\N
3	37	jaja	2012-01-01	2012-01-01	jaja	\N	ICXSANTGXX0001	\N	\N	\N
4	54	lkjlkjlkj	2017-10-30	2017-10-30	lkjlkj	\N	ICXSANTGXX0001	\N	\N	\N
5	61	kjhkj	2017-10-31	2017-10-31	lkjlkj	\N	ICXSANTGXX0001	\N	\N	\N
6	71	dsfjdsfhkds	2017-10-31	2017-10-31	dsadlkd	1314	ICXSANTGXX0001	3	\N	\N
7	76	destinodeviaje	2017-10-31	2017-10-31	motivodeviaje	importe	ICXSANTGXX0001	3	\N	\N
8	115	vlkfdjglkfd	2017-11-08	2017-11-08	slkdfjlkjdl	123	ICXSANTGXX7	12	\N	\N
9	119	destinodeviaje	2017-11-09	2017-11-08	s;lkaf;l	123	ICXSANTGXX8	12	\N	\N
10	120	destinodeviaje	2017-11-09	2017-11-08	s;lkaf;l	123	ICXSANTGXX8	12	\N	\N
11	122	vlkfdjglkfd	2017-11-09	2017-11-08	dsalkddsa	123	ICXSANTGXX10	12	\N	\N
12	123	lkjlkj	2017-11-08	2017-11-08	lkjlkjdf	lklklk	ICXSANTGXX11	12	\N	\N
13	124	tklj	2017-11-09	2017-11-09	ksjdkj	12333213	ICXSANTGXX12	12	\N	\N
14	125	vlkfdjglkfd	2017-11-10	2017-11-09	lkjlkj	12333213	ICXSANTGXX13	12	\N	\N
15	126	destinodeviaje	2017-11-09	2017-11-09	slkajdf	12333213	ICXSANTGXX14	12	\N	\N
\.


--
-- TOC entry 2680 (class 0 OID 0)
-- Dependencies: 203
-- Name: ic_solicitud_anticipo_id_seq; Type: SEQUENCE SET; Schema: public; Owner: icweb
--

SELECT pg_catalog.setval('ic_solicitud_anticipo_id_seq', 15, true);


--
-- TOC entry 2606 (class 0 OID 116184)
-- Dependencies: 206
-- Data for Name: ic_solicitud_general; Type: TABLE DATA; Schema: public; Owner: icweb
--

COPY ic_solicitud_general (id, id_solicitud, fecha_solicitud, id_centro_trabajo, id_usuario, numero_empleado, firma_usuario, firma_autorizacion, metodo_pago, numero_tarjeta, cuenta_contable, tipo_moneda, estatus_solicitud) FROM stdin;
1	\N	2017-10-05	3	3	12	adlsadlkjaksjdlkdsakjsadlkd	asdlkjdlkjsakdjsalkjdlsa	tarjeta	1232456547664745	\N	\N	\N
2	\N	2017-10-05	3	3	12	adlsadlkjaksjdlkdsakjsadlkd	asdlkjdlkjsakdjsalkjdlsa	tarjeta	1232456547664745	\N	\N	\N
4	\N	2012-01-01	3	3	\N	\N	\N	\N	\N	\N	\N	\N
5	\N	2012-01-01	3	3	\N	\N	\N	\N	\N	\N	\N	\N
6	\N	2012-01-01	3	3	\N	\N	\N	\N	\N	\N	\N	\N
7	\N	2012-01-01	3	3	\N	\N	\N	\N	\N	\N	\N	\N
8	\N	2012-01-01	3	3	\N	\N	\N	\N	\N	\N	\N	\N
9	\N	2012-01-01	3	3	\N	\N	\N	\N	\N	\N	\N	\N
10	\N	2012-01-01	3	3	\N	\N	\N	\N	\N	\N	\N	\N
11	\N	2012-01-01	3	3	\N	\N	\N	\N	\N	\N	\N	\N
12	\N	2012-01-01	3	3	\N	\N	\N	\N	\N	\N	\N	\N
13	\N	2012-01-01	3	3	\N	\N	\N	\N	\N	\N	\N	\N
14	\N	2012-01-01	3	3	\N	\N	\N	\N	\N	\N	\N	\N
15	\N	2012-01-01	3	3	\N	\N	\N	\N	\N	\N	\N	\N
16	\N	2012-01-01	3	3	\N	\N	\N	\N	\N	\N	\N	\N
17	\N	2012-01-01	3	3	\N	\N	\N	\N	\N	\N	\N	\N
18	\N	2012-01-01	3	3	\N	\N	\N	\N	\N	\N	\N	\N
19	\N	2012-01-01	3	3	\N	\N	\N	\N	\N	\N	\N	\N
20	\N	2012-01-01	3	3	\N	\N	\N	\N	\N	\N	\N	\N
21	\N	2012-01-01	3	3	\N	\N	\N	\N	\N	\N	\N	\N
22	\N	2012-01-01	3	3	\N	\N	\N	\N	\N	\N	\N	\N
23	\N	2012-01-01	3	3	\N	\N	\N	1	1321423443	2213	1	\N
24	\N	2017-10-26	3	3	\N	\N	\N	1	1321324	\N	\N	\N
25	\N	2012-01-01	3	3	\N	\N	\N	\N	\N	\N	\N	\N
27	\N	2012-01-01	\N	3	44	asaweqgffasduhdhsaduhudsad	\N	\N	\N	\N	\N	\N
28	\N	2012-01-01	3	3	44	asaweqgffasduhdhsaduhudsad	\N	\N	\N	\N	\N	\N
29	\N	2012-01-01	3	3	44	asaweqgffasduhdhsaduhudsad	\N	\N	\N	\N	\N	\N
30	\N	2012-01-01	3	3	44	asaweqgffasduhdhsaduhudsad	\N	\N	\N	\N	\N	\N
31	1	2012-01-01	3	3	44	asaweqgffasduhdhsaduhudsad	\N	\N	\N	\N	\N	\N
32	3	2012-01-01	\N	3	44	sadhweqWQqER234621123555234swewdsadadsSDSFa!QWsajqjsqjkhdwkjh32#@adsslkfdi	\N	1	sadiasdj	dskjhfdjkdsf	1	\N
33	2	2012-01-01	\N	3	44	sadhweqWQqER234621123555234swewdsadadsSDSFa!QWsajqjsqjkhdwkjh32#@adsslkfdi	\N	1	dsadsad	\N	\N	\N
34	1	2012-01-01	3	3	44	sadhweqWQqER234621123555234swewdsadadsSDSFa!QWsajqjsqjkhdwkjh32#@adsslkfdi	\N	\N	\N	\N	\N	\N
35	1	2012-01-01	3	3	24	sadhweqWQqER234621123555234swewdsadadsSDSFa!QWsajqjsqjkhdwkjh32#@adsslkfdi	\N	\N	\N	\N	\N	\N
36	2	2012-01-01	\N	3	44	sadhweqWQqER234621123555234swewdsadadsSDSFa!QWsajqjsqjkhdwkjh32#@adsslkfdi	\N		jaja	\N	\N	\N
37	3	2012-01-01	\N	3	24	sadhweqWQqER234621123555234swewdsadadsSDSFa!QWsajqjsqjkhdwkjh32#@adsslkfdi	\N	1	jaja	jajaj	1	\N
38	1	2017-10-26	3	3	24	sadhweq23555234swewdsadadsSDSFa!QWsajqjsqjkhdwkjh32#@adsslkfdi	\N	\N	\N	\N	\N	\N
39	2	2017-10-27	\N	3	44	sadhweqWQqER234621123555234swewdsadadsSDSFa!QWsajqjsqjkhdwkjh32#@adsslkfdi	\N	1	wewwq	\N	\N	\N
40	1	2017-10-27	3	3	24	sadhweq23555234swewdsadadsSDSFa!QWsajqjsqjkhdwkjh32#@adsslkfdi	\N	\N	\N	\N	\N	\N
41	1	2017-10-27	3	3	24	sadhweq23555234swewdsadadsSDSFa!QWsajqjsqjkhdwkjh32#@adsslkfdi	\N	\N	\N	\N	\N	\N
53	4	2017-10-30	3	3	44	sadhweqWQqER234621123555234swewdsadadsSDSFa!QWsajqjsqjkhdwkjh32#@adsslkfdi	\N	\N	\N	\N	\N	\N
54	3	2017-10-30	\N	3	3	sadhweqWQqER234621123555234swewdsadadsSDSFa!QWsajqjsqjkhdwkjh32#@adsslkfdi	\N	1	lkjkj`	lkjlkj	1	\N
55	4	2017-10-30	3	3	44	sadhweqWQqER234621123555234swewdsadadsSDSFa!QWsajqjsqjkhdwkjh32#@adsslkfdi	\N	\N	\N	\N	\N	\N
56	2	2017-10-30	\N	3	44	sadhweqWQqER234621123555234swewdsadadsSDSFa!QWsajqjsqjkhdwkjh32#@adsslkfdi	\N	1	ljlkj	\N	\N	\N
57	1	2017-10-31	3	3	24	sadhweq23555234swewdsadadsSDSFa!QWsajqjsqjkhdwkjh32#@adsslkfdi	\N	\N	\N	\N	\N	\N
58	1	2017-10-31	3	3	24	sadhweq23555234swewdsadadsSDSFa!QWsajqjsqjkhdwkjh32#@adsslkfdi	\N	\N	\N	\N	\N	\N
59	1	2017-10-31	\N	3	3	sadhweq23555234swewdsadadsSDSFa!QWsajqjsqjkhdwkjh32#@adsslkfdi	\N	\N	\N	\N	\N	\N
60	1	2017-10-31	\N	3	3	sadhweq23555234swewdsadadsSDSFa!QWsajqjsqjkhdwkjh32#@adsslkfdi	\N	\N	\N	\N	\N	\N
61	3	2017-10-31	\N	3	3	sadhweqWQqER234621123555234swewdsadadsSDSFa!QWsajqjsqjkhdwkjh32#@adsslkfdi	\N	1	kjhkjh	jhkh	1	\N
62	1	2017-10-31	\N	3	3	sadhweq23555234swewdsadadsSDSFa!QWsajqjsqjkhdwkjh32#@adsslkfdi	\N	\N	\N	\N	\N	\N
63	1	2017-10-31	\N	3	3	sadhweq23555234swewdsadadsSDSFa!QWsajqjsqjkhdwkjh32#@adsslkfdi	\N	\N	\N	\N	\N	\N
64	1	2017-10-31	\N	3	3	sadhweq23555234swewdsadadsSDSFa!QWsajqjsqjkhdwkjh32#@adsslkfdi	\N	\N	\N	\N	\N	\N
65	1	2017-10-31	\N	3	3	sadhweq23555234swewdsadadsSDSFa!QWsajqjsqjkhdwkjh32#@adsslkfdi	\N	\N	\N	\N	\N	\N
66	1	2017-10-31	\N	3	3	sadhweq23555234swewdsadadsSDSFa!QWsajqjsqjkhdwkjh32#@adsslkfdi	\N	\N	\N	\N	\N	\N
67	1	2017-10-31	\N	3	3	sadhweq23555234swewdsadadsSDSFa!QWsajqjsqjkhdwkjh32#@adsslkfdi	\N	\N	\N	\N	\N	\N
68	1	2017-10-31	\N	3	3	sadhweq23555234swewdsadadsSDSFa!QWsajqjsqjkhdwkjh32#@adsslkfdi	\N	\N	\N	\N	\N	\N
69	1	2017-10-31	\N	3	3	sadhweq23555234swewdsadadsSDSFa!QWsajqjsqjkhdwkjh32#@adsslkfdi	\N	\N	\N	\N	\N	\N
71	3	2017-10-31	\N	3	3	sadhweqWQqER234621123555234swewdsadadsSDSFa!QWsajqjsqjkhdwkjh32#@adsslkfdi	\N	1	24828798	139847	1	\N
161	1	2017-11-13	\N	12	12	sadhweq2	\N	\N	\N	\N	\N	\N
74	4	2017-10-31	3	3	3	sadhweqWQqER234621123555234swewdsadadsSDSFa!QWsajqjsqjkhdwkjh32#@adsslkfdi	\N	\N	\N	\N	\N	\N
75	2	2017-10-31	\N	3	3	sadhweqWQqER234621123555234swewdsadadsSDSFa!QWsajqjsqjkhdwkjh32#@adsslkfdi	\N	1	lsakj	\N	\N	\N
76	3	2017-10-31	\N	3	3	sadhweqWQqER234621123555234swewdsadadsSDSFa!QWsajqjsqjkhdwkjh32#@adsslkfdi	\N	1	numerodetarjeta	cuentacontable	1	\N
77	2	2017-10-31	\N	3	3	sadhweqWQqER234621123555234swewdsadadsSDSFa!QWsajqjsqjkhdwkjh32#@adsslkfdi	\N	1	numerotarjeta	\N	\N	\N
78	1	2017-10-31	\N	3	3	sadhweq23555234swewdsadadsSDSFa!QWsajqjsqjkhdwkjh32#@adsslkfdi	\N	\N	\N	\N	\N	\N
79	4	2017-10-31	3	3	3	sadhweqWQqER234621123555234swewdsadadsSDSFa!QWsajqjsqjkhdwkjh32#@adsslkfdi	\N	\N	\N	\N	\N	\N
80	1	2017-11-06	\N	3	3	sadhweq23555234swewdsadadsSDSFa!QWsajqjsqjkhdwkjh32#@adsslkfdi	\N	\N	\N	\N	\N	\N
81	1	2017-11-06	\N	12	12	sadhweq23555234swewdsadadsSDSFa!QWsajqjsqjkhdwkjh32#@adsslkfdi	\N	\N	\N	\N	\N	\N
82	1	2017-11-06	\N	12	12	sadhweq23555234swewdsadadsSDSFa!QWsajqjsqjkhdwkjh32#@adsslkfdi	\N	\N	\N	\N	\N	\N
83	1	2017-11-06	\N	12	12	sadhweq23555234swewdsadadsSDSFa!QWsajqjsqjkhdwkjh32#@adsslkfdi	\N	\N	\N	\N	\N	\N
84	1	2017-11-06	\N	12	12	sadhweq23555234swewdsadadsSDSFa!QWsajqjsqjkhdwkjh32#@adsslkfdi	\N	\N	\N	\N	\N	\N
85	1	2017-11-07	\N	12	12	sadhweq23555234swewdsadadsSDSFa!QWsajqjsqjkhdwkjh32#@adsslkfdi	\N	\N	\N	\N	\N	\N
86	1	2017-11-07	\N	12	12	sadhweq23555234swewdsadadsSDSFa!QWsajqjsqjkhdwkjh32#@adsslkfdi	\N	\N	\N	\N	\N	\N
87	1	2017-11-07	\N	12	12	sadhweq23555234swewdsadadsSDSFa!QWsajqjsqjkhdwkjh32#@adsslkfdi	\N	\N	\N	\N	\N	\N
88	1	2017-11-07	\N	12	12	sadhweq23555234swewdsadadsSDSFa!QWsajqjsqjkhdwkjh32#@adsslkfdi	\N	\N	\N	\N	\N	\N
89	1	2017-11-07	\N	12	12	sadhweq23555234swewdsadadsSDSFa!QWsajqjsqjkhdwkjh32#@adsslkfdi	\N	\N	\N	\N	\N	\N
90	1	2017-11-07	\N	12	12	sadhweq2	\N	\N	\N	\N	\N	\N
91	1	2017-11-07	\N	12	12	sadhweq2	\N	\N	\N	\N	\N	\N
92	1	2017-11-08	\N	12	12	sadhweq2	\N	\N	\N	\N	\N	\N
93	1	2017-11-08	\N	12	12	sadhweq2	\N	\N	\N	\N	\N	\N
94	1	2017-11-08	\N	12	12	sadhweq2	\N	\N	\N	\N	\N	\N
95	1	2017-11-08	\N	12	12	sadhweq2	\N	\N	\N	\N	\N	\N
96	1	2017-11-08	\N	12	12	sadhweq2	\N	\N	\N	\N	\N	\N
97	1	2017-11-08	\N	12	12	sadhweq2	\N	\N	\N	\N	\N	\N
98	1	2017-11-08	\N	12	12	sadhweq2	\N	\N	\N	\N	\N	\N
99	1	2017-11-08	\N	12	12	sadhweq2	\N	\N	\N	\N	\N	\N
100	1	2017-11-08	\N	12	12	sadhweq2	\N	\N	\N	\N	\N	\N
101	1	2017-11-08	\N	12	12	sadhweq2	\N	\N	\N	\N	\N	\N
102	1	2017-11-08	\N	12	12	sadhweq2	\N	\N	\N	\N	\N	\N
103	1	2017-11-08	\N	12	12	sadhweq2	\N	\N	\N	\N	\N	\N
104	1	2017-11-08	\N	12	12	sadhweq2	\N	\N	\N	\N	\N	\N
105	1	2017-11-08	\N	12	12	sadhweq2	\N	\N	\N	\N	\N	\N
106	1	2017-11-08	\N	12	12	sadhweq2	\N	\N	\N	\N	\N	\N
107	1	2017-11-08	\N	12	12	sadhweq2	\N	\N	\N	\N	\N	\N
108	1	2017-11-08	\N	12	12	sadhweq2	\N	\N	\N	\N	\N	\N
109	1	2017-11-08	\N	12	12	sadhweq2	\N	\N	\N	\N	\N	\N
110	1	2017-11-08	\N	12	12	sadhweq2	\N	\N	\N	\N	\N	\N
111	1	2017-11-08	\N	12	12	sadhweq2	\N	\N	\N	\N	\N	\N
112	1	2017-11-08	\N	12	12	sadhweq2	\N	\N	\N	\N	\N	\N
113	1	2017-11-08	\N	12	12	sadhweq2	\N	\N	\N	\N	\N	\N
114	1	2017-11-08	\N	12	12	sadhweq2	\N	\N	\N	\N	\N	\N
115	3	2017-11-08	\N	12	12	\N	\N	1	243567890	2345678	1	\N
116	4	2017-11-08	\N	12	12	sadhweqWQqER234621123555234swewdsadadsSDSFa!QWsajqjsqjkhdwkjh32#@adsslkfdi	\N	\N	\N	\N	\N	\N
117	4	2017-11-08	\N	12	12	sadhweqWQqER234621123555234swewdsadadsSDSFa!QWsajqjsqjkhdwkjh32#@adsslkfdi	\N	\N	\N	\N	\N	\N
118	2	2017-11-08	\N	12	12	sadhweqWQqERWsajqjsqjkhdwkjh32#@adsslkfdi	\N	1	1232456547664745	\N	\N	\N
119	3	2017-11-08	\N	12	12	\N	\N	1	123456789122	12	1	\N
120	3	2017-11-08	\N	12	12	\N	\N	1	123456789122	12	1	\N
121	4	2017-11-08	\N	12	12	sadhweqWQqER234621123555234swewdsadadsSDSFa!QWsajqjsqjkhdwkjh32#@adsslkfdi	\N	\N	\N	\N	\N	\N
122	3	2017-11-08	\N	12	12	\N	\N	1	12455	12	1	\N
123	3	2017-11-08	\N	12	12	\N	\N	1	kldsfj	dslkjflksjd	1	\N
124	3	2017-11-09	\N	12	12	\N	\N	1	123456789122	12	1	\N
125	3	2017-11-09	\N	12	12	\N	\N	1	123456789122	2345678	1	\N
126	3	2017-11-09	\N	12	12	\N	\N	1	123456789122	2345678	1	\N
127	1	2017-11-10	\N	12	12	sadhweq2	\N	\N	\N	\N	\N	\N
128	1	2017-11-10	\N	12	12	sadhweq2	\N	\N	\N	\N	\N	\N
129	1	2017-11-10	\N	12	12	sadhweq2	\N	\N	\N	\N	\N	\N
130	1	2017-11-10	\N	12	12	sadhweq2	\N	\N	\N	\N	\N	\N
131	1	2017-11-10	\N	12	12	sadhweq2	\N	\N	\N	\N	\N	\N
132	1	2017-11-10	\N	12	12	sadhweq2	\N	\N	\N	\N	\N	\N
133	1	2017-11-10	\N	12	12	sadhweq2	\N	\N	\N	\N	\N	\N
134	1	2017-11-10	\N	12	12	sadhweq2	\N	\N	\N	\N	\N	\N
135	1	2017-11-10	\N	12	12	sadhweq2	\N	\N	\N	\N	\N	\N
136	1	2017-11-10	\N	12	12	sadhweq2	\N	\N	\N	\N	\N	\N
137	1	2017-11-10	\N	12	12	sadhweq2	\N	\N	\N	\N	\N	\N
138	1	2017-11-10	\N	12	12	sadhweq2	\N	\N	\N	\N	\N	\N
139	1	2017-11-10	\N	12	12	sadhweq2	\N	\N	\N	\N	\N	\N
140	1	2017-11-10	\N	12	12	sadhweq2	\N	\N	\N	\N	\N	\N
141	1	2017-11-10	\N	12	12	sadhweq2	\N	\N	\N	\N	\N	\N
142	1	2017-11-10	\N	12	12	sadhweq2	\N	\N	\N	\N	\N	\N
143	1	2017-11-10	\N	12	12	sadhweq2	\N	\N	\N	\N	\N	\N
144	1	2017-11-10	\N	12	12	sadhweq2	\N	\N	\N	\N	\N	\N
145	1	2017-11-10	\N	12	12	sadhweq2	\N	\N	\N	\N	\N	\N
146	1	2017-11-10	\N	12	12	sadhweq2	\N	\N	\N	\N	\N	\N
147	1	2017-11-10	\N	12	12	sadhweq2	\N	\N	\N	\N	\N	\N
148	1	2017-11-13	\N	12	12	sadhweq2	\N	\N	\N	\N	\N	\N
149	1	2017-11-13	\N	12	12	sadhweq2	\N	\N	\N	\N	\N	\N
150	1	2017-11-13	\N	12	12	sadhweq2	\N	\N	\N	\N	\N	\N
151	1	2017-11-13	\N	12	12	sadhweq2	\N	\N	\N	\N	\N	\N
152	1	2017-11-13	\N	12	12	sadhweq2	\N	\N	\N	\N	\N	\N
153	1	2017-11-13	\N	12	12	sadhweq2	\N	\N	\N	\N	\N	\N
154	1	2017-11-13	\N	12	12	sadhweq2	\N	\N	\N	\N	\N	\N
155	1	2017-11-13	\N	12	12	sadhweq2	\N	\N	\N	\N	\N	\N
156	1	2017-11-13	\N	12	12	sadhweq2	\N	\N	\N	\N	\N	\N
157	1	2017-11-13	\N	12	12	sadhweq2	\N	\N	\N	\N	\N	\N
158	1	2017-11-13	\N	12	12	sadhweq2	\N	\N	\N	\N	\N	\N
159	1	2017-11-13	\N	12	12	sadhweq2	\N	\N	\N	\N	\N	\N
160	1	2017-11-13	\N	12	12	sadhweq2	\N	\N	\N	\N	\N	\N
279	1	2017-11-15	\N	13	13	\N	\N	\N	\N	\N	\N	\N
162	1	2017-11-13	\N	12	12	sadhweq2	\N	\N	\N	\N	\N	\N
163	1	2017-11-13	\N	12	12	sadhweq2	\N	\N	\N	\N	\N	\N
164	1	2017-11-13	\N	12	12	sadhweq2	\N	\N	\N	\N	\N	\N
165	1	2017-11-13	\N	12	12	sadhweq2	\N	\N	\N	\N	\N	\N
166	1	2017-11-13	\N	12	12	sadhweq2	\N	\N	\N	\N	\N	\N
167	1	2017-11-13	\N	12	12	sadhweq2	\N	\N	\N	\N	\N	\N
168	1	2017-11-13	\N	12	12	sadhweq2	\N	\N	\N	\N	\N	\N
169	1	2017-11-13	\N	12	12	sadhweq2	\N	\N	\N	\N	\N	\N
170	1	2017-11-13	\N	12	12	sadhweq2	\N	\N	\N	\N	\N	\N
171	1	2017-11-13	\N	12	12	sadhweq2	\N	\N	\N	\N	\N	\N
172	1	2017-11-13	\N	12	12	sadhweq2	\N	\N	\N	\N	\N	\N
173	1	2017-11-13	\N	12	12	sadhweq2	\N	\N	\N	\N	\N	\N
174	1	2017-11-13	\N	12	12	sadhweq2	\N	\N	\N	\N	\N	\N
175	1	2017-11-13	\N	12	12	sadhweq2	\N	\N	\N	\N	\N	\N
176	1	2017-11-13	\N	12	12	sadhweq2	\N	\N	\N	\N	\N	\N
177	1	2017-11-13	\N	12	12	sadhweq2	\N	\N	\N	\N	\N	\N
178	1	2017-11-13	\N	12	12	sadhweq2	\N	\N	\N	\N	\N	\N
179	1	2017-11-13	\N	12	12	sadhweq2	\N	\N	\N	\N	\N	\N
180	1	2017-11-13	\N	12	12	sadhweq2	\N	\N	\N	\N	\N	\N
181	1	2017-11-13	\N	12	12	sadhweq2	\N	\N	\N	\N	\N	\N
182	1	2017-11-13	\N	12	12	sadhweq2	\N	\N	\N	\N	\N	\N
183	1	2017-11-13	\N	12	12	sadhweq2	\N	\N	\N	\N	\N	\N
184	1	2017-11-13	\N	12	12	\N	\N	\N	\N	\N	\N	\N
185	1	2017-11-13	\N	12	12	\N	\N	\N	\N	\N	\N	\N
186	1	2017-11-13	\N	12	12	\N	\N	\N	\N	\N	\N	\N
187	1	2017-11-13	\N	12	12	\N	\N	\N	\N	\N	\N	\N
188	1	2017-11-14	\N	12	12	\N	\N	\N	\N	\N	\N	\N
189	1	2017-11-14	\N	12	12	\N	\N	\N	\N	\N	\N	\N
190	1	2017-11-14	\N	12	12	\N	\N	\N	\N	\N	\N	\N
191	1	2017-11-14	\N	12	12	\N	\N	\N	\N	\N	\N	\N
192	1	2017-11-14	\N	12	12	\N	\N	\N	\N	\N	\N	\N
193	1	2017-11-14	\N	12	12	\N	\N	\N	\N	\N	\N	\N
194	1	2017-11-14	\N	12	12	\N	\N	\N	\N	\N	\N	\N
195	1	2017-11-14	\N	12	12	\N	\N	\N	\N	\N	\N	\N
196	1	2017-11-14	\N	12	12	\N	\N	\N	\N	\N	\N	\N
197	1	2017-11-14	\N	12	12	\N	\N	\N	\N	\N	\N	\N
198	1	2017-11-14	\N	12	12	\N	\N	\N	\N	\N	\N	\N
199	1	2017-11-14	\N	12	12	\N	\N	\N	\N	\N	\N	\N
200	1	2017-11-14	\N	12	12	\N	\N	\N	\N	\N	\N	\N
201	1	2017-11-14	\N	12	12	\N	\N	\N	\N	\N	\N	\N
202	1	2017-11-14	\N	12	12	\N	\N	\N	\N	\N	\N	\N
203	1	2017-11-14	\N	12	12	\N	\N	\N	\N	\N	\N	\N
204	1	2017-11-14	\N	12	12	\N	\N	\N	\N	\N	\N	\N
205	1	2017-11-14	\N	12	12	\N	\N	\N	\N	\N	\N	\N
206	1	2017-11-14	\N	12	12	\N	\N	\N	\N	\N	\N	\N
207	1	2017-11-14	\N	12	12	\N	\N	\N	\N	\N	\N	\N
208	1	2017-11-14	\N	12	12	\N	\N	\N	\N	\N	\N	\N
209	1	2017-11-14	\N	12	12	\N	\N	\N	\N	\N	\N	\N
210	1	2017-11-14	\N	12	12	\N	\N	\N	\N	\N	\N	\N
211	1	2017-11-14	\N	12	12	\N	\N	\N	\N	\N	\N	\N
212	1	2017-11-14	\N	12	12	\N	\N	\N	\N	\N	\N	\N
213	1	2017-11-14	\N	12	12	\N	\N	\N	\N	\N	\N	\N
214	1	2017-11-14	\N	12	12	\N	\N	\N	\N	\N	\N	\N
215	1	2017-11-14	\N	12	12	\N	\N	\N	\N	\N	\N	\N
216	1	2017-11-14	\N	12	12	\N	\N	\N	\N	\N	\N	\N
217	1	2017-11-14	\N	12	12	\N	\N	\N	\N	\N	\N	\N
218	1	2017-11-14	\N	12	12	\N	\N	\N	\N	\N	\N	\N
219	1	2017-11-14	\N	12	12	\N	\N	\N	\N	\N	\N	\N
220	1	2017-11-14	\N	12	12	\N	\N	\N	\N	\N	\N	\N
221	1	2017-11-14	\N	12	12	\N	\N	\N	\N	\N	\N	\N
222	1	2017-11-14	\N	12	12	\N	\N	\N	\N	\N	\N	\N
223	1	2017-11-14	\N	12	12	\N	\N	\N	\N	\N	\N	\N
224	1	2017-11-14	\N	12	12	\N	\N	\N	\N	\N	\N	\N
225	1	2017-11-14	\N	12	12	\N	\N	\N	\N	\N	\N	\N
226	1	2017-11-14	\N	12	12	\N	\N	\N	\N	\N	\N	\N
227	1	2017-11-14	\N	12	12	\N	\N	\N	\N	\N	\N	\N
228	1	2017-11-14	\N	12	12	\N	\N	\N	\N	\N	\N	\N
229	1	2017-11-14	\N	12	12	\N	\N	\N	\N	\N	\N	\N
230	1	2017-11-14	\N	12	12	\N	\N	\N	\N	\N	\N	\N
231	1	2017-11-15	\N	12	12	\N	\N	\N	\N	\N	\N	\N
232	1	2017-11-15	\N	12	12	\N	\N	\N	\N	\N	\N	\N
233	1	2017-11-15	\N	12	12	\N	\N	\N	\N	\N	\N	\N
234	1	2017-11-15	\N	12	12	\N	\N	\N	\N	\N	\N	\N
235	1	2017-11-15	\N	12	12	\N	\N	\N	\N	\N	\N	\N
236	1	2017-11-15	\N	12	12	\N	\N	\N	\N	\N	\N	\N
237	1	2017-11-15	\N	12	12	\N	\N	\N	\N	\N	\N	\N
238	1	2017-11-15	\N	12	12	\N	\N	\N	\N	\N	\N	\N
239	1	2017-11-15	\N	12	12	\N	\N	\N	\N	\N	\N	\N
240	1	2017-11-15	\N	12	12	\N	\N	\N	\N	\N	\N	\N
241	1	2017-11-15	\N	12	12	\N	\N	\N	\N	\N	\N	\N
242	1	2017-11-15	\N	12	12	\N	\N	\N	\N	\N	\N	\N
243	1	2017-11-15	\N	12	12	\N	\N	\N	\N	\N	\N	\N
244	1	2017-11-15	\N	12	12	\N	\N	\N	\N	\N	\N	\N
245	1	2017-11-15	\N	12	12	\N	\N	\N	\N	\N	\N	\N
246	1	2017-11-15	\N	12	12	\N	\N	\N	\N	\N	\N	\N
247	1	2017-11-15	\N	12	12	\N	\N	\N	\N	\N	\N	\N
248	1	2017-11-15	\N	12	12	\N	\N	\N	\N	\N	\N	\N
249	1	2017-11-15	\N	12	12	\N	\N	\N	\N	\N	\N	\N
250	1	2017-11-15	\N	12	12	\N	\N	\N	\N	\N	\N	\N
251	1	2017-11-15	\N	12	12	\N	\N	\N	\N	\N	\N	\N
252	1	2017-11-15	\N	12	12	\N	\N	\N	\N	\N	\N	\N
253	1	2017-11-15	\N	12	12	\N	\N	\N	\N	\N	\N	\N
254	1	2017-11-15	\N	12	12	\N	\N	\N	\N	\N	\N	\N
255	1	2017-11-15	\N	12	12	\N	\N	\N	\N	\N	\N	\N
256	1	2017-11-15	\N	12	12	\N	\N	\N	\N	\N	\N	\N
257	1	2017-11-15	\N	12	12	\N	\N	\N	\N	\N	\N	\N
258	1	2017-11-15	\N	12	12	\N	\N	\N	\N	\N	\N	\N
259	1	2017-11-15	\N	12	12	\N	\N	\N	\N	\N	\N	\N
260	1	2017-11-15	\N	12	12	\N	\N	\N	\N	\N	\N	\N
261	1	2017-11-15	\N	12	12	\N	\N	\N	\N	\N	\N	\N
262	1	2017-11-15	\N	12	12	\N	\N	\N	\N	\N	\N	\N
263	1	2017-11-15	\N	12	12	\N	\N	\N	\N	\N	\N	\N
264	1	2017-11-15	\N	12	12	\N	\N	\N	\N	\N	\N	\N
265	1	2017-11-15	\N	12	12	\N	\N	\N	\N	\N	\N	\N
266	1	2017-11-15	\N	12	12	\N	\N	\N	\N	\N	\N	\N
267	1	2017-11-15	\N	12	12	\N	\N	\N	\N	\N	\N	\N
268	1	2017-11-15	\N	12	12	\N	\N	\N	\N	\N	\N	\N
269	1	2017-11-15	\N	12	12	\N	\N	\N	\N	\N	\N	\N
270	1	2017-11-15	\N	12	12	\N	\N	\N	\N	\N	\N	\N
271	1	2017-11-15	\N	12	12	\N	\N	\N	\N	\N	\N	\N
272	1	2017-11-15	\N	12	12	\N	\N	\N	\N	\N	\N	\N
273	1	2017-11-15	\N	12	12	\N	\N	\N	\N	\N	\N	\N
274	1	2017-11-15	\N	12	12	\N	\N	\N	\N	\N	\N	\N
275	1	2017-11-15	\N	12	12	\N	\N	\N	\N	\N	\N	\N
276	1	2017-11-15	\N	12	12	\N	\N	\N	\N	\N	\N	\N
277	1	2017-11-15	\N	12	12	\N	\N	\N	\N	\N	\N	\N
278	1	2017-11-15	\N	12	12	\N	\N	\N	\N	\N	\N	\N
280	1	2017-11-15	\N	13	13	\N	\N	\N	\N	\N	\N	\N
281	1	2017-11-15	\N	13	13	\N	\N	\N	\N	\N	\N	\N
282	1	2017-11-15	\N	13	13	\N	\N	\N	\N	\N	\N	\N
283	1	2017-11-15	\N	13	13	\N	\N	\N	\N	\N	\N	\N
284	1	2017-11-16	\N	13	13	\N	\N	\N	\N	\N	\N	\N
285	1	2017-11-16	\N	13	13	\N	\N	\N	\N	\N	\N	\N
286	1	2017-11-16	\N	13	13	\N	\N	\N	\N	\N	\N	\N
287	1	2017-11-16	\N	13	13	\N	\N	\N	\N	\N	\N	\N
288	1	2017-11-16	\N	13	13	\N	\N	\N	\N	\N	\N	\N
289	1	2017-11-16	\N	13	13	\N	\N	\N	\N	\N	\N	\N
290	1	2017-11-16	\N	13	13	\N	\N	\N	\N	\N	\N	\N
291	1	2017-11-16	\N	13	13	\N	\N	\N	\N	\N	\N	\N
292	1	2017-11-16	\N	13	13	\N	\N	\N	\N	\N	\N	\N
293	1	2017-11-16	\N	11	11	\N	\N	\N	\N	\N	\N	\N
294	1	2017-11-16	\N	11	11	\N	\N	\N	\N	\N	\N	\N
295	1	2017-11-16	\N	10	10	\N	\N	\N	\N	\N	\N	\N
296	1	2017-11-16	\N	10	10	\N	\N	\N	\N	\N	\N	\N
297	1	2017-11-16	\N	10	10	\N	\N	\N	\N	\N	\N	\N
298	1	2017-11-16	\N	10	10	\N	\N	\N	\N	\N	\N	\N
299	1	2017-11-16	\N	10	10	\N	\N	\N	\N	\N	\N	\N
300	1	2017-11-16	\N	10	10	\N	\N	\N	\N	\N	\N	\N
301	1	2017-11-16	\N	9	9	\N	\N	\N	\N	\N	\N	\N
302	1	2017-11-16	\N	9	9	\N	\N	\N	\N	\N	\N	\N
303	1	2017-11-16	\N	9	9	\N	\N	\N	\N	\N	\N	\N
304	1	2017-11-16	\N	9	9	\N	\N	\N	\N	\N	\N	\N
305	1	2017-11-16	\N	9	9	\N	\N	\N	\N	\N	\N	\N
306	1	2017-11-16	\N	9	9	\N	\N	\N	\N	\N	\N	\N
307	1	2017-11-16	\N	9	9	\N	\N	\N	\N	\N	\N	\N
308	1	2017-11-16	\N	9	9	\N	\N	\N	\N	\N	\N	\N
309	1	2017-11-16	\N	9	9	\N	\N	\N	\N	\N	\N	\N
310	1	2017-11-16	\N	9	9	\N	\N	\N	\N	\N	\N	\N
311	1	2017-11-16	\N	9	9	\N	\N	\N	\N	\N	\N	\N
312	1	2017-11-16	\N	9	9	\N	\N	\N	\N	\N	\N	\N
313	1	2017-11-16	\N	9	9	\N	\N	\N	\N	\N	\N	\N
314	1	2017-11-16	\N	9	9	\N	\N	\N	\N	\N	\N	\N
315	1	2017-11-16	\N	9	9	\N	\N	\N	\N	\N	\N	\N
316	1	2017-11-16	\N	9	9	\N	\N	\N	\N	\N	\N	\N
317	1	2017-11-16	\N	9	9	\N	\N	\N	\N	\N	\N	\N
318	1	2017-11-16	\N	9	9	\N	\N	\N	\N	\N	\N	\N
319	1	2017-11-16	\N	9	9	\N	\N	\N	\N	\N	\N	\N
320	1	2017-11-16	\N	9	9	\N	\N	\N	\N	\N	\N	\N
321	1	2017-11-16	\N	9	9	\N	\N	\N	\N	\N	\N	\N
322	1	2017-11-16	\N	9	9	\N	\N	\N	\N	\N	\N	\N
323	1	2017-11-16	\N	9	9	\N	\N	\N	\N	\N	\N	\N
324	1	2017-11-16	\N	9	9	\N	\N	\N	\N	\N	\N	\N
325	1	2017-11-16	\N	9	9	\N	\N	\N	\N	\N	\N	\N
326	1	2017-11-16	\N	9	9	\N	\N	\N	\N	\N	\N	\N
327	1	2017-11-16	\N	9	9	\N	\N	\N	\N	\N	\N	\N
328	1	2017-11-16	\N	9	9	\N	\N	\N	\N	\N	\N	\N
329	1	2017-11-16	\N	9	9	\N	\N	\N	\N	\N	\N	\N
330	1	2017-11-16	\N	9	9	\N	\N	\N	\N	\N	\N	\N
331	1	2017-11-16	\N	9	9	\N	\N	\N	\N	\N	\N	\N
332	1	2017-11-16	\N	9	9	\N	\N	\N	\N	\N	\N	\N
333	1	2017-11-16	\N	9	9	\N	\N	\N	\N	\N	\N	\N
334	1	2017-11-16	\N	9	9	\N	\N	\N	\N	\N	\N	\N
335	1	2017-11-16	\N	9	9	\N	\N	\N	\N	\N	\N	\N
336	1	2017-11-16	\N	9	9	\N	\N	\N	\N	\N	\N	\N
337	1	2017-11-16	\N	9	9	\N	\N	\N	\N	\N	\N	\N
338	1	2017-11-16	\N	9	9	\N	\N	\N	\N	\N	\N	\N
339	1	2017-11-16	\N	9	9	\N	\N	\N	\N	\N	\N	\N
340	1	2017-11-16	\N	9	9	\N	\N	\N	\N	\N	\N	\N
341	1	2017-11-16	\N	9	9	\N	\N	\N	\N	\N	\N	\N
342	1	2017-11-16	\N	9	9	\N	\N	\N	\N	\N	\N	\N
343	1	2017-11-16	\N	9	9	\N	\N	\N	\N	\N	\N	\N
344	1	2017-11-16	\N	9	9	\N	\N	\N	\N	\N	\N	\N
345	1	2017-11-16	\N	9	9	\N	\N	\N	\N	\N	\N	\N
346	1	2017-11-16	\N	9	9	\N	\N	\N	\N	\N	\N	\N
347	1	2017-11-16	\N	9	9	\N	\N	\N	\N	\N	\N	\N
348	1	2017-11-16	\N	9	9	\N	\N	\N	\N	\N	\N	\N
349	1	2017-11-16	\N	9	9	\N	\N	\N	\N	\N	\N	\N
350	1	2017-11-16	\N	9	9	\N	\N	\N	\N	\N	\N	\N
351	1	2017-11-16	\N	9	9	\N	\N	\N	\N	\N	\N	\N
352	1	2017-11-16	\N	9	9	\N	\N	\N	\N	\N	\N	\N
353	1	2017-11-16	\N	9	9	\N	\N	\N	\N	\N	\N	\N
354	1	2017-11-16	\N	9	9	\N	\N	\N	\N	\N	\N	\N
355	1	2017-11-16	\N	9	9	\N	\N	\N	\N	\N	\N	\N
356	1	2017-11-16	\N	9	9	\N	\N	\N	\N	\N	\N	\N
357	1	2017-11-16	\N	9	9	\N	\N	\N	\N	\N	\N	\N
358	1	2017-11-16	\N	9	9	\N	\N	\N	\N	\N	\N	\N
359	1	2017-11-16	\N	9	9	\N	\N	\N	\N	\N	\N	\N
360	1	2017-11-16	\N	9	9	\N	\N	\N	\N	\N	\N	\N
361	1	2017-11-16	\N	9	9	\N	\N	\N	\N	\N	\N	\N
362	1	2017-11-16	\N	9	9	\N	\N	\N	\N	\N	\N	\N
363	1	2017-11-16	\N	9	9	\N	\N	\N	\N	\N	\N	\N
364	1	2017-11-16	\N	9	9	\N	\N	\N	\N	\N	\N	\N
365	1	2017-11-16	\N	9	9	\N	\N	\N	\N	\N	\N	\N
366	1	2017-11-16	\N	9	9	\N	\N	\N	\N	\N	\N	\N
367	1	2017-11-16	\N	9	9	\N	\N	\N	\N	\N	\N	\N
368	1	2017-11-16	\N	9	9	\N	\N	\N	\N	\N	\N	\N
369	1	2017-11-16	\N	9	9	\N	\N	\N	\N	\N	\N	\N
370	1	2017-11-16	\N	9	9	\N	\N	\N	\N	\N	\N	\N
371	1	2017-11-16	\N	9	9	\N	\N	\N	\N	\N	\N	\N
372	1	2017-11-16	\N	9	9	\N	\N	\N	\N	\N	\N	\N
373	1	2017-11-16	\N	9	9	\N	\N	\N	\N	\N	\N	\N
374	1	2017-11-16	\N	9	9	\N	\N	\N	\N	\N	\N	\N
375	1	2017-11-16	\N	9	9	\N	\N	\N	\N	\N	\N	\N
376	1	2017-11-16	\N	9	9	\N	\N	\N	\N	\N	\N	\N
377	1	2017-11-16	\N	9	9	\N	\N	\N	\N	\N	\N	\N
378	1	2017-11-16	\N	11	11	\N	\N	\N	\N	\N	\N	\N
379	1	2017-11-16	\N	10	10	\N	\N	\N	\N	\N	\N	\N
380	1	2017-11-16	\N	10	10	\N	\N	\N	\N	\N	\N	\N
381	1	2017-11-16	\N	11	11	\N	\N	\N	\N	\N	\N	\N
382	1	2017-11-16	\N	11	11	\N	\N	\N	\N	\N	\N	\N
383	1	2017-11-16	\N	11	11	\N	\N	\N	\N	\N	\N	\N
384	1	2017-11-16	\N	11	11	\N	\N	\N	\N	\N	\N	\N
385	1	2017-11-16	\N	11	11	\N	\N	\N	\N	\N	\N	\N
386	1	2017-11-17	\N	10	10	\N	\N	\N	\N	\N	\N	\N
387	1	2017-11-17	\N	10	10	\N	\N	\N	\N	\N	\N	\N
388	1	2017-11-17	\N	13	13	\N	\N	\N	\N	\N	\N	\N
389	1	2017-11-17	\N	13	13	\N	\N	\N	\N	\N	\N	\N
390	1	2017-11-17	\N	13	13	\N	\N	\N	\N	\N	\N	\N
391	1	2017-11-17	\N	13	13	\N	\N	\N	\N	\N	\N	\N
392	1	2017-11-17	\N	13	13	\N	\N	\N	\N	\N	\N	\N
393	1	2017-11-17	\N	11	11	\N	\N	\N	\N	\N	\N	\N
394	1	2017-11-17	\N	9	9	\N	\N	\N	\N	\N	\N	\N
395	1	2017-11-17	\N	10	10	\N	\N	\N	\N	\N	\N	\N
396	1	2017-11-17	\N	13	13	\N	\N	\N	\N	\N	\N	\N
397	1	2017-11-17	\N	13	13	\N	\N	\N	\N	\N	\N	\N
398	1	2017-11-17	\N	13	13	\N	\N	\N	\N	\N	\N	\N
399	1	2017-11-17	\N	13	13	\N	\N	\N	\N	\N	\N	\N
400	1	2017-11-17	\N	13	13	\N	\N	\N	\N	\N	\N	\N
401	1	2017-11-17	\N	13	13	\N	\N	\N	\N	\N	\N	\N
402	1	2017-11-17	\N	13	13	\N	\N	\N	\N	\N	\N	\N
403	1	2017-11-17	\N	13	13	\N	\N	\N	\N	\N	\N	\N
404	1	2017-11-17	\N	11	11	\N	\N	\N	\N	\N	\N	\N
405	1	2017-11-17	\N	9	9	\N	\N	\N	\N	\N	\N	\N
406	1	2017-11-17	\N	10	10	\N	\N	\N	\N	\N	\N	\N
407	1	2017-11-17	\N	9	9	\N	\N	\N	\N	\N	\N	\N
408	1	2017-11-17	\N	10	10	\N	\N	\N	\N	\N	\N	\N
409	1	2017-11-17	\N	11	11	\N	\N	\N	\N	\N	\N	\N
\.


--
-- TOC entry 2681 (class 0 OID 0)
-- Dependencies: 205
-- Name: ic_solicitud_general_id_seq; Type: SEQUENCE SET; Schema: public; Owner: icweb
--

SELECT pg_catalog.setval('ic_solicitud_general_id_seq', 409, true);


--
-- TOC entry 2682 (class 0 OID 0)
-- Dependencies: 201
-- Name: ic_solicitud_id_seq; Type: SEQUENCE SET; Schema: public; Owner: icweb
--

SELECT pg_catalog.setval('ic_solicitud_id_seq', 4, true);


--
-- TOC entry 2608 (class 0 OID 116193)
-- Dependencies: 208
-- Data for Name: ic_solicitud_reembolso_comprobacion; Type: TABLE DATA; Schema: public; Owner: icweb
--

COPY ic_solicitud_reembolso_comprobacion (id, id_solicitud_general, observaciones, cuenta, concepto, importe, iva, total, folio, id_usuario, id_solicitud) FROM stdin;
1	1	sadasldksald	121323	asdkdskld	123	1	124	\N	\N	\N
2	2	sadasldksald	121323	asdkdskld	123	1	124	\N	\N	\N
3	24	jsakjdlasjdlksad	234324	d;dsa	100	1	101	\N	\N	\N
4	33	fesf	adsadsad	DS	fede	df	ew	1	\N	\N
5	36	jaja	jaja	jajja	jaja	jaja	jaja	ICXSREECXX1	\N	\N
6	39	kjkj	wqewq	wewq	kj	kjjk	kjk	ICXSREECXX1	\N	\N
11	53	knkjnk	j	jn	kjn	knkjn	kjnkjnk	ICXSCOMGXX1	\N	\N
12	55	lkjljlkjljl	nlkj	ljlkjl	lkjljljk	ljljlj	ljlj	ICXSCOMGXX1	\N	\N
13	56	lkjljlkj	ljlkj	lkjlkj	lkjljl	jlkjlj	lkjlkj	ICXSREECXX1	\N	\N
17	74	dlskjdlkjd	lskdj	dlskj	dlskjd	sfdlkj	fdlkj	ICXSCOMGXX1	3	\N
18	75	lfdskjflkjsfd	lkjfds	fdlksj	fdlskj	fldkj	dslkj	ICXSREECXX1	3	2
19	77	observaciones	cuenta	concepto	importe	iva	total	ICXSREECXX1	3	2
20	79	observaciones	cuenta	concepto	importe	iva	t	ICXSCOMGXX1	3	4
21	116	dsjfsdfksdhfdsfkjf	214	hdehude	123	12	2134	ICXSCOMGXX20	12	4
22	117	dsjfsdfksdhfdsfkjf	214	hdehude	123	12	2134	ICXSCOMGXX20	12	4
23	118	sldfl;ksaf;ldsfklaskfl;kf;lakfl;kfsa	121323	concepto	importe	iva	total	ICXSREECXX22	12	2
24	121	dsfkdf	214	ljlkj	kj	1	2134	ICXSCOMGXX23	12	4
\.


--
-- TOC entry 2683 (class 0 OID 0)
-- Dependencies: 207
-- Name: ic_solicitud_reembolso_comprobacion_id_seq; Type: SEQUENCE SET; Schema: public; Owner: icweb
--

SELECT pg_catalog.setval('ic_solicitud_reembolso_comprobacion_id_seq', 24, true);


--
-- TOC entry 2610 (class 0 OID 116202)
-- Dependencies: 210
-- Data for Name: ic_solicitud_requisicion; Type: TABLE DATA; Schema: public; Owner: icweb
--

COPY ic_solicitud_requisicion (id, id_solicitud_general, fecha_entrega, status, observaciones, descripcion, codigo_sku, cantidad, id_usuario, folio, id_solicitud) FROM stdin;
2	4	2012-01-01	\N	dsfdshfudshfuidhfiusdhisdhfiduhfidshfidsfh	caja	wq21321	1	\N	\N	\N
3	5	2012-01-01	\N	dsfdshfudshfuidhfiusdhisdhfiduhfidshfidsfh	caja	wq21321	1	\N	\N	\N
4	6	2012-01-01	\N	dsfdshfudshfuidhfiusdhisdhfiduhfidshfidsfh	caja	wq21321	1	\N	\N	\N
5	7	2012-01-01	\N	dsfdshfudshfuidhfiusdhisdhfiduhfidshfidsfh	caja	wq21321	1	\N	\N	\N
6	8	2012-01-01	\N	dsfdshfudshfuidhfiusdhisdhfiduhfidshfidsfh	caja	wq21321	1	\N	\N	\N
7	9	2012-01-01	\N	dsfdshfudshfuidhfiusdhisdhfiduhfidshfidsfh	caja	wq21321	1	\N	\N	\N
8	10	2012-01-01	\N	dsfdshfudshfuidhfiusdhisdhfiduhfidshfidsfh	caja	wq21321	1	\N	\N	\N
9	11	2012-01-01	\N	dsfdshfudshfuidhfiusdhisdhfiduhfidshfidsfh	caja	wq21321	1	\N	\N	\N
10	12	2012-01-01	\N	dsfdshfudshfuidhfiusdhisdhfiduhfidshfidsfh	caja	wq21321	1	\N	\N	\N
11	13	2012-01-01	\N	dsfdshfudshfuidhfiusdhisdhfiduhfidshfidsfh	caja	wq21321	1	\N	\N	\N
12	14	2012-01-01	\N	dsfdshfudshfuidhfiusdhisdhfiduhfidshfidsfh	caja	wq21321	1	\N	\N	\N
13	15	2012-01-01	\N	dsfdshfudshfuidhfiusdhisdhfiduhfidshfidsfh	caja	wq21321	1	\N	\N	\N
14	16	2012-01-01	\N	dsfdshfudshfuidhfiusdhisdhfiduhfidshfidsfh	caja	wq21321	1	\N	\N	\N
15	17	2012-01-01	\N	dsfdshfudshfuidhfiusdhisdhfiduhfidshfidsfh	caja	wq21321	1	\N	\N	\N
16	18	2012-01-01	\N	dsfdshfudshfuidhfiusdhisdhfiduhfidshfidsfh	caja	wq21321	1	\N	\N	\N
17	19	2012-01-01	\N	dsfdshfudshfuidhfiusdhisdhfiduhfidshfidsfh	caja	wq21321	1	\N	\N	\N
18	20	2012-01-01	\N	dsfdshfudshfuidhfiusdhisdhfiduhfidshfidsfh	caja	wq21321	1	\N	\N	\N
19	21	2012-01-01	\N	dsfdshfudshfuidhfiusdhisdhfiduhfidshfidsfh	caja	wq21321	1	\N	\N	\N
20	22	2012-01-01	\N	dsfdshfudshfuidhfiusdhisdhfiduhfidshfidsfh	caja	wq21321	1	\N	\N	\N
21	25	2012-01-01	\N	ksdnkllksjddfs	sdkaslkda	dslflkdsjflk	12	\N	\N	\N
23	27	2012-01-01	t	dosjfoi	pod	fdsojf	fdosij	\N	\N	\N
24	28	2012-01-01	t	jij	saddsa	ji	jij	\N	\N	\N
25	29	2012-01-01	t	jajaj	jaja	jaja	jaja	\N	\N	\N
26	30	2012-01-01	t	ju	ju	ju	ju	\N	\N	\N
27	31	2012-01-01	t	jl	jl	jl	jl	\N	\N	\N
28	34	2012-01-01	t	ewfew	sadsa	fsdfds	ewew	\N	1	\N
63	90	2017-11-07	t	kjhskjfhdskjfh	kjahs	kjhdsa	kjhsdf	12	\N	\N
64	91	2017-11-07	t	kjhskjfhdskjfhvadeniu	kjahs	kjhdsa	kjhsdf	12	\N	\N
65	92	2017-11-08	t	kjkjkjk	kj	kj	kj	12	\N	\N
66	93	2017-11-08	t	kdsjhkdhsajd	jhdsajh	kjshdkjh	kdsjhkdjh	12	\N	\N
67	94	2017-11-08	t	fksjehdf	kjhc	sdkjhf	kdsj	12	\N	\N
68	95	2017-11-08	t	kdsjhkfdhskjdf	jds	kjhdksh	fdksjh	12	\N	\N
69	96	2017-11-08	t	kjhkjhkjhkjhkjh	kjh	kjh	kjhkjh	12	\N	\N
70	97	2017-11-08	t	dflkjlfdkjfd	dsfjlkj	sdlkjlj	fdsljlfd	12	\N	\N
71	98	2017-11-08	t	dflkjlfdkjfdsalkjdkjsadlkjds	dsfjlkj	sdlkjlj	fdsljlfd	12	\N	\N
72	99	2017-11-08	t	requisiicon	requisicion	requisicion	reqiosoicoi	12	\N	\N
73	100	2017-11-08	t	kjhh	jkhh	kjhkjh	khkjh	12	\N	\N
74	101	2017-11-08	t	dskjhcxkjcx	jkhds	kdjsh	dskjhx	12	\N	\N
75	102	2017-11-08	t	kjch	ksjh	kdsjh	dskjh	12	\N	\N
76	103	2017-11-08	t	kjchsdflkfd	ksjh	kdsjh	dskjh	12	\N	\N
77	104	2017-11-08	t	fdkjvcx vdxz	kj	dskjh	dfskjxhc	12	\N	\N
78	105	2017-11-08	t	fdlkslkcj	sdn	dslkj	ldskjc	12	\N	\N
79	106	2017-11-08	t	rvrusnosws	bfomis	frbrojds	bromis	12	\N	\N
80	107	2017-11-08	t	qwertyu	kuy	hgh	dfghn	12	\N	\N
81	108	2017-11-08	t	y	rty	gh	gh	12	\N	\N
82	109	2017-11-08	t	wert	wer	wert	wert	12	\N	\N
83	110	2017-11-08	t	wertljdssfd	wer	wert	wert	12	\N	\N
84	111	2017-11-08	t	wertljdssfdsajdkda	wer	wert	wert	12	\N	\N
85	112	2017-11-08	t	wertljdssfdsajdkdalkejlkf	wer	wert	wert	12	\N	\N
86	113	2017-11-08	t	ksadjkjdsawertljdssfdsajdkdalkejlkf	wer	wert	wert	12	\N	\N
87	114	2017-11-08	t	kdsjhfkjds	kfjhdskjh	dskjhfkjhs	dskjhfkjd	12	ICXSREQCXX86	\N
88	127	2017-11-10	t	lkjfdfljldfkjds	ldskjlkj	dlkjfldsjf	lkdsjflkjd	12	ICXSREQCXX87	\N
89	128	2017-11-10	t	sdkfkshdfkjds	ksjfhfdkjh	dskjhfkjdsh	ksdhkjshdkjh	12	ICXSREQCXX88	\N
90	129	2017-11-10	t	kjdshfhkdfs	ksafsah	dfkjh	kjhdfkjh	12	ICXSREQCXX89	\N
91	130	2017-11-10	t	ldskjflkjflkjsdlfkjdslkfjdslkjflkajflkajf	dfklkjfdslkj	lajsdlkjsflj	ldakjslkjdalksj	12	ICXSREQCXX90	\N
92	131	2017-11-10	t	ldskjfldsjflkjdslkfjdf	lkajdlkajsdlkj	dslkjfldjflkdsj	dsljfldsjfldsjflkjdsf	12	ICXSREQCXX91	\N
93	132	2017-11-10	t	sdljfljflksjdflkjdlfjds	lkajf	alskjjdsa	alksjfljsa	12	ICXSREQCXX92	\N
94	133	2017-11-10	t	lsdkjfljfdjllkj	lksjf	sdlkjflj	lsdkjfljs	12	ICXSREQCXX93	\N
95	134	2017-11-10	t	lkdjfljdsflk	ksafjlkjsa	ldskjflkdsj	sdlkfjldkj	12	ICXSREQCXX94	\N
96	135	2017-11-10	t	lkdjfljdsflk	ksafjlkjsa	ldskjflkdsj	sdlkfjldkj	12	ICXSREQCXX94	\N
97	136	2017-11-10	t	lskjdflkjdflksjdlfkjdsf	sldjflkjds	laksflkj	dskljflkjdls	12	ICXSREQCXX96	\N
98	137	2017-11-10	t	sldkjfkdsjflkjds	;lskd;lksa	s;ldkf;kdf	sdlkfdsj	12	ICXSREQCXX97	\N
99	138	2017-11-10	t	lkdsjflkjdfsd	dklsadjlk	ldskjflj	ldskjflkj	12	ICXSREQCXX98	\N
100	139	2017-11-10	t	dlksjfljdf	ksjfkj	ldkjsfl	dsljflkds	12	ICXSREQCXX99	\N
101	140	2017-11-10	t	ldskjflk	sldkjajkl	slkfjlk	lskajflk	12	ICXSREQCXX100	\N
102	141	2017-11-10	t	lkdsalkdjf	lksajdk	salkjdlk	dslkjflkj	12	ICXSREQCXX101	\N
103	142	2017-11-10	t	sdlkjfldsjflkdj	lksfjslkjaf	lkjdsflkjdslfkj	dslkjflkjds	12	ICXSREQCXX102	\N
104	143	2017-11-10	t	flkjlk	alkdsklj	slkjfdlkj	sdlkfjjlk	12	ICXSREQCXX103	\N
105	144	2017-11-10	t	fdslkjlk	sakjlk	dlskjl	dslkjlkj	12	ICXSREQCXX104	\N
106	145	2017-11-10	t	sdljflkjflksjdljf	lskfj	slkdjf	dskljf	12	ICXSREQCXX105	\N
107	146	2017-11-10	t	dslkjglkjlk	;lafjkj	dslfkjlkj	dslkjflkj	12	ICXSREQCXX106	\N
108	147	2017-11-10	t	ljlkjlk	lkj	lklj	lklj	12	ICXSREQCXX107	\N
109	148	2017-11-13	t	sldkjflksdf	ladkj	dslkj	dslkjfj	12	ICXSREQCXX108	\N
110	149	2017-11-13	t	dslkfjdjflds	skajd	lkjdlj	slkjfdj	12	ICXSREQCXX109	\N
111	150	2017-11-13	t	dslkfjdjflds	skajd	lkjdlj	slkjfdj	12	ICXSREQCXX109	\N
112	151	2017-11-13	t	jlkjlkjlkj	lkjflkj	lkjlkj	ljlkjlk	12	ICXSREQCXX111	\N
113	152	2017-11-13	t	flskjflk	dlkfj	ljdsf	lskdjfl	12	ICXSREQCXX112	\N
114	153	2017-11-13	t	fsdlkjlkj	sakfjlk	dlksjlk	lfdsjlk	12	ICXSREQCXX113	\N
115	154	2017-11-13	t	dsjljf	dslkj	dslkfj	lkdsj	12	ICXSREQCXX114	\N
116	155	2017-11-13	t	kdsjhfkjsd	dskj	ekjh	fskdjh	12	ICXSREQCXX115	\N
117	156	2017-11-13	t	lsdkjlfk	lsalj	lksjdflkj	dlsjfl	12	ICXSREQCXX116	\N
118	157	2017-11-13	t	dslkjlkj	dskjf	dslkajj	ldskjlkj	12	ICXSREQCXX117	\N
119	158	2017-11-13	t	dslkjflkjdsf	ldskjf	dlkjf	ldskjflkj	12	ICXSREQCXX118	\N
120	159	2017-11-13	t	dslkjlkds	slakd	dslkjf	sdlkj	12	ICXSREQCXX119	\N
121	160	2017-11-13	t	fdldkjflk	;lsafk	dslkjflkj	sdlkjlkj	12	ICXSREQCXX120	\N
122	161	2017-11-13	t	sdlkfjlkd	kjf	dsklfj	sdlkfj	12	ICXSREQCXX121	\N
123	162	2017-11-13	t	dlkjfdlkf	klfjkj	lkjflkj	fdljslkjf	12	ICXSREQCXX122	\N
124	163	2017-11-13	t	vds;lk	clf	kdsf;lk	vds;lk	12	ICXSREQCXX123	\N
125	164	2017-11-13	t	dsflk	sak	dslkjf	dsflkj	12	ICXSREQCXX124	\N
126	165	2017-11-13	t	dslkjflkjdf	lsakjd	dslkjf	ldskjflk	12	ICXSREQCXX125	\N
127	166	2017-11-13	t	slkj	sldakj	dlkfsj	sfdlkj	12	ICXSREQCXX126	\N
128	167	2017-11-13	t	lklkj	kljkj	lkjlkj	lkjkj	12	ICXSREQCXX127	\N
129	168	2017-11-13	t	dslkj	;lsk	d;lsk	ds;lk	12	ICXSREQCXX128	\N
130	169	2017-11-13	t	lklk	lk	k	lk	12	ICXSREQCXX129	\N
131	170	2017-11-13	t	lkj	lkj	lkj	lkj	12	ICXSREQCXX130	\N
132	171	2017-11-13	t	sfdlkjlkfd	sfdlkj	flkdsj	fdslkj	12	ICXSREQCXX131	\N
133	172	2017-11-13	t	sfdlkjlkfd	sfdlkj	flkdsj	fdslkj	12	ICXSREQCXX131	\N
134	173	2017-11-13	t	poipoi	kopi	oppoi	poi	12	ICXSREQCXX133	\N
135	174	2017-11-13	t	dslkjflkdjs	fdsklj	sdlkjf	fklj	12	ICXSREQCXX134	\N
136	175	2017-11-13	t	dslfkjldskfj	ldskfj	ldskjflkj	dslfkjlkj	12	ICXSREQCXX135	\N
137	176	2017-11-13	t	dslfkjldskfj	ldskfj	ldskjflkj	dslfkjlkj	12	ICXSREQCXX135	\N
138	177	2017-11-13	t	dslfkjldskfj	ldskfj	ldskjflkj	dslfkjlkj	12	ICXSREQCXX135	\N
139	178	2017-11-13	t	dslfkjldskfj	ldskfj	ldskjflkj	dslfkjlkj	12	ICXSREQCXX135	\N
140	179	2017-11-13	t	lkj	slakj	sdlkjf	sdflkj	12	ICXSREQCXX139	\N
141	180	2017-11-13	t	lkjdflk	kdj	dslkj	sdlkfj	12	ICXSREQCXX140	\N
142	181	2017-11-13	t	ljlkj	sdlkj	lkjflkj	lkjl	12	ICXSREQCXX141	\N
143	182	2017-11-13	t	ljlkj	sdlkj	lkjflkj	lkjl	12	ICXSREQCXX141	\N
144	183	2017-11-13	t	lkjlkjlkj	lkjlkj	lkj	lkjlkj	12	ICXSREQCXX143	\N
145	184	2017-11-13	t	lfskdjlkj	lkdjs	sdlkfj	sdflkj	12	ICXSREQCXX144	\N
146	185	2017-11-13	t	lfskdjlkj	lkdjs	sdlkfj	sdflkj	12	ICXSREQCXX144	\N
147	186	2017-11-13	t	dskjf	dlkf	LSKDJF	FDLKJ	12	ICXSREQCXX146	\N
148	187	2017-11-13	t	q;fdslk;lk	s;oakl	dslfk	;lkfds;lk	12	ICXSREQCXX147	\N
149	188	2017-11-14	t	fsldkjflkf	slkaj	lksdjf	lksdfj	12	ICXSREQCXX148	\N
150	189	2017-11-14	t	;lkdf	lkdsf	;lksdf	;lkdf	12	ICXSREQCXX149	\N
151	190	2017-11-14	t	dlsjflkdsf	saklj	dslkfj	sldfkj	12	ICXSREQCXX150	\N
152	191	2017-11-14	t	lsdkjf	dlskj	lkdsjf	ldskjf	12	ICXSREQCXX151	\N
153	192	2017-11-14	t	lfdj	dl;k	kjld	lkjf	12	ICXSREQCXX152	\N
154	193	2017-11-14	t	sdlkjldk	ldk	lkjd	lkdsj	12	ICXSREQCXX153	\N
155	194	2017-11-14	t	ouoi	kj	kj	iuoo	12	ICXSREQCXX154	\N
156	195	2017-11-14	t	dlkjj	dlkjf	lkjdl	dslkj	12	ICXSREQCXX155	\N
157	196	2017-11-14	t	lkjdslkj	asklj	lkdsjf	lkj	12	ICXSREQCXX156	\N
158	197	2017-11-14	t	kldflkjf	sklj	sdlkjf	lkj	12	ICXSREQCXX157	\N
159	198	2017-11-14	t	kjhkh	kjh	kjh	kjh	12	ICXSREQCXX158	\N
160	199	2017-11-14	t	kjhkh	kjhrw	kjh	kjh	12	ICXSREQCXX159	\N
161	200	2017-11-14	t	kjhkh	kj	kjh	kjhkjh	12	ICXSREQCXX160	\N
162	201	2017-11-14	t	jhkjhkjhkjhkjhk	kjh	kjh	kjhkjhk	12	ICXSREQCXX161	\N
163	202	2017-11-14	t	khdskjhd	jk	kj	kjh	12	ICXSREQCXX162	\N
164	203	2017-11-14	t	eiuhfu	kjhkjhskjh	kjhsdkhqw	waiuehdsa	12	ICXSREQCXX163	\N
165	204	2017-11-14	t	lsakjlkjdsasd	lksjdlk	lkjlkjdslkj	lkwjelkj	12	ICXSREQCXX164	\N
166	205	2017-11-14	t	slkdjlkjda	lskjjkd	lksajdlkj	slkdjlkj	12	ICXSREQCXX165	\N
167	206	2017-11-14	t	salkj	lsj	fdpj	sdaklj	12	ICXSREQCXX166	\N
168	207	2017-11-14	t	lkjfdslkj	lsakdj	lkjfd	lkjdsflkj	12	ICXSREQCXX167	\N
169	208	2017-11-14	t	kjfdkjf	kjdf	kjhf	kjhfdkjh	12	ICXSREQCXX168	\N
170	209	2017-11-14	t	lkjlkj	lkj	lkjlkj	lkj	12	ICXSREQCXX169	\N
171	210	2017-11-14	t	kjhfdskjf	kjdh	kdsjhf	skjhdakhs	12	ICXSREQCXX170	\N
172	211	2017-11-14	t	khkjh	kjh	kjh	kh	12	ICXSREQCXX171	\N
173	212	2017-11-14	t	knxknxkewje	kdskn	jsnx	xknknwk	12	ICXSREQCXX172	\N
174	213	2017-11-14	t	nkjsnxkjnsa	dnknk	kjnkjnxskjnxkj	sdnjckjds	12	ICXSREQCXX173	\N
175	214	2017-11-14	t	nkjsnxkjnsasakjdkjd	dnknk	kjnkjnxskjnxkj	sdnjckjds	12	ICXSREQCXX173	\N
176	215	2017-11-14	t	nkjsnxkjnsasakjdkjd	dnknk	kjnkjnxskjnxkj	sdnjckjds	12	ICXSREQCXX173	\N
177	216	2017-11-14	t	codjoicd	wekj	jdsoij	ojcsoi	12	ICXSREQCXX176	\N
178	217	2017-11-14	t	slkjlkj	dskj	dsklj	sclkj	12	ICXSREQCXX177	\N
179	218	2017-11-14	t	kdsaljdsa	kjhfkjshf	kajshdkjsah	kjahsdkjhdsa	12	ICXSREQCXX178	\N
180	219	2017-11-14	t	lskjfdlkejflkew	sd	lksdjlk	jlksjd	12	ICXSREQCXX179	\N
181	220	2017-11-14	t	lskfnlkfslndf	asdlk;lkd	c ncsalknclks	lsdknflkfdnsl	12	ICXSREQCXX180	\N
182	221	2017-11-14	t	lksjdflkj	elkrj	lkdlskfj	ldskjflkj	12	ICXSREQCXX181	\N
183	222	2017-11-14	t	lsakjdlksaj	akldjk	lkjdslkj	lkjlkj	12	ICXSREQCXX182	\N
184	223	2017-11-14	t	lcsnlkn	klcslkn	dslnk	slkn	12	ICXSREQCXX183	\N
185	224	2017-11-14	t	ljskd	sakd	lsjd	lkjd	12	ICXSREQCXX184	\N
186	225	2017-11-14	t	salkdjlsad	salkjdkl	aslkdjlk	lsakdjlj	12	ICXSREQCXX185	\N
187	226	2017-11-14	t	laksjdlkjasd	lkjalkjds	lkjaslkj	laksjdlkjas	12	ICXSREQCXX186	\N
188	227	2017-11-14	t	flksjlfjdlfksdlj	sdlfkj	dslkjf	dslkfj	12	ICXSREQCXX187	\N
189	228	2017-11-14	t	alksdlkjsaljsa	ajdlkj	saldkjlj	slkjdlj	12	ICXSREQCXX188	\N
190	229	2017-11-14	t	laskdlsa	;lakds	lk;asd	asdlk	12	ICXSREQCXX189	\N
191	230	2017-11-14	t	kjhsadakhdk	kjhds	ksajhd	kjhdska	12	ICXSREQCXX190	\N
192	231	2017-11-15	t	lksjdlkjdsa	lkajfd	lkjsad	lkjds	12	ICXSREQCXX191	\N
193	232	2017-11-15	t	salkdj	lksjda	slkdj	aslkdj	12	ICXSREQCXX192	\N
194	233	2017-11-15	t	lkjsadlkj	Alk	kljsdj	lsakjdlk	12	ICXSREQCXX193	\N
195	234	2017-11-15	t	salkjlksajd	sakj	salkj	salkj	12	ICXSREQCXX194	\N
196	235	2017-11-15	t	lksajdlkjsa	sadlkj	salkj	aslkdj	12	ICXSREQCXX195	\N
197	236	2017-11-15	t	dalskjdlkj	lkjawd	lkjsda	laskdj	12	ICXSREQCXX196	\N
198	237	2017-11-15	t	kaldlksj	lksa;d	;lsakd	slkd	12	ICXSREQCXX197	\N
199	238	2017-11-15	t	alksjdlkjsd	kljc	lkajs	aslkjd	12	ICXSREQCXX198	\N
200	239	2017-11-15	t	aslkdjjlkds	salkj	salkdj	aslkj	12	ICXSREQCXX199	\N
201	240	2017-11-15	t	lkajdlkjsd	ksajl	saldkj	alskdj	12	ICXSREQCXX200	\N
202	241	2017-11-15	t	alskjdlkajsd	samnm	salkjlkj	jlkjdsalkj	12	ICXSREQCXX201	\N
203	242	2017-11-15	t	jalksdjlkjads	sljdsalkj	alkjdlkj	lkjadslk	12	ICXSREQCXX202	\N
204	243	2017-11-15	t	lkjlkjl	aslkj	laksdj	lkjd	12	ICXSREQCXX203	\N
205	244	2017-11-15	t	aklsjdlksa	al;k	sadlkjlkjsda	laskjdlkj	12	ICXSREQCXX204	\N
206	245	2017-11-15	t	kk	k	k	k	12	ICXSREQCXX205	\N
207	246	2017-11-15	t	ss	s	s	s	12	ICXSREQCXX206	\N
208	247	2017-11-15	t	prueb	prueb	prueb	prueb	12	ICXSREQCXX207	\N
209	248	2017-11-15	t	ldkasj	sdaklj	sadlkj	lkasjd	12	ICXSREQCXX208	\N
210	249	2017-11-15	t	asljdlkjs	ljkw`lkjwd`	saldj	laksdj	12	ICXSREQCXX209	\N
211	250	2017-11-15	t	aslkdj	aslk	alskj	alsj	12	ICXSREQCXX210	\N
212	251	2017-11-15	t	lkjsad	salkj	slakj	asldkj	12	ICXSREQCXX211	\N
213	252	2017-11-15	t	lkjldsa	salkj	alkj	alksj	12	ICXSREQCXX212	\N
214	253	2017-11-15	t	asd	das	sad	asd	12	ICXSREQCXX213	\N
215	254	2017-11-15	t	sa	as	as	as	12	ICXSREQCXX214	\N
216	255	2017-11-15	t	lkj	SADLK	LKj	lkj	12	ICXSREQCXX215	\N
217	256	2017-11-15	t	a	as	a	a	12	ICXSREQCXX216	\N
218	257	2017-11-15	t	sa	sad	s	a	12	ICXSREQCXX217	\N
219	258	2017-11-15	t	kj	kja	kj	kj	12	ICXSREQCXX218	\N
220	259	2017-11-15	t	a	sa	a	a	12	ICXSREQCXX219	\N
221	260	2017-11-15	t	a	a	a	a	12	ICXSREQCXX220	\N
222	261	2017-11-15	t	a	a	a	a	12	ICXSREQCXX221	\N
223	262	2017-11-15	t	a	a	a	a	12	ICXSREQCXX222	\N
224	263	2017-11-15	t	a	a	a	a	12	ICXSREQCXX223	\N
225	264	2017-11-15	t	s	s	s	s	12	ICXSREQCXX224	\N
226	265	2017-11-15	t	a	a	a	aa	12	ICXSREQCXX225	\N
227	266	2017-11-15	t	a	a	a	a	12	ICXSREQCXX226	\N
228	267	2017-11-15	t	k	k	k	k	12	ICXSREQCXX227	\N
229	268	2017-11-15	t	k	k	k	k	12	ICXSREQCXX228	\N
230	269	2017-11-15	t	M	M	M	M	12	ICXSREQCXX229	\N
231	270	2017-11-15	t	k	k	k	k	12	ICXSREQCXX230	\N
232	271	2017-11-15	t	p	p	p	pp	12	ICXSREQCXX231	\N
233	272	2017-11-15	t	aaa	a	a	a	12	ICXSREQCXX232	\N
234	273	2017-11-15	t	j	j	k	j	12	ICXSREQCXX233	\N
235	274	2017-11-15	t	vcnc	hjghj	gfd	gfdg	12	ICXSREQCXX234	\N
236	275	2017-11-15	t	lk	LK	LK	lk	12	ICXSREQCXX235	\N
237	276	2017-11-15	t	llkklk	lk	lk	lk	12	ICXSREQCXX236	\N
238	277	2017-11-15	t	lksalk	salk	lsak	slak	12	ICXSREQCXX237	\N
239	278	2017-11-15	t	mmm	m	m	m	12	ICXSREQCXX238	\N
240	279	2017-11-15	t	sdkjds	as	sakd	dsj	13	ICXSREQCXX239	\N
241	280	2017-11-15	t	lkjsd	sklj	slkj	lksjd	13	ICXSREQCXX240	\N
242	281	2017-11-15	t	mn	am	m	n	13	ICXSREQCXX241	\N
243	282	2017-11-15	t	lkj	lkj	lkj	lkj	13	ICXSREQCXX242	\N
244	283	2017-11-15	t	jjj	jj	j	j	13	ICXSREQCXX243	\N
245	284	2017-11-16	t	lkjlkj	jsa	lkjs	lkj	13	ICXSREQCXX244	\N
246	285	2017-11-16	t	lkj	klj	lkj	lkj	13	ICXSREQCXX245	\N
247	286	2017-11-16	t	lkjlk	salkj	lkjaslkj	lkjslkj	13	ICXSREQCXX246	\N
248	287	2017-11-16	t	lkjlkj	alkj	slkj	lkj	13	ICXSREQCXX247	\N
249	288	2017-11-16	t	j	j	j	j	13	ICXSREQCXX248	\N
250	289	2017-11-16	t	bb	b	b	b	13	ICXSREQCXX249	\N
251	290	2017-11-16	t	mmn	mn	mn	mn	13	ICXSREQCXX250	\N
252	291	2017-11-16	t	k	k	k	k	13	ICXSREQCXX251	\N
253	292	2017-11-16	t	lkjl	lkdsalkj	lkj	lkj	13	ICXSREQCXX252	\N
254	293	2017-11-16	t	kj	kj	kj	kj	11	ICXSREQCXX253	\N
255	294	2017-11-16	t	j	j	j	j	11	ICXSREQCXX254	\N
256	295	2017-11-16	t	j	j	j	j	10	ICXSREQCXX255	\N
257	296	2017-11-16	t	b	bBBb	b	b	10	ICXSREQCXX256	\N
258	297	2017-11-16	t	k	k	k	k	10	ICXSREQCXX257	\N
259	298	2017-11-16	t	n	n	n	n	10	ICXSREQCXX258	\N
260	299	2017-11-16	t	j	j	j	j	10	ICXSREQCXX259	\N
261	300	2017-11-16	t	m	m	m	m	10	ICXSREQCXX260	\N
262	301	2017-11-16	t	nn	n	n	n	9	ICXSREQCXX261	\N
263	302	2017-11-16	t	m	m	m	m	9	ICXSREQCXX262	\N
264	303	2017-11-16	t	mn	nm	mn	mn	9	ICXSREQCXX263	\N
265	304	2017-11-16	t	n	n	n	n	9	ICXSREQCXX264	\N
266	305	2017-11-16	t	n	n	n	n	9	ICXSREQCXX265	\N
267	306	2017-11-16	t	mn	mn	mn	mn	9	ICXSREQCXX266	\N
268	307	2017-11-16	t	n	n	n	n	9	ICXSREQCXX267	\N
269	308	2017-11-16	t	kj	kj	kj	kj	9	ICXSREQCXX268	\N
270	309	2017-11-16	t	n	n	n	nn	9	ICXSREQCXX269	\N
271	310	2017-11-16	t	n	n	n	n	9	ICXSREQCXX270	\N
272	311	2017-11-16	t	kj	kj	kj	kj	9	ICXSREQCXX271	\N
273	312	2017-11-16	t	lkj	lsjd	lkj	kjl	9	ICXSREQCXX272	\N
274	313	2017-11-16	t	mn	m,	mn	mn	9	ICXSREQCXX273	\N
275	314	2017-11-16	t	n	n	n	n	9	ICXSREQCXX274	\N
276	315	2017-11-16	t	b	b	bbbb	bbb	9	ICXSREQCXX275	\N
277	316	2017-11-16	t	nb	nb	nb	nb	9	ICXSREQCXX276	\N
278	317	2017-11-16	t	b	mnb	nb	nmb	9	ICXSREQCXX277	\N
279	318	2017-11-16	t	mn	nm	mb	b	9	ICXSREQCXX278	\N
280	319	2017-11-16	t	b	b	bb	b	9	ICXSREQCXX279	\N
281	320	2017-11-16	t	mn	,m	,mn	mn	9	ICXSREQCXX280	\N
282	321	2017-11-16	t	nmnm	nm	nm	nmn	9	ICXSREQCXX281	\N
283	322	2017-11-16	t	j	j	j	j	9	ICXSREQCXX282	\N
284	323	2017-11-16	t	n	n	nn	n	9	ICXSREQCXX283	\N
285	324	2017-11-16	t	n	n	n	n	9	ICXSREQCXX284	\N
286	325	2017-11-16	t	n	n	n	n	9	ICXSREQCXX285	\N
287	326	2017-11-16	t	n	n	n	n	9	ICXSREQCXX286	\N
288	327	2017-11-16	t	j	j	j	j	9	ICXSREQCXX287	\N
289	328	2017-11-16	t	n	n	n	n	9	ICXSREQCXX288	\N
290	329	2017-11-16	t	j	j	j	j	9	ICXSREQCXX289	\N
291	330	2017-11-16	t	mn	mn	mn	mn	9	ICXSREQCXX290	\N
292	331	2017-11-16	t	kj	kj	kj	kjh	9	ICXSREQCXX291	\N
293	332	2017-11-16	t	lkj	lkdsj	lkj	lkj	9	ICXSREQCXX292	\N
294	333	2017-11-16	t	m	m	m	m	9	ICXSREQCXX293	\N
295	334	2017-11-16	t	m	m	m	m	9	ICXSREQCXX294	\N
296	335	2017-11-16	t	k	k	k	k	9	ICXSREQCXX295	\N
297	336	2017-11-16	t	kjkj	kj	kjk	jkj	9	ICXSREQCXX296	\N
298	337	2017-11-16	t	m	m	m	mm	9	ICXSREQCXX297	\N
299	338	2017-11-16	t	m	m,	,m	,m	9	ICXSREQCXX298	\N
300	339	2017-11-16	t	m	m	m	m	9	ICXSREQCXX299	\N
301	340	2017-11-16	t	m	m	m	m	9	ICXSREQCXX300	\N
302	341	2017-11-16	t	nb	nb	nb	nb	9	ICXSREQCXX301	\N
303	342	2017-11-16	t	j	j	j	j	9	ICXSREQCXX302	\N
304	343	2017-11-16	t	j	j	j	j	9	ICXSREQCXX303	\N
305	344	2017-11-16	t	k	k	k	kk	9	ICXSREQCXX304	\N
306	345	2017-11-16	t	jjjo	m	m	mm	9	ICXSREQCXX305	\N
307	346	2017-11-16	t	jj	j	jj	j	9	ICXSREQCXX306	\N
308	347	2017-11-16	t	jj	j	jj	j	9	ICXSREQCXX307	\N
309	348	2017-11-16	t	k	k	k	kk	9	ICXSREQCXX308	\N
310	349	2017-11-16	t	j	j	j	jj	9	ICXSREQCXX309	\N
311	350	2017-11-16	t	nnn	n	n	n	9	ICXSREQCXX310	\N
312	351	2017-11-16	t	n	n	n	nn	9	ICXSREQCXX311	\N
313	352	2017-11-16	t	bb	b	b	bb	9	ICXSREQCXX312	\N
314	353	2017-11-16	t	n	n	nn	n	9	ICXSREQCXX313	\N
315	354	2017-11-16	t	mbmnbm	mnb	nb	nmb	9	ICXSREQCXX314	\N
316	355	2017-11-16	t	mn	mn	mn	m	9	ICXSREQCXX315	\N
317	356	2017-11-16	t	kj	n	jk	kj	9	ICXSREQCXX316	\N
318	357	2017-11-16	t	k	m	k	k	9	ICXSREQCXX317	\N
319	358	2017-11-16	t	kjh	njk	kjh	kjh	9	ICXSREQCXX318	\N
320	359	2017-11-16	t	kj	kj	kj	kj	9	ICXSREQCXX319	\N
321	360	2017-11-16	t	mn	mn	mn	mn	9	ICXSREQCXX320	\N
322	361	2017-11-16	t	lkj	jkl	lkj	lkj	9	ICXSREQCXX321	\N
323	362	2017-11-16	t	lkl	k	lk	lk	9	ICXSREQCXX322	\N
324	363	2017-11-16	t	lk	sak	kl	lk	9	ICXSREQCXX323	\N
325	364	2017-11-16	t	k	k	k	kk	9	ICXSREQCXX324	\N
326	365	2017-11-16	t	kj	kj	kj	kj	9	ICXSREQCXX325	\N
327	366	2017-11-16	t	m	m	km	m	9	ICXSREQCXX326	\N
328	367	2017-11-16	t	lkj	lkj	lkj	lkjlkj	9	ICXSREQCXX327	\N
329	368	2017-11-16	t	lkj	kj	lkj	lkj	9	ICXSREQCXX328	\N
330	369	2017-11-16	t	lklk	lk	lk	lk	9	ICXSREQCXX329	\N
331	370	2017-11-16	t	lklk	dslk	lklk	lklk	9	ICXSREQCXX330	\N
332	371	2017-11-16	t	lkj	kj	kj	lkjlkj	9	ICXSREQCXX331	\N
333	372	2017-11-16	t	kj	lkj	kj	kj	9	ICXSREQCXX332	\N
334	373	2017-11-16	t	lkj	lk	lkj	lkj	9	ICXSREQCXX333	\N
335	374	2017-11-16	t	lkj	klj	klj	lkj	9	ICXSREQCXX334	\N
336	375	2017-11-16	t	kj	kj	kj	kj	9	ICXSREQCXX335	\N
337	376	2017-11-16	t	lkjlkj	lkj	lkj	kj	9	ICXSREQCXX336	\N
338	377	2017-11-16	t	kj	kj	kjk	jkj	9	ICXSREQCXX337	\N
339	378	2017-11-16	t	k	k	k	kk	11	ICXSREQCXX338	\N
340	379	2017-11-16	t	jk	j	jj	j	10	ICXSREQCXX339	\N
341	380	2017-11-16	t	k	k	k	k	10	ICXSREQCXX340	\N
342	381	2017-11-16	t	j	j	j	jj	11	ICXSREQCXX341	\N
343	382	2017-11-16	t	j	j	jj	j	11	ICXSREQCXX342	\N
344	383	2017-11-16	t	kj	kj	kj	kj	11	ICXSREQCXX343	\N
345	384	2017-11-16	t	kj	kj	kj	kj	11	ICXSREQCXX344	\N
346	385	2017-11-16	t	lk	ll	lk	lk	11	ICXSREQCXX345	\N
347	386	2017-11-17	t	kj	kj	kj	kj	10	ICXSREQCXX346	\N
348	387	2017-11-17	t	kj	kj	kj	kj	10	ICXSREQCXX347	\N
349	388	2017-11-17	t	lk	lk	lk	lk	13	ICXSREQCXX348	\N
350	389	2017-11-17	t	kj	kj	kj	kj	13	ICXSREQCXX349	\N
351	390	2017-11-17	t	kj	kj	kj	kj	13	ICXSREQCXX350	\N
352	391	2017-11-17	t	kj	kj	kj	kj	13	ICXSREQCXX351	\N
353	392	2017-11-17	t	kj	kj	kj	kj	13	ICXSREQCXX352	\N
354	393	2017-11-17	t	kj	kj	kj	kj	11	ICXSREQCXX353	\N
355	394	2017-11-17	t	kj	kj	kj	kj	9	ICXSREQCXX354	\N
356	395	2017-11-17	t	jh	jh	jh	jh	10	ICXSREQCXX355	\N
357	396	2017-11-17	t	kj	kj	kjk	kj	13	ICXSREQCXX356	\N
358	397	2017-11-17	t	kj	jk	k	jkkj	13	ICXSREQCXX357	\N
359	398	2017-11-17	t	ljlkj	klj	lkj	lkj	13	ICXSREQCXX358	\N
360	399	2017-11-17	t	jh	jh	jh	jh	13	ICXSREQCXX359	\N
361	400	2017-11-17	t	kj	kj	kj	kj	13	ICXSREQCXX360	\N
362	401	2017-11-17	t	lkjl	dsklj	lkj	lkj	13	ICXSREQCXX361	\N
363	402	2017-11-17	t	kj	kj	kj	kj	13	ICXSREQCXX362	\N
364	403	2017-11-17	t	kj	kj	kj	kj	13	ICXSREQCXX363	\N
365	404	2017-11-17	t	kj	kj	kj	kj	11	ICXSREQCXX364	\N
366	405	2017-11-17	t	kj	kjd	kj	kj	9	ICXSREQCXX365	\N
367	406	2017-11-17	t	j	j	j	j	10	ICXSREQCXX366	\N
368	407	2017-11-17	t	j	j	j	jj	9	ICXSREQCXX367	\N
369	408	2017-11-17	t	kj	kj	kjk	j	10	ICXSREQCXX368	\N
370	409	2017-11-17	t	h	h	hh	h	11	ICXSREQCXX369	\N
\.


--
-- TOC entry 2684 (class 0 OID 0)
-- Dependencies: 209
-- Name: ic_solicitud_requisicion_id_seq; Type: SEQUENCE SET; Schema: public; Owner: icweb
--

SELECT pg_catalog.setval('ic_solicitud_requisicion_id_seq', 370, true);


--
-- TOC entry 2611 (class 0 OID 116209)
-- Dependencies: 211
-- Data for Name: ic_subcategoria; Type: TABLE DATA; Schema: public; Owner: icweb
--

COPY ic_subcategoria (id_subcategoria, nombre, id_categoria) FROM stdin;
1	Copa Apertura	1
2	Copa Clausura	1
3	Torneo Apertura	1
4	Torneo Clausura	1
5	Pagos Nacionales	2
6	Pagos Nacionales Jugadores	2
7	Escoltas	2
8	Pagos Nacionales Tcnicos	2
9	Asimilados a Salarios	2
10	Presidencia	2
11	Presidencia	3
12	Vicepresidencia	3
13	Direccin de Comercializacin	3
14	Gerencia de Patrocinios	3
15	Mercadotecnia	3
16	Gerencia de Responsabilidad Social	3
17	Gerencia de Comunicacin	3
18	Direccin de Planeacin Estratgica	3
19	Gerencia de Administracin	3
20	rea Jurdica	3
21	Gerencia Estadio	3
22	Coordinador de Taquillas	3
23	Gerencia Finanzas	3
24	Gerencia de Operaciones	3
25	Subgerencia de Mantenimiento	3
26	Subgerencia de T.I	3
27	Coordinador de Control y Procesos y Almacenes	3
28	Gerencia de Relaciones Pblicas y Gubernamentales	3
29	Gerencia de Recursos Humanos	3
30	Gerencia de Ventas y Atencin al Cliente	3
31	Gastos Xologirls	3
32	Proyectos Gubernamentales	3
33	Atencin al Cliente	3
34	Televisin Xolos	4
35	Cuartos de Final Televisin	4
36	Copa Apertura televisin	4
37	Copa Clausura Televisin	4
38	Final Televisin	4
39	Semifinal Televisin	4
40	Torneo Apertura Televisin	4
41	Torneo Clausura Televisin	4
42	Compra, Prstamo y Venta de Jugadores	4
43	Formacin de Jugadores	4
44	Capacitacin de Personal	5
45	Partidos Amistosos	5
46	Formacin Acadmica	5
47	Gastos de Administracin Deportiva	5
48	Gastos Federativos	5
49	Gastos Mdicos	5
50	Gastos Invitados	5
51	Material de Entrenamiento	5
52	Instalaciones Deportivas	5
53	Nutricin	5
54	Ropa Deportiva	5
55	Apertura Final Ida	5
56	Apertura Final Vuelta	5
57	Apertura Jornada 10	5
58	Apertura Jornada 11	5
59	Apertura Jornada 13	5
60	Apertura Jornada 12	5
61	Apertura Jornada 14	5
62	Apertura Jornada 15	5
63	Apertura Jornada 16	5
64	Apertura Jornada 17	5
65	Apertura Jornada 1	5
66	Apertura Jornada 2	5
67	Apertura Jornada 3	5
68	Apertura Jornada 4	5
69	Apertura Jornada 5	5
70	Apertura Jornada 6	5
71	Apertura Jornada 7	5
72	Apertura Jornada 8	5
73	Apertura Jornada 9	5
74	Apertura Semifinal Ida	5
75	Apertura Semifinal Vuelta	5
76	Apertura Cuartos de Final Ida	5
77	Apertura Cuartos de Final Vuelta	5
78	Clausura Final Ida	5
79	Clausura Final Vuelta	5
80	Clausura Jornada 1	5
81	Clausura Jornada 2	5
82	Clausura Jornada 3	5
83	Clausura Jornada 4	5
84	Clausura Jornada 5	5
85	Clausura Jornada 6	5
86	Clausura Jornada 7	5
87	Clausura Jornada 8	5
88	Clausura Jornada 9	5
89	Clausura Jornada 10	5
90	Clausura Jornada 11	5
91	Clausura Jornada 12	5
92	Clausura Jornada 13	5
93	Clausura Jornada 14	5
94	Clausura Jornada 15	5
95	Clausura Jornada 16	5
96	Clausura Jornada 17	5
97	Clausura Semifinal Ida	5
98	Clausura Semifinal Vuelta	5
99	Clausura Cuartos de Final Ida	5
100	Clausura Cuartos de Final Vuelta	5
101	Utilera	5
102	Viajes FEMEXFUT	5
103	Visorias	5
104	Gastos Generales	5
105	Partidos Amistosos	6
106	Formacin Acadmica	6
107	Gastos Mdicos	6
108	Gastos Federativos	6
109	Material de Entrenamiento	6
110	Ropa Deportiva	6
111	Apertura Semifinal Ida	6
112	Apertura Semifinal Vuelta	6
113	Apertura Cuartos de Final Ida	6
114	Apertura Cuartos de Final Vuelta	6
115	Apertura Final Ida	6
116	Apertura Final Vuelta	6
117	Apertura Jornada 1	6
118	Apertura Jornada 2	6
119	Apertura Jornada 3	6
120	Apertura Jornada 4	6
121	Apertura Jornada 5	6
122	Apertura Jornada 6	6
123	Apertura Jornada 7	6
124	Apertura Jornada 8	6
125	Apertura Jornada 9	6
126	Apertura Jornada 10	6
127	Apertura Jornada 11	6
128	Apertura Jornada 12	6
129	Apertura Jornada 13	6
130	Apertura Jornada 14	6
131	Apertura Jornada 15	6
132	Apertura Jornada 16	6
133	Apertura Jornada 17	6
134	Clausura Semifinal Ida	6
135	Clausura Semifinal Vuelta	6
136	Clausura Cuartos de Final Ida	6
137	Clausura Cuartos de Final Vuelta	6
138	Clausura Final Ida	6
139	Clausura Final Vuelta	6
140	Clausura Jornada 1	6
141	Clausura Jornada 2	6
142	Clausura Jornada 3	6
143	Clausura Jornada 4	6
144	Clausura Jornada 5	6
145	Clausura Jornada 6	6
146	Clausura Jornada 7	6
147	Clausura Jornada 8	6
148	Clausura Jornada 9	6
149	Clausura Jornada 10	6
150	Clausura Jornada 11	6
151	Clausura Jornada 12	6
152	Clausura Jornada 13	6
153	Clausura Jornada 14	6
154	Clausura Jornada 15	6
155	Clausura Jornada 16	6
156	Clausura Jornada 17	6
157	Utilera	6
158	Viajes FEMEXFUT	6
159	Partidos Amistosos	7
160	Formacin Acadmica	7
161	Gastos Mdicos	7
162	Gastos Federativos	7
163	Material de Entrenamiento	7
164	Ropa Deportiva	7
165	Apertura Semifinal Ida	7
166	Apertura Semifinal Vuelta	7
167	Apertura Cuartos de Final Ida	7
168	Apertura Cuartos de Final Vuelta	7
169	Apertura Final Ida	7
170	Apertura Final Vuelta	7
171	Apertura Jornada 1	7
172	Apertura Jornada 2	7
173	Apertura Jornada 3	7
174	Apertura Jornada 4	7
175	Apertura Jornada 5	7
176	Apertura Jornada 6	7
177	Apertura Jornada 7	7
178	Apertura Jornada 8	7
179	Apertura Jornada 9	7
180	Apertura Jornada 10	7
181	Apertura Jornada 11	7
182	Apertura Jornada 12	7
183	Apertura Jornada 13	7
184	Apertura Jornada 14	7
185	Apertura Jornada 15	7
186	Apertura Jornada 16	7
187	Apertura Jornada 17	7
188	Clausura Semifinal Ida	7
189	Clausura Semifinal Vuelta	7
190	Clausura Cuartos de Final Ida	7
191	Clausura Cuartos de Final Vuelta	7
192	Clausura Final Ida	7
193	Clausura Final Vuelta	7
194	Clausura Jornada 1	7
195	Clausura Jornada 2	7
196	Clausura Jornada 3	7
197	Clausura Jornada 4	7
198	Clausura Jornada 5	7
199	Clausura Jornada 6	7
200	Clausura Jornada 7	7
201	Clausura Jornada 8	7
202	Clausura Jornada 9	7
203	Clausura Jornada 10	7
204	Clausura Jornada 11	7
205	Clausura Jornada 12	7
206	Clausura Jornada 13	7
207	Clausura Jornada 14	7
208	Clausura Jornada 15	7
209	Clausura Jornada 16	7
210	Clausura Jornada 17	7
211	Utilera	7
212	Viajes FEMEXFUT	7
213	Partidos Amistosos	8
214	Formacin Acadmica	8
215	Gastos Federativos	8
216	Ropa Deportiva	8
217	Material de Entrenamiento	8
218	Apertura Semifinal Ida	8
219	Apertura Semifinal Vuelta	8
220	Apertura Cuartos de Final Ida	8
221	Apertura Cuartos de Final Vuelta	8
222	Apertura Final Ida	8
223	Apertura Final Vuelta	8
224	Apertura Jornada 1	8
225	Apertura Jornada 2	8
226	Apertura Jornada 3	8
227	Apertura Jornada 4	8
228	Apertura Jornada 5	8
229	Apertura Jornada 6	8
230	Apertura Jornada 7	8
231	Apertura Jornada 8	8
232	Apertura Jornada 9	8
233	Apertura Jornada 10	8
234	Apertura Jornada 11	8
235	Apertura Jornada 12	8
236	Apertura Jornada 13	8
237	Apertura Jornada 14	8
238	Apertura Jornada 15	8
239	Apertura Jornada 16	8
240	Apertura Jornada 17	8
241	Clausura Semifinal Ida	8
242	Clausura Semifinal Vuelta	8
243	Clausura Cuartos de Final Ida	8
244	Clausura Cuartos de Final Vuelta	8
245	Clausura Final Ida	8
246	Clausura Final Vuelta	8
247	Clausura Jornada 1	8
248	Clausura Jornada 2	8
249	Clausura Jornada 3	8
250	Clausura Jornada 4	8
251	Clausura Jornada 5	8
252	Clausura Jornada 6	8
253	Clausura Jornada 7	8
254	Clausura Jornada 8	8
255	Clausura Jornada 9	8
256	Clausura Jornada 10	8
257	Clausura Jornada 11	8
258	Clausura Jornada 12	8
259	Clausura Jornada 13	8
260	Clausura Jornada 14	8
261	Clausura Jornada 15	8
262	Clausura Jornada 16	8
263	Clausura Jornada 17	8
264	Utilera	8
265	Viajes FEMEXFUT	8
266	Gastos Mdicos	8
267	Apertura Cuartos de Final Ida	9
268	Apertura Cuartos de Final Vuelta	9
269	Apertura Final Ida	9
270	Apertura Final Vuelta	9
271	Apertura Jornada 1	9
272	Apertura Jornada 2	9
273	Apertura Jornada 3	9
274	Apertura Jornada 4	9
275	Apertura Jornada 5	9
276	Apertura Jornada 6	9
277	Apertura Jornada 7	9
278	Apertura Jornada 8	9
279	Apertura Jornada 9	9
280	Apertura Jornada 10	9
281	Apertura Jornada 11	9
282	Apertura Jornada 12	9
283	Apertura Jornada 13	9
284	Apertura Jornada 14	9
285	Apertura Jornada 15	9
286	Apertura Jornada 16	9
287	Apertura Jornada 17	9
288	Apertura Semifinal Ida	9
289	Apertura Semifinal Vuelta	9
290	Clausura Cuartos de Final Ida	9
291	Clausura Cuartos de Final Vuelta	9
292	Clausura Final Ida	9
293	Clausura Final Vuelta	9
294	Clausura Jornada 1	9
295	Clausura Jornada 2	9
296	Clausura Jornada 3	9
297	Clausura Jornada 4	9
298	Clausura Jornada 5	9
299	Clausura Jornada 6	9
300	Clausura Jornada 7	9
301	Clausura Jornada 8	9
302	Clausura Jornada 9	9
303	Clausura Jornada 10	9
304	Clausura Jornada 11	9
305	Clausura Jornada 12	9
306	Clausura Jornada 13	9
307	Clausura Jornada 14	9
308	Clausura Jornada 15	9
309	Clausura Jornada 16	9
310	Clausura Jornada 17	9
311	Clausura Semifinal Ida	9
312	Clausura Semifinal Vuelta	9
313	Gastos de Administracin Deportiva	9
314	Capacitacin de Personal	9
315	CONCACAF Semifinal Ida	9
316	CONCACAF Semifinal Vuelta	9
317	CONCACAF Final Ida	9
318	CONCACAF Final Vuelta	9
319	CONCACAF Cuartos de Final Ida	9
320	CONCACAF Cuartos de Final Vuelta	9
321	CONCACAF Jornada 1	9
322	CONCACAF Jornada 2	9
323	CONCACAF Jornada 3	9
324	CONCACAF Jornada 4	9
325	CONCACAF Jornada 5	9
326	CONCACAF Jornada 6	9
327	Copa MX Apertura Final Ida	9
328	Copa MX Apertura Final Vuelta	9
329	Copa MX Apertura Semifinal Ida	9
330	Copa MX Apertura Semifinal Vuelta	9
331	Copa MX Apertura Cuartos de Final Ida	9
332	Copa MX Apertura Cuartos de Final Vuelta	9
333	Copa MX Apertura Jornada 1	9
334	Copa MX Apertura Jornada 2	9
335	Copa MX Apertura Jornada 3	9
336	Copa MX Apertura Jornada 4	9
337	Copa MX Apertura Jornada 5	9
338	Copa MX Apertura Jornada 6	9
339	Copa MX Clausura Final	9
340	Copa MX Clausura  Semifinal	9
341	Copa MX Clausura Cuartos de Final	9
342	Copa MX Clausura Llave 1 Ida	9
343	Copa MX Clausura Llave 1 Vuelta	9
344	Copa MX Clausura Llave 2 Ida	9
345	Copa MX Clausura Llave 2 Vuelta	9
346	Copa MX Clausura Llave 3 Ida	9
347	Copa MX Clausura Llave 3 Vuelta	9
348	Departamento Estadistico y Video	9
349	Gastos Federativos	9
350	Gastos Mdicos	9
351	Gastos de Invitados	9
352	Instalaciones Deportivas	9
353	Gastos de Jugadores de Nuevo Ingreso	9
354	Libertadores Jornada 1	9
355	Libertadores Cuartos de Final Vuelta	9
356	Libertadores Semifinal Ida	9
357	Libertadores Semifinal Vuelta	9
358	Libertadores Final Ida	9
359	Libertadores Final Vuelta	9
360	Libertadores Jornada 2	9
361	Libertadores Jornada 3	9
362	Libertadores Jornada 4	9
363	Libertadores Jornada 5	9
364	Libertadores Jornada 6	9
365	Libertadores Octavos Ida	9
366	Libertadores Octavos Vuelta	9
367	Libertadores Cuartos de Final Ida	9
368	Libertadores Repechaje Ida	9
369	Libertadores Repechaje Vuelta	9
370	Material de Entrenamiento	9
371	Nutricin	9
372	Otros Torneos o Amistosos	9
373	Pretemporada	9
374	Representantes de Jugadores	9
375	Ropa Deportiva	9
376	Ropa Deportiva Primer Equipo	9
377	Utilera	9
378	Viajes de Jugadores	9
379	Viajes FEMEXFUT	9
380	Visorias	9
381	2da Apertura Jornada 1	9
382	2da Apertura Jornada 2	9
383	2da Apertura Jornada 3	9
384	2da Apertura Jornada 4	9
385	2da Apertura Jornada 5	9
386	2da Apertura Jornada 6	9
387	2da Apertura Jornada 7	9
388	2da Apertura Jornada 8	9
389	2da Apertura Jornada 9	9
390	2da Apertura Jornada 10	9
391	2da Apertura Jornada 11	9
392	2da Apertura Jornada 12	9
393	2da Apertura Jornada 13	9
394	2da Apertura Jornada 14	9
395	2da Apertura Jornada 15	9
396	2da Apertura Jornada 16	9
397	2da Ropa Deportiva	9
398	2da Hermosillo	9
399	Apertura Jornada 1	11
400	Apertura Jornada 2	11
401	Apertura Jornada 3	11
402	Apertura Jornada 4	11
403	Apertura Jornada 5	11
404	Apertura Jornada 6	11
405	Apertura Jornada 7	11
406	Apertura Jornada 8	11
407	Apertura Jornada 9	11
408	Apertura Jornada 10	11
409	Apertura Jornada 11	11
410	Apertura Jornada 12	11
411	Apertura Jornada 13	11
412	Apertura Jornada 14	11
413	Apertura Jornada 15	11
414	Apertura Jornada 16	11
415	Apertura Jornada 17	11
416	Apertura Cuartos de Final Ida	11
417	Apertura Cuartos de Final Vuelta	11
418	Apertura Semifinal Ida	11
419	Apertura Semifinal Vuelta	11
420	Apertura Final Ida	11
421	Apertura Final Vuelta	11
422	Clausura jornada 1	12
423	Clausura Jornada 2	12
424	Clausura Jornada 3	12
425	Clausura Jornada 4	12
426	Clausura Jornada 5	12
427	Clausura Jornada 6	12
428	Clausura Jornada 7	12
429	Clausura Jornada 8	12
430	Clausura Jornada 9	12
431	Clausura Jornada 10	12
432	Clausura Jornada 11	12
433	Clausura Jornada 12	12
434	Clausura Jornada 13	12
435	Clausura Jornada 14	12
436	Clausura Jornada 15	12
437	Clausura Jornada 16	12
438	Clausura Jornada 17	12
439	Clausura Cuartos de Final Ida	12
440	Clausura Cuartos de Final Vuelta	12
441	Clausura Semifinal Ida	12
442	Clausura Semifinal Vuelta	12
443	Clausura Final Ida	12
444	Clausura Final Vuelta	12
445	Productos Financieros	15
446	Unidades de Negocio	15
447	Cix	15
448	Cix Dorados	15
449	Cix Ensenada	15
450	Cix Femenil Tecnolgico	15
451	Cix Florido	15
452	Cix Hipdromo	15
453	Cafetera Cix Hipdromo	15
454	Cix La Paz	15
455	Cix Playas	15
456	Cix Presidentes	15
457	Cix San Quintn	15
458	Cix San Quintn	15
459	Cix Reforma	15
460	Cix Rosarito	15
461	Cix Santa Fe	15
462	Cix Tecate	15
463	Cix Unidad Deportiva	15
464	Profesores	15
465	Administracin Cix	15
466	Fut-7	15
467	Fut-7 Administracin	15
468	Fut-7 rbitros	15
469	Fut-7 Florido	15
470	Fut-7 Hipdromo	15
471	Fut-7 Rosarito	15
472	Red Room	16
473	Black Room	16
474	Tienda Macroplaza	16
475	Tienda Minicity	16
476	Tienda Mexicali	16
477	Tienda Paseo 2000	16
478	Tienda Plaza Las Brisas	16
479	Tienda Plaza Ro	16
480	Tienda Virtual	16
481	Administracin Sucursales	16
482	Linea Outlet	16
483	Ingresos por Regalas	16
484	Tienda Almacn	16
485	Tienda Carrusel	16
486	Tienda Estadio	16
487	Eventos Especiales	16
488	Tienda Galeras	16
489	Tienda Hotel Pueblo Amigo	16
490	Prestacin de Servicios	16
491	PS Direccin Comercial	16
492	PS Gerencia Comercial	16
493	PS Gerencia de Comunicacin	16
494	PS Gerencia de Mercadotecnia	16
495	PS Gerencia de Responsabilidad Social	16
496	PS Direccin General Deportiva	16
497	PS Direccin Deportiva	16
498	PS Administracin Deportiva	16
499	PS Direccin Planeacin Estratgica	16
500	PS Relaciones Pblicas	16
501	PS Gerencia Administracin	16
502	PS Gerencia de Estadio	16
503	PS Gerencia Finanzas	16
504	PS Gerencia de Operaciones	16
505	Prestacin de Servicios Deportivo	16
506	Jugadores Primer Equipo	16
507	Staff Primer Equipo	16
508	Staff Fuerzas Bsicas	16
509	Segunda Divisin	16
510	Bonos Cuerpo Tcnico Primer Equipo	16
511	Bonos Jugadores Primer Equipo	16
512	Cuerpo Tcnico Primer Equipo	16
513	Cuerpo Tcnico Fuerzas Bsicas	16
514	Gastos de Asociacin Civil	17
\.


--
-- TOC entry 2685 (class 0 OID 0)
-- Dependencies: 212
-- Name: ic_subcategoria_id_subcategoria_seq; Type: SEQUENCE SET; Schema: public; Owner: icweb
--

SELECT pg_catalog.setval('ic_subcategoria_id_subcategoria_seq', 516, true);


--
-- TOC entry 2613 (class 0 OID 116214)
-- Dependencies: 213
-- Data for Name: ic_subcategoria_usuario; Type: TABLE DATA; Schema: public; Owner: icweb
--

COPY ic_subcategoria_usuario (id_subcategoria_usuario, id_fos_perfil, id_subcategoria) FROM stdin;
\.


--
-- TOC entry 2686 (class 0 OID 0)
-- Dependencies: 214
-- Name: ic_subcategoria_usuario_id_subcategoria_usuario_seq; Type: SEQUENCE SET; Schema: public; Owner: icweb
--

SELECT pg_catalog.setval('ic_subcategoria_usuario_id_subcategoria_usuario_seq', 1, false);


--
-- TOC entry 2624 (class 0 OID 116594)
-- Dependencies: 224
-- Data for Name: ic_ticket; Type: TABLE DATA; Schema: public; Owner: icweb
--

COPY ic_ticket (id, fecha_creado, descripcion_problema, imagen, fecha_finalizado, id_estatus, id_usuario_solicitante, titulo) FROM stdin;
1	2017-12-27	Probando, sistema de Tickets, y creo que le hace falta una parte del titulo , si no como sabremos de que se trata. \r\nla vida es alegre	10416801865a43f277e58f3.jpg	\N	1	11	\N
2	2017-12-27	Error en los tickets \r\nNo esta bien validado\r\n\r\nCONTROLLER\r\n                $estatus = $this->getDoctrine()->getRepository('IcFrontendBundle:IcEstatusTicket')->find(IcConfig::ESTATUS_NO_ASIGNADO);\r\nTWIG \r\n      {% elseif ticket.idEstatus.getId() == 2 %}\r\n                                    <td><span class="label label-primary">{{ ticket.idEstatus.getNombre() }}</span></td>\r\n            \r\n                                <td>Misael</td>\r\n                                <td>\r\n\r\nMal uso de .getNombre .getId()\r\n\r\nFALTA METODO PARA ASIGNAR UN TICKET A UN USUARIO.	\N	\N	1	11	\N
\.


--
-- TOC entry 2626 (class 0 OID 116614)
-- Dependencies: 226
-- Data for Name: ic_ticket_asignado; Type: TABLE DATA; Schema: public; Owner: icweb
--

COPY ic_ticket_asignado (id, id_ticket, id_usuario_asignado, fecha_asignado) FROM stdin;
\.


--
-- TOC entry 2687 (class 0 OID 0)
-- Dependencies: 227
-- Name: ic_ticket_asignado_id_seq; Type: SEQUENCE SET; Schema: public; Owner: icweb
--

SELECT pg_catalog.setval('ic_ticket_asignado_id_seq', 1, false);


--
-- TOC entry 2688 (class 0 OID 0)
-- Dependencies: 225
-- Name: ic_ticket_id_seq; Type: SEQUENCE SET; Schema: public; Owner: icweb
--

SELECT pg_catalog.setval('ic_ticket_id_seq', 2, true);


--
-- TOC entry 2689 (class 0 OID 0)
-- Dependencies: 215
-- Name: ic_usuario_id_usuario_seq; Type: SEQUENCE SET; Schema: public; Owner: icweb
--

SELECT pg_catalog.setval('ic_usuario_id_usuario_seq', 3, true);


--
-- TOC entry 2573 (class 0 OID 116082)
-- Dependencies: 173
-- Data for Name: usuarios; Type: TABLE DATA; Schema: public; Owner: icweb
--

COPY usuarios (id) FROM stdin;
\.


--
-- TOC entry 2360 (class 2606 OID 116228)
-- Name: fos_user_pkey; Type: CONSTRAINT; Schema: public; Owner: icweb; Tablespace: 
--

ALTER TABLE ONLY usuarios
    ADD CONSTRAINT fos_user_pkey PRIMARY KEY (id);


--
-- TOC entry 2355 (class 2606 OID 116230)
-- Name: fos_user_pkey1; Type: CONSTRAINT; Schema: public; Owner: icweb; Tablespace: 
--

ALTER TABLE ONLY fos_user
    ADD CONSTRAINT fos_user_pkey1 PRIMARY KEY (id);


--
-- TOC entry 2402 (class 2606 OID 116457)
-- Name: ic_acreditacion_pkey; Type: CONSTRAINT; Schema: public; Owner: icweb; Tablespace: 
--

ALTER TABLE ONLY ic_acreditacion
    ADD CONSTRAINT ic_acreditacion_pkey PRIMARY KEY (id);


--
-- TOC entry 2406 (class 2606 OID 116492)
-- Name: ic_acreditacion_tipo_pkey; Type: CONSTRAINT; Schema: public; Owner: icweb; Tablespace: 
--

ALTER TABLE ONLY ic_acreditacion_tipo
    ADD CONSTRAINT ic_acreditacion_tipo_pkey PRIMARY KEY (id);


--
-- TOC entry 2362 (class 2606 OID 116232)
-- Name: ic_area_pkey; Type: CONSTRAINT; Schema: public; Owner: icweb; Tablespace: 
--

ALTER TABLE ONLY ic_area
    ADD CONSTRAINT ic_area_pkey PRIMARY KEY (id_area);


--
-- TOC entry 2364 (class 2606 OID 116234)
-- Name: ic_categoria_pkey; Type: CONSTRAINT; Schema: public; Owner: icweb; Tablespace: 
--

ALTER TABLE ONLY ic_categoria
    ADD CONSTRAINT ic_categoria_pkey PRIMARY KEY (id_categoria);


--
-- TOC entry 2366 (class 2606 OID 116236)
-- Name: ic_categoria_usuario_pkey; Type: CONSTRAINT; Schema: public; Owner: icweb; Tablespace: 
--

ALTER TABLE ONLY ic_categoria_usuario
    ADD CONSTRAINT ic_categoria_usuario_pkey PRIMARY KEY (id_categoria_usuario);


--
-- TOC entry 2368 (class 2606 OID 116238)
-- Name: ic_centro_trabajo_pkey; Type: CONSTRAINT; Schema: public; Owner: icweb; Tablespace: 
--

ALTER TABLE ONLY ic_centro_trabajo
    ADD CONSTRAINT ic_centro_trabajo_pkey PRIMARY KEY (id_centro);


--
-- TOC entry 2414 (class 2606 OID 116638)
-- Name: ic_comentarios_pkey; Type: CONSTRAINT; Schema: public; Owner: icweb; Tablespace: 
--

ALTER TABLE ONLY ic_comentarios
    ADD CONSTRAINT ic_comentarios_pkey PRIMARY KEY (id);


--
-- TOC entry 2370 (class 2606 OID 116240)
-- Name: ic_compras_pkey; Type: CONSTRAINT; Schema: public; Owner: icweb; Tablespace: 
--

ALTER TABLE ONLY ic_compras
    ADD CONSTRAINT ic_compras_pkey PRIMARY KEY (id);


--
-- TOC entry 2372 (class 2606 OID 116242)
-- Name: ic_cuentas_de_mayor_pkey; Type: CONSTRAINT; Schema: public; Owner: icweb; Tablespace: 
--

ALTER TABLE ONLY ic_cuentas_de_mayor
    ADD CONSTRAINT ic_cuentas_de_mayor_pkey PRIMARY KEY (id);


--
-- TOC entry 2374 (class 2606 OID 116244)
-- Name: ic_direccion_pkey; Type: CONSTRAINT; Schema: public; Owner: icweb; Tablespace: 
--

ALTER TABLE ONLY ic_direccion
    ADD CONSTRAINT ic_direccion_pkey PRIMARY KEY (id_direccion);


--
-- TOC entry 2376 (class 2606 OID 116246)
-- Name: ic_documento_compras_pkey; Type: CONSTRAINT; Schema: public; Owner: icweb; Tablespace: 
--

ALTER TABLE ONLY ic_documento_compras
    ADD CONSTRAINT ic_documento_compras_pkey PRIMARY KEY (id);


--
-- TOC entry 2408 (class 2606 OID 116591)
-- Name: ic_estatus_ticket_pkey; Type: CONSTRAINT; Schema: public; Owner: icweb; Tablespace: 
--

ALTER TABLE ONLY ic_estatus_ticket
    ADD CONSTRAINT ic_estatus_ticket_pkey PRIMARY KEY (id);


--
-- TOC entry 2382 (class 2606 OID 116248)
-- Name: ic_gerencia_pkey; Type: CONSTRAINT; Schema: public; Owner: icweb; Tablespace: 
--

ALTER TABLE ONLY ic_gerencia
    ADD CONSTRAINT ic_gerencia_pkey PRIMARY KEY (id_gerencia);


--
-- TOC entry 2416 (class 2606 OID 116655)
-- Name: ic_historial_ticket_pkey; Type: CONSTRAINT; Schema: public; Owner: icweb; Tablespace: 
--

ALTER TABLE ONLY ic_historial_ticket
    ADD CONSTRAINT ic_historial_ticket_pkey PRIMARY KEY (id);


--
-- TOC entry 2384 (class 2606 OID 116250)
-- Name: ic_mensajes_pkey; Type: CONSTRAINT; Schema: public; Owner: icweb; Tablespace: 
--

ALTER TABLE ONLY ic_mensajes
    ADD CONSTRAINT ic_mensajes_pkey PRIMARY KEY (id);


--
-- TOC entry 2386 (class 2606 OID 116252)
-- Name: ic_puesto_pkey; Type: CONSTRAINT; Schema: public; Owner: icweb; Tablespace: 
--

ALTER TABLE ONLY ic_puesto
    ADD CONSTRAINT ic_puesto_pkey PRIMARY KEY (id_puesto);


--
-- TOC entry 2404 (class 2606 OID 116471)
-- Name: ic_qr_pkey; Type: CONSTRAINT; Schema: public; Owner: icweb; Tablespace: 
--

ALTER TABLE ONLY ic_acreditacion_qr
    ADD CONSTRAINT ic_qr_pkey PRIMARY KEY (id);


--
-- TOC entry 2390 (class 2606 OID 116254)
-- Name: ic_solicitud_anticipo_pkey; Type: CONSTRAINT; Schema: public; Owner: icweb; Tablespace: 
--

ALTER TABLE ONLY ic_solicitud_anticipo
    ADD CONSTRAINT ic_solicitud_anticipo_pkey PRIMARY KEY (id);


--
-- TOC entry 2392 (class 2606 OID 116256)
-- Name: ic_solicitud_general_pkey; Type: CONSTRAINT; Schema: public; Owner: icweb; Tablespace: 
--

ALTER TABLE ONLY ic_solicitud_general
    ADD CONSTRAINT ic_solicitud_general_pkey PRIMARY KEY (id);


--
-- TOC entry 2388 (class 2606 OID 116258)
-- Name: ic_solicitud_pkey; Type: CONSTRAINT; Schema: public; Owner: icweb; Tablespace: 
--

ALTER TABLE ONLY ic_solicitud
    ADD CONSTRAINT ic_solicitud_pkey PRIMARY KEY (id);


--
-- TOC entry 2394 (class 2606 OID 116260)
-- Name: ic_solicitud_reembolso_comprobacion_pkey; Type: CONSTRAINT; Schema: public; Owner: icweb; Tablespace: 
--

ALTER TABLE ONLY ic_solicitud_reembolso_comprobacion
    ADD CONSTRAINT ic_solicitud_reembolso_comprobacion_pkey PRIMARY KEY (id);


--
-- TOC entry 2396 (class 2606 OID 116262)
-- Name: ic_solicitud_requisicion_pkey; Type: CONSTRAINT; Schema: public; Owner: icweb; Tablespace: 
--

ALTER TABLE ONLY ic_solicitud_requisicion
    ADD CONSTRAINT ic_solicitud_requisicion_pkey PRIMARY KEY (id);


--
-- TOC entry 2378 (class 2606 OID 116264)
-- Name: ic_status_solicitud_pkey; Type: CONSTRAINT; Schema: public; Owner: icweb; Tablespace: 
--

ALTER TABLE ONLY ic_estatus_solicitud
    ADD CONSTRAINT ic_status_solicitud_pkey PRIMARY KEY (id);


--
-- TOC entry 2398 (class 2606 OID 116266)
-- Name: ic_subcategoria_pkey; Type: CONSTRAINT; Schema: public; Owner: icweb; Tablespace: 
--

ALTER TABLE ONLY ic_subcategoria
    ADD CONSTRAINT ic_subcategoria_pkey PRIMARY KEY (id_subcategoria);


--
-- TOC entry 2400 (class 2606 OID 116268)
-- Name: ic_subcategoria_usuario_pkey; Type: CONSTRAINT; Schema: public; Owner: icweb; Tablespace: 
--

ALTER TABLE ONLY ic_subcategoria_usuario
    ADD CONSTRAINT ic_subcategoria_usuario_pkey PRIMARY KEY (id_subcategoria_usuario);


--
-- TOC entry 2412 (class 2606 OID 116618)
-- Name: ic_ticket_asignado_pkey; Type: CONSTRAINT; Schema: public; Owner: icweb; Tablespace: 
--

ALTER TABLE ONLY ic_ticket_asignado
    ADD CONSTRAINT ic_ticket_asignado_pkey PRIMARY KEY (id);


--
-- TOC entry 2410 (class 2606 OID 116601)
-- Name: ic_ticket_pkey; Type: CONSTRAINT; Schema: public; Owner: icweb; Tablespace: 
--

ALTER TABLE ONLY ic_ticket
    ADD CONSTRAINT ic_ticket_pkey PRIMARY KEY (id);


--
-- TOC entry 2380 (class 2606 OID 116270)
-- Name: ic_usuario_pkey; Type: CONSTRAINT; Schema: public; Owner: icweb; Tablespace: 
--

ALTER TABLE ONLY ic_fos_perfil
    ADD CONSTRAINT ic_usuario_pkey PRIMARY KEY (id_perfil);


--
-- TOC entry 2356 (class 1259 OID 116271)
-- Name: uniq_957a647992fc23a8; Type: INDEX; Schema: public; Owner: icweb; Tablespace: 
--

CREATE UNIQUE INDEX uniq_957a647992fc23a8 ON fos_user USING btree (username_canonical);


--
-- TOC entry 2357 (class 1259 OID 116272)
-- Name: uniq_957a6479a0d96fbf; Type: INDEX; Schema: public; Owner: icweb; Tablespace: 
--

CREATE UNIQUE INDEX uniq_957a6479a0d96fbf ON fos_user USING btree (email_canonical);


--
-- TOC entry 2358 (class 1259 OID 116273)
-- Name: uniq_957a6479c05fb297; Type: INDEX; Schema: public; Owner: icweb; Tablespace: 
--

CREATE UNIQUE INDEX uniq_957a6479c05fb297 ON fos_user USING btree (confirmation_token);


--
-- TOC entry 2451 (class 2606 OID 116472)
-- Name: ic_acreditacion_id_acreditacion_qr_fkey; Type: FK CONSTRAINT; Schema: public; Owner: icweb
--

ALTER TABLE ONLY ic_acreditacion
    ADD CONSTRAINT ic_acreditacion_id_acreditacion_qr_fkey FOREIGN KEY (id_acreditacion_qr) REFERENCES ic_acreditacion_qr(id) ON UPDATE CASCADE ON DELETE CASCADE;


--
-- TOC entry 2452 (class 2606 OID 116498)
-- Name: ic_acreditacion_id_acreditacion_tipo_fkey; Type: FK CONSTRAINT; Schema: public; Owner: icweb
--

ALTER TABLE ONLY ic_acreditacion
    ADD CONSTRAINT ic_acreditacion_id_acreditacion_tipo_fkey FOREIGN KEY (id_acreditacion_tipo) REFERENCES ic_acreditacion_tipo(id) ON UPDATE CASCADE ON DELETE CASCADE;


--
-- TOC entry 2453 (class 2606 OID 116508)
-- Name: ic_acreditacion_id_fos_perfil_fkey; Type: FK CONSTRAINT; Schema: public; Owner: icweb
--

ALTER TABLE ONLY ic_acreditacion
    ADD CONSTRAINT ic_acreditacion_id_fos_perfil_fkey FOREIGN KEY (id_fos_perfil) REFERENCES ic_fos_perfil(id_perfil) ON UPDATE CASCADE ON DELETE CASCADE;


--
-- TOC entry 2455 (class 2606 OID 116503)
-- Name: ic_acreditacion_qr_id_acreditacion_fkey; Type: FK CONSTRAINT; Schema: public; Owner: icweb
--

ALTER TABLE ONLY ic_acreditacion_qr
    ADD CONSTRAINT ic_acreditacion_qr_id_acreditacion_fkey FOREIGN KEY (id_acreditacion) REFERENCES ic_acreditacion(id) ON UPDATE CASCADE ON DELETE CASCADE;


--
-- TOC entry 2454 (class 2606 OID 116493)
-- Name: ic_acreditacion_qr_tipo_fkey; Type: FK CONSTRAINT; Schema: public; Owner: icweb
--

ALTER TABLE ONLY ic_acreditacion_qr
    ADD CONSTRAINT ic_acreditacion_qr_tipo_fkey FOREIGN KEY (id_acreditacion_tipo) REFERENCES ic_acreditacion_tipo(id) ON UPDATE CASCADE ON DELETE CASCADE;


--
-- TOC entry 2417 (class 2606 OID 116274)
-- Name: ic_area_id_gerencia_fkey; Type: FK CONSTRAINT; Schema: public; Owner: icweb
--

ALTER TABLE ONLY ic_area
    ADD CONSTRAINT ic_area_id_gerencia_fkey FOREIGN KEY (id_gerencia) REFERENCES ic_gerencia(id_gerencia);


--
-- TOC entry 2418 (class 2606 OID 116279)
-- Name: ic_categoria_usuario_id_categoria_fkey; Type: FK CONSTRAINT; Schema: public; Owner: icweb
--

ALTER TABLE ONLY ic_categoria_usuario
    ADD CONSTRAINT ic_categoria_usuario_id_categoria_fkey FOREIGN KEY (id_categoria) REFERENCES ic_categoria(id_categoria) ON UPDATE CASCADE ON DELETE CASCADE;


--
-- TOC entry 2419 (class 2606 OID 116284)
-- Name: ic_categoria_usuario_id_usuario_fkey; Type: FK CONSTRAINT; Schema: public; Owner: icweb
--

ALTER TABLE ONLY ic_categoria_usuario
    ADD CONSTRAINT ic_categoria_usuario_id_usuario_fkey FOREIGN KEY (id_fos_perfil) REFERENCES ic_fos_perfil(id_perfil);


--
-- TOC entry 2460 (class 2606 OID 116639)
-- Name: ic_comentarios_id_ticket_fkey; Type: FK CONSTRAINT; Schema: public; Owner: icweb
--

ALTER TABLE ONLY ic_comentarios
    ADD CONSTRAINT ic_comentarios_id_ticket_fkey FOREIGN KEY (id_ticket) REFERENCES ic_ticket(id) ON UPDATE CASCADE ON DELETE CASCADE;


--
-- TOC entry 2461 (class 2606 OID 116644)
-- Name: ic_comentarios_id_usuario_fkey; Type: FK CONSTRAINT; Schema: public; Owner: icweb
--

ALTER TABLE ONLY ic_comentarios
    ADD CONSTRAINT ic_comentarios_id_usuario_fkey FOREIGN KEY (id_usuario) REFERENCES ic_fos_perfil(id_perfil) ON UPDATE CASCADE ON DELETE CASCADE;


--
-- TOC entry 2420 (class 2606 OID 116289)
-- Name: ic_compras_id_solicitud_general_fkey; Type: FK CONSTRAINT; Schema: public; Owner: icweb
--

ALTER TABLE ONLY ic_compras
    ADD CONSTRAINT ic_compras_id_solicitud_general_fkey FOREIGN KEY (id_solicitud_general) REFERENCES ic_solicitud_general(id);


--
-- TOC entry 2421 (class 2606 OID 116294)
-- Name: ic_direccion_id_centro_fkey; Type: FK CONSTRAINT; Schema: public; Owner: icweb
--

ALTER TABLE ONLY ic_direccion
    ADD CONSTRAINT ic_direccion_id_centro_fkey FOREIGN KEY (id_centro) REFERENCES ic_centro_trabajo(id_centro);


--
-- TOC entry 2422 (class 2606 OID 116299)
-- Name: ic_documento_compras_id_solicitud_general_fkey; Type: FK CONSTRAINT; Schema: public; Owner: icweb
--

ALTER TABLE ONLY ic_documento_compras
    ADD CONSTRAINT ic_documento_compras_id_solicitud_general_fkey FOREIGN KEY (id_solicitud_general) REFERENCES ic_solicitud_general(id);


--
-- TOC entry 2423 (class 2606 OID 116304)
-- Name: ic_estatus_solicitud_id_usuario_fkey; Type: FK CONSTRAINT; Schema: public; Owner: icweb
--

ALTER TABLE ONLY ic_estatus_solicitud
    ADD CONSTRAINT ic_estatus_solicitud_id_usuario_fkey FOREIGN KEY (id_usuario) REFERENCES fos_user(id);


--
-- TOC entry 2425 (class 2606 OID 116309)
-- Name: ic_fos_perfil_id_area_fkey; Type: FK CONSTRAINT; Schema: public; Owner: icweb
--

ALTER TABLE ONLY ic_fos_perfil
    ADD CONSTRAINT ic_fos_perfil_id_area_fkey FOREIGN KEY (id_area) REFERENCES ic_area(id_area) ON UPDATE CASCADE ON DELETE RESTRICT;


--
-- TOC entry 2426 (class 2606 OID 116314)
-- Name: ic_fos_perfil_id_centro_fkey; Type: FK CONSTRAINT; Schema: public; Owner: icweb
--

ALTER TABLE ONLY ic_fos_perfil
    ADD CONSTRAINT ic_fos_perfil_id_centro_fkey FOREIGN KEY (id_centro) REFERENCES ic_centro_trabajo(id_centro) ON UPDATE CASCADE ON DELETE CASCADE;


--
-- TOC entry 2427 (class 2606 OID 116319)
-- Name: ic_fos_perfil_id_direccion_fkey; Type: FK CONSTRAINT; Schema: public; Owner: icweb
--

ALTER TABLE ONLY ic_fos_perfil
    ADD CONSTRAINT ic_fos_perfil_id_direccion_fkey FOREIGN KEY (id_direccion) REFERENCES ic_direccion(id_direccion) ON UPDATE CASCADE ON DELETE CASCADE;


--
-- TOC entry 2428 (class 2606 OID 116324)
-- Name: ic_fos_perfil_id_fos_fkey; Type: FK CONSTRAINT; Schema: public; Owner: icweb
--

ALTER TABLE ONLY ic_fos_perfil
    ADD CONSTRAINT ic_fos_perfil_id_fos_fkey FOREIGN KEY (id_fos) REFERENCES fos_user(id) ON UPDATE CASCADE ON DELETE CASCADE;


--
-- TOC entry 2429 (class 2606 OID 116329)
-- Name: ic_fos_perfil_id_gerencia_fkey; Type: FK CONSTRAINT; Schema: public; Owner: icweb
--

ALTER TABLE ONLY ic_fos_perfil
    ADD CONSTRAINT ic_fos_perfil_id_gerencia_fkey FOREIGN KEY (id_gerencia) REFERENCES ic_gerencia(id_gerencia) ON UPDATE CASCADE ON DELETE CASCADE;


--
-- TOC entry 2430 (class 2606 OID 116334)
-- Name: ic_fos_perfil_id_puesto_fkey; Type: FK CONSTRAINT; Schema: public; Owner: icweb
--

ALTER TABLE ONLY ic_fos_perfil
    ADD CONSTRAINT ic_fos_perfil_id_puesto_fkey FOREIGN KEY (id_puesto) REFERENCES ic_puesto(id_puesto) ON UPDATE CASCADE ON DELETE CASCADE;


--
-- TOC entry 2431 (class 2606 OID 116339)
-- Name: ic_gerencia_id_direccion_fkey; Type: FK CONSTRAINT; Schema: public; Owner: icweb
--

ALTER TABLE ONLY ic_gerencia
    ADD CONSTRAINT ic_gerencia_id_direccion_fkey FOREIGN KEY (id_direccion) REFERENCES ic_direccion(id_direccion);


--
-- TOC entry 2462 (class 2606 OID 116656)
-- Name: ic_historial_ticket_id_ticket_fkey; Type: FK CONSTRAINT; Schema: public; Owner: icweb
--

ALTER TABLE ONLY ic_historial_ticket
    ADD CONSTRAINT ic_historial_ticket_id_ticket_fkey FOREIGN KEY (id_ticket) REFERENCES ic_ticket(id) ON UPDATE CASCADE ON DELETE CASCADE;


--
-- TOC entry 2432 (class 2606 OID 116344)
-- Name: ic_mensajes_id_fos_destinatario_fkey; Type: FK CONSTRAINT; Schema: public; Owner: icweb
--

ALTER TABLE ONLY ic_mensajes
    ADD CONSTRAINT ic_mensajes_id_fos_destinatario_fkey FOREIGN KEY (id_fos_destinatario) REFERENCES fos_user(id);


--
-- TOC entry 2433 (class 2606 OID 116349)
-- Name: ic_mensajes_id_fos_remitente_fkey; Type: FK CONSTRAINT; Schema: public; Owner: icweb
--

ALTER TABLE ONLY ic_mensajes
    ADD CONSTRAINT ic_mensajes_id_fos_remitente_fkey FOREIGN KEY (id_fos_remitente) REFERENCES fos_user(id);


--
-- TOC entry 2436 (class 2606 OID 116523)
-- Name: ic_solicitud_anticipo_id_solicitud_fkey; Type: FK CONSTRAINT; Schema: public; Owner: icweb
--

ALTER TABLE ONLY ic_solicitud_anticipo
    ADD CONSTRAINT ic_solicitud_anticipo_id_solicitud_fkey FOREIGN KEY (id_solicitud) REFERENCES ic_solicitud(id);


--
-- TOC entry 2434 (class 2606 OID 116359)
-- Name: ic_solicitud_anticipo_id_solicitud_general_fkey; Type: FK CONSTRAINT; Schema: public; Owner: icweb
--

ALTER TABLE ONLY ic_solicitud_anticipo
    ADD CONSTRAINT ic_solicitud_anticipo_id_solicitud_general_fkey FOREIGN KEY (id_solicitud_general) REFERENCES ic_solicitud_general(id);


--
-- TOC entry 2435 (class 2606 OID 116369)
-- Name: ic_solicitud_anticipo_id_usuario_fkey; Type: FK CONSTRAINT; Schema: public; Owner: icweb
--

ALTER TABLE ONLY ic_solicitud_anticipo
    ADD CONSTRAINT ic_solicitud_anticipo_id_usuario_fkey FOREIGN KEY (id_usuario) REFERENCES fos_user(id) ON UPDATE CASCADE ON DELETE CASCADE;


--
-- TOC entry 2437 (class 2606 OID 116374)
-- Name: ic_solicitud_general_estatus_solicitud_fkey; Type: FK CONSTRAINT; Schema: public; Owner: icweb
--

ALTER TABLE ONLY ic_solicitud_general
    ADD CONSTRAINT ic_solicitud_general_estatus_solicitud_fkey FOREIGN KEY (estatus_solicitud) REFERENCES ic_estatus_solicitud(id);


--
-- TOC entry 2438 (class 2606 OID 116379)
-- Name: ic_solicitud_general_id_centro_trabajo_fkey; Type: FK CONSTRAINT; Schema: public; Owner: icweb
--

ALTER TABLE ONLY ic_solicitud_general
    ADD CONSTRAINT ic_solicitud_general_id_centro_trabajo_fkey FOREIGN KEY (id_centro_trabajo) REFERENCES ic_centro_trabajo(id_centro) ON UPDATE CASCADE ON DELETE CASCADE;


--
-- TOC entry 2439 (class 2606 OID 116384)
-- Name: ic_solicitud_general_id_tipo_solicitud_fkey; Type: FK CONSTRAINT; Schema: public; Owner: icweb
--

ALTER TABLE ONLY ic_solicitud_general
    ADD CONSTRAINT ic_solicitud_general_id_tipo_solicitud_fkey FOREIGN KEY (id_solicitud) REFERENCES ic_solicitud(id);


--
-- TOC entry 2440 (class 2606 OID 116389)
-- Name: ic_solicitud_general_id_usuario_fkey; Type: FK CONSTRAINT; Schema: public; Owner: icweb
--

ALTER TABLE ONLY ic_solicitud_general
    ADD CONSTRAINT ic_solicitud_general_id_usuario_fkey FOREIGN KEY (id_usuario) REFERENCES fos_user(id) ON UPDATE CASCADE ON DELETE CASCADE;


--
-- TOC entry 2441 (class 2606 OID 116394)
-- Name: ic_solicitud_general_id_usuario_fkey1; Type: FK CONSTRAINT; Schema: public; Owner: icweb
--

ALTER TABLE ONLY ic_solicitud_general
    ADD CONSTRAINT ic_solicitud_general_id_usuario_fkey1 FOREIGN KEY (id_usuario) REFERENCES fos_user(id) ON UPDATE CASCADE ON DELETE CASCADE;


--
-- TOC entry 2442 (class 2606 OID 116399)
-- Name: ic_solicitud_reembolso_comprobacion_id_solicitud_fkey; Type: FK CONSTRAINT; Schema: public; Owner: icweb
--

ALTER TABLE ONLY ic_solicitud_reembolso_comprobacion
    ADD CONSTRAINT ic_solicitud_reembolso_comprobacion_id_solicitud_fkey FOREIGN KEY (id_solicitud) REFERENCES ic_solicitud(id) ON UPDATE CASCADE ON DELETE CASCADE;


--
-- TOC entry 2443 (class 2606 OID 116404)
-- Name: ic_solicitud_reembolso_comprobacion_id_solicitud_general_fkey; Type: FK CONSTRAINT; Schema: public; Owner: icweb
--

ALTER TABLE ONLY ic_solicitud_reembolso_comprobacion
    ADD CONSTRAINT ic_solicitud_reembolso_comprobacion_id_solicitud_general_fkey FOREIGN KEY (id_solicitud_general) REFERENCES ic_solicitud_general(id);


--
-- TOC entry 2444 (class 2606 OID 116409)
-- Name: ic_solicitud_reembolso_comprobacion_id_usuario_fkey; Type: FK CONSTRAINT; Schema: public; Owner: icweb
--

ALTER TABLE ONLY ic_solicitud_reembolso_comprobacion
    ADD CONSTRAINT ic_solicitud_reembolso_comprobacion_id_usuario_fkey FOREIGN KEY (id_usuario) REFERENCES fos_user(id) ON UPDATE CASCADE ON DELETE CASCADE;


--
-- TOC entry 2447 (class 2606 OID 116518)
-- Name: ic_solicitud_requisicion_id_solicitud_fkey; Type: FK CONSTRAINT; Schema: public; Owner: icweb
--

ALTER TABLE ONLY ic_solicitud_requisicion
    ADD CONSTRAINT ic_solicitud_requisicion_id_solicitud_fkey FOREIGN KEY (id_solicitud) REFERENCES ic_solicitud(id);


--
-- TOC entry 2445 (class 2606 OID 116414)
-- Name: ic_solicitud_requisicion_id_solicitud_general_fkey; Type: FK CONSTRAINT; Schema: public; Owner: icweb
--

ALTER TABLE ONLY ic_solicitud_requisicion
    ADD CONSTRAINT ic_solicitud_requisicion_id_solicitud_general_fkey FOREIGN KEY (id_solicitud_general) REFERENCES ic_solicitud_general(id);


--
-- TOC entry 2446 (class 2606 OID 116419)
-- Name: ic_solicitud_requisicion_id_usuario_fkey; Type: FK CONSTRAINT; Schema: public; Owner: icweb
--

ALTER TABLE ONLY ic_solicitud_requisicion
    ADD CONSTRAINT ic_solicitud_requisicion_id_usuario_fkey FOREIGN KEY (id_usuario) REFERENCES fos_user(id) ON UPDATE CASCADE ON DELETE CASCADE;


--
-- TOC entry 2424 (class 2606 OID 116424)
-- Name: ic_status_solicitud_id_solicitud_general_fkey; Type: FK CONSTRAINT; Schema: public; Owner: icweb
--

ALTER TABLE ONLY ic_estatus_solicitud
    ADD CONSTRAINT ic_status_solicitud_id_solicitud_general_fkey FOREIGN KEY (id_solicitud_general) REFERENCES ic_solicitud_general(id);


--
-- TOC entry 2448 (class 2606 OID 116429)
-- Name: ic_subcategoria_id_categoria_fkey; Type: FK CONSTRAINT; Schema: public; Owner: icweb
--

ALTER TABLE ONLY ic_subcategoria
    ADD CONSTRAINT ic_subcategoria_id_categoria_fkey FOREIGN KEY (id_categoria) REFERENCES ic_categoria(id_categoria);


--
-- TOC entry 2449 (class 2606 OID 116434)
-- Name: ic_subcategoria_usuario_id_subcategoria_fkey; Type: FK CONSTRAINT; Schema: public; Owner: icweb
--

ALTER TABLE ONLY ic_subcategoria_usuario
    ADD CONSTRAINT ic_subcategoria_usuario_id_subcategoria_fkey FOREIGN KEY (id_subcategoria) REFERENCES ic_subcategoria(id_subcategoria) ON UPDATE CASCADE ON DELETE CASCADE;


--
-- TOC entry 2450 (class 2606 OID 116439)
-- Name: ic_subcategoria_usuario_id_usuario_fkey; Type: FK CONSTRAINT; Schema: public; Owner: icweb
--

ALTER TABLE ONLY ic_subcategoria_usuario
    ADD CONSTRAINT ic_subcategoria_usuario_id_usuario_fkey FOREIGN KEY (id_fos_perfil) REFERENCES ic_fos_perfil(id_perfil);


--
-- TOC entry 2458 (class 2606 OID 116619)
-- Name: ic_ticket_asignado_id_ticket_fkey; Type: FK CONSTRAINT; Schema: public; Owner: icweb
--

ALTER TABLE ONLY ic_ticket_asignado
    ADD CONSTRAINT ic_ticket_asignado_id_ticket_fkey FOREIGN KEY (id_ticket) REFERENCES ic_ticket(id) ON UPDATE CASCADE ON DELETE CASCADE;


--
-- TOC entry 2459 (class 2606 OID 116624)
-- Name: ic_ticket_asignado_id_usuario_asignado_fkey; Type: FK CONSTRAINT; Schema: public; Owner: icweb
--

ALTER TABLE ONLY ic_ticket_asignado
    ADD CONSTRAINT ic_ticket_asignado_id_usuario_asignado_fkey FOREIGN KEY (id_usuario_asignado) REFERENCES ic_fos_perfil(id_perfil) ON UPDATE CASCADE ON DELETE CASCADE;


--
-- TOC entry 2456 (class 2606 OID 116602)
-- Name: ic_ticket_id_estatus_fkey; Type: FK CONSTRAINT; Schema: public; Owner: icweb
--

ALTER TABLE ONLY ic_ticket
    ADD CONSTRAINT ic_ticket_id_estatus_fkey FOREIGN KEY (id_estatus) REFERENCES ic_estatus_ticket(id) ON UPDATE CASCADE ON DELETE CASCADE;


--
-- TOC entry 2457 (class 2606 OID 116607)
-- Name: ic_ticket_id_usuario_solicitante_fkey; Type: FK CONSTRAINT; Schema: public; Owner: icweb
--

ALTER TABLE ONLY ic_ticket
    ADD CONSTRAINT ic_ticket_id_usuario_solicitante_fkey FOREIGN KEY (id_usuario_solicitante) REFERENCES ic_fos_perfil(id_perfil) ON UPDATE CASCADE ON DELETE CASCADE;


--
-- TOC entry 2638 (class 0 OID 0)
-- Dependencies: 5
-- Name: public; Type: ACL; Schema: -; Owner: postgres
--

REVOKE ALL ON SCHEMA public FROM PUBLIC;
REVOKE ALL ON SCHEMA public FROM postgres;
GRANT ALL ON SCHEMA public TO postgres;
GRANT ALL ON SCHEMA public TO PUBLIC;


-- Completed on 2017-12-27 18:46:19 PST

--
-- PostgreSQL database dump complete
--

